{
"type": "FeatureCollection",
"name": "rivers_by_basin",
"crs": { "type": "name", "properties": { "name": "urn:ogc:def:crs:OGC:1.3:CRS84" } },
"features": [
{ "type": "Feature", "properties": { "HYRIV_ID": 20579674, "ORD_STRA": 1, "HYBAS_L12": 2120615320.0, "HYBAS_ID": 2120615320 }, "geometry": { "type": "LineString", "coordinates": [ [ -8.354166666666913, 41.572916666666224 ], [ -8.364583333333599, 41.572916666666224 ], [ -8.368750000000261, 41.568749999999561 ], [ -8.377083333333587, 41.568749999999561 ], [ -8.385416666666941, 41.560416666666207 ], [ -8.39375000000021, 41.560416666666207 ], [ -8.402083333333564, 41.552083333332881 ], [ -8.406250000000227, 41.552083333332881 ], [ -8.408333333333111, 41.55 ] ] } },
{ "type": "Feature", "properties": { "HYRIV_ID": 20579074, "ORD_STRA": 1, "HYBAS_L12": 2121213570.0, "HYBAS_ID": 2121213570 }, "geometry": { "type": "LineString", "coordinates": [ [ -8.452083333333604, 41.55 ], [ -8.452083333333604, 41.560416666666207 ], [ -8.447916666666941, 41.564583333332855 ], [ -8.452083333333604, 41.568749999999561 ] ] } },
{ "type": "Feature", "properties": { "HYRIV_ID": 20578716, "ORD_STRA": 1, "HYBAS_L12": 2121213570.0, "HYBAS_ID": 2121213570 }, "geometry": { "type": "LineString", "coordinates": [ [ -8.445833333333525, 41.568749999999561 ], [ -8.452083333333604, 41.568749999999561 ] ] } },
{ "type": "Feature", "properties": { "HYRIV_ID": 20578715, "ORD_STRA": 2, "HYBAS_L12": 2121213570.0, "HYBAS_ID": 2121213570 }, "geometry": { "type": "LineString", "coordinates": [ [ -8.452083333333604, 41.568749999999561 ], [ -8.460416666666873, 41.568749999999561 ], [ -8.468750000000227, 41.577083333332872 ], [ -8.47291666666689, 41.572916666666224 ], [ -8.477083333333582, 41.572916666666224 ], [ -8.481250000000244, 41.577083333332872 ], [ -8.489583333333599, 41.577083333332872 ] ] } },
{ "type": "Feature", "properties": { "HYRIV_ID": 20578158, "ORD_STRA": 1, "HYBAS_L12": 2120610260.0, "HYBAS_ID": 2120610260 }, "geometry": { "type": "LineString", "coordinates": [ [ -8.418750000000244, 41.591666666666221 ], [ -8.418750000000244, 41.602083333332864 ] ] } },
{ "type": "Feature", "properties": { "HYRIV_ID": 20578227, "ORD_STRA": 4, "HYBAS_L12": 2121213570.0, "HYBAS_ID": 2121213570 }, "geometry": { "type": "LineString", "coordinates": [ [ -8.447916666666941, 41.606249999999527 ], [ -8.452083333333604, 41.606249999999527 ], [ -8.456250000000267, 41.602083333332864 ], [ -8.460416666666873, 41.602083333332864 ], [ -8.464583333333564, 41.597916666666215 ], [ -8.468750000000227, 41.597916666666215 ], [ -8.477083333333582, 41.589583333332847 ] ] } },
{ "type": "Feature", "properties": { "HYRIV_ID": 20577974, "ORD_STRA": 4, "HYBAS_L12": 2120610260.0, "HYBAS_ID": 2120610260 }, "geometry": { "type": "LineString", "coordinates": [ [ -8.418750000000244, 41.602083333332864 ], [ -8.422916666666936, 41.606249999999527 ], [ -8.427083333333599, 41.606249999999527 ] ] } },
{ "type": "Feature", "properties": { "HYRIV_ID": 20577897, "ORD_STRA": 4, "HYBAS_L12": 2121213570.0, "HYBAS_ID": 2121213570 }, "geometry": { "type": "LineString", "coordinates": [ [ -8.427083333333599, 41.606249999999527 ], [ -8.447916666666941, 41.606249999999527 ] ] } },
{ "type": "Feature", "properties": { "HYRIV_ID": 20577975, "ORD_STRA": 4, "HYBAS_L12": 2120610260.0, "HYBAS_ID": 2120610260 }, "geometry": { "type": "LineString", "coordinates": [ [ -8.39375000000021, 41.610416666666232 ], [ -8.410416666666919, 41.610416666666232 ], [ -8.418750000000244, 41.602083333332864 ] ] } },
{ "type": "Feature", "properties": { "HYRIV_ID": 20577899, "ORD_STRA": 1, "HYBAS_L12": 2120610260.0, "HYBAS_ID": 2120610260 }, "geometry": { "type": "LineString", "coordinates": [ [ -8.39375000000021, 41.604166666666195 ], [ -8.39375000000021, 41.610416666666232 ] ] } },
{ "type": "Feature", "properties": { "HYRIV_ID": 20579591, "ORD_STRA": 1, "HYBAS_L12": 2121213570.0, "HYBAS_ID": 2121213570 }, "geometry": { "type": "LineString", "coordinates": [ [ -8.520833333334021, 41.55 ], [ -8.527083333333564, 41.556249999999544 ] ] } },
{ "type": "Feature", "properties": { "HYRIV_ID": 20579238, "ORD_STRA": 4, "HYBAS_L12": 2121213820.0, "HYBAS_ID": 2121213820 }, "geometry": { "type": "LineString", "coordinates": [ [ -8.527083333333564, 41.556249999999544 ], [ -8.531250000000227, 41.552083333332881 ], [ -8.539583333333582, 41.552083333332881 ], [ -8.541666666666451, 41.55 ] ] } },
{ "type": "Feature", "properties": { "HYRIV_ID": 20578971, "ORD_STRA": 4, "HYBAS_L12": 2121213570.0, "HYBAS_ID": 2121213570 }, "geometry": { "type": "LineString", "coordinates": [ [ -8.522916666666873, 41.564583333332855 ], [ -8.527083333333564, 41.560416666666207 ], [ -8.527083333333564, 41.556249999999544 ] ] } },
{ "type": "Feature", "properties": { "HYRIV_ID": 20578803, "ORD_STRA": 4, "HYBAS_L12": 2121213570.0, "HYBAS_ID": 2121213570 }, "geometry": { "type": "LineString", "coordinates": [ [ -8.510416666666941, 41.564583333332855 ], [ -8.514583333333604, 41.568749999999561 ], [ -8.518750000000267, 41.568749999999561 ], [ -8.522916666666873, 41.564583333332855 ] ] } },
{ "type": "Feature", "properties": { "HYRIV_ID": 20578805, "ORD_STRA": 4, "HYBAS_L12": 2121213570.0, "HYBAS_ID": 2121213570 }, "geometry": { "type": "LineString", "coordinates": [ [ -8.489583333333599, 41.577083333332872 ], [ -8.493750000000261, 41.572916666666224 ], [ -8.497916666666924, 41.572916666666224 ], [ -8.502083333333587, 41.568749999999561 ], [ -8.50625000000025, 41.568749999999561 ], [ -8.510416666666941, 41.564583333332855 ] ] } },
{ "type": "Feature", "properties": { "HYRIV_ID": 20578802, "ORD_STRA": 1, "HYBAS_L12": 2121213570.0, "HYBAS_ID": 2121213570 }, "geometry": { "type": "LineString", "coordinates": [ [ -8.531250000000227, 41.579166666666204 ], [ -8.531250000000227, 41.572916666666224 ], [ -8.527083333333564, 41.568749999999561 ], [ -8.522916666666873, 41.568749999999561 ], [ -8.522916666666873, 41.564583333332855 ] ] } },
{ "type": "Feature", "properties": { "HYRIV_ID": 20578804, "ORD_STRA": 1, "HYBAS_L12": 2121213570.0, "HYBAS_ID": 2121213570 }, "geometry": { "type": "LineString", "coordinates": [ [ -8.510416666666941, 41.579166666666204 ], [ -8.510416666666941, 41.564583333332855 ] ] } },
{ "type": "Feature", "properties": { "HYRIV_ID": 20578532, "ORD_STRA": 4, "HYBAS_L12": 2121213570.0, "HYBAS_ID": 2121213570 }, "geometry": { "type": "LineString", "coordinates": [ [ -8.489583333333599, 41.581249999999535 ], [ -8.489583333333599, 41.577083333332872 ] ] } },
{ "type": "Feature", "properties": { "HYRIV_ID": 20578435, "ORD_STRA": 4, "HYBAS_L12": 2121213570.0, "HYBAS_ID": 2121213570 }, "geometry": { "type": "LineString", "coordinates": [ [ -8.477083333333582, 41.589583333332847 ], [ -8.481250000000244, 41.585416666666198 ], [ -8.485416666666907, 41.585416666666198 ], [ -8.489583333333599, 41.581249999999535 ] ] } },
{ "type": "Feature", "properties": { "HYRIV_ID": 20578434, "ORD_STRA": 2, "HYBAS_L12": 2121213570.0, "HYBAS_ID": 2121213570 }, "geometry": { "type": "LineString", "coordinates": [ [ -8.518750000000267, 41.62708333333287 ], [ -8.514583333333604, 41.622916666666207 ], [ -8.514583333333604, 41.610416666666232 ], [ -8.510416666666941, 41.606249999999527 ], [ -8.510416666666941, 41.602083333332864 ], [ -8.50625000000025, 41.597916666666215 ], [ -8.50625000000025, 41.593749999999552 ], [ -8.497916666666924, 41.585416666666198 ], [ -8.493750000000261, 41.585416666666198 ], [ -8.489583333333599, 41.581249999999535 ] ] } },
{ "type": "Feature", "properties": { "HYRIV_ID": 20577900, "ORD_STRA": 1, "HYBAS_L12": 2120610260.0, "HYBAS_ID": 2120610260 }, "geometry": { "type": "LineString", "coordinates": [ [ -8.368750000000261, 41.604166666666195 ], [ -8.368750000000261, 41.614583333332881 ] ] } },
{ "type": "Feature", "properties": { "HYRIV_ID": 20577976, "ORD_STRA": 1, "HYBAS_L12": 2120610260.0, "HYBAS_ID": 2120610260 }, "geometry": { "type": "LineString", "coordinates": [ [ -8.302083333333599, 41.599999999999547 ], [ -8.302083333333599, 41.610416666666232 ], [ -8.306250000000261, 41.614583333332881 ], [ -8.318750000000279, 41.614583333332881 ], [ -8.322916666666941, 41.618749999999544 ], [ -8.322916666666941, 41.622916666666207 ] ] } },
{ "type": "Feature", "properties": { "HYRIV_ID": 20577793, "ORD_STRA": 4, "HYBAS_L12": 2120610260.0, "HYBAS_ID": 2120610260 }, "geometry": { "type": "LineString", "coordinates": [ [ -8.377083333333587, 41.614583333332881 ], [ -8.389583333333604, 41.614583333332881 ], [ -8.39375000000021, 41.610416666666232 ] ] } },
{ "type": "Feature", "properties": { "HYRIV_ID": 20577697, "ORD_STRA": 4, "HYBAS_L12": 2120610260.0, "HYBAS_ID": 2120610260 }, "geometry": { "type": "LineString", "coordinates": [ [ -8.368750000000261, 41.614583333332881 ], [ -8.377083333333587, 41.614583333332881 ] ] } },
{ "type": "Feature", "properties": { "HYRIV_ID": 20577698, "ORD_STRA": 4, "HYBAS_L12": 2120610260.0, "HYBAS_ID": 2120610260 }, "geometry": { "type": "LineString", "coordinates": [ [ -8.356250000000273, 41.618749999999544 ], [ -8.364583333333599, 41.618749999999544 ], [ -8.368750000000261, 41.614583333332881 ] ] } },
{ "type": "Feature", "properties": { "HYRIV_ID": 20577696, "ORD_STRA": 1, "HYBAS_L12": 2120610260.0, "HYBAS_ID": 2120610260 }, "geometry": { "type": "LineString", "coordinates": [ [ -8.377083333333587, 41.620833333332875 ], [ -8.377083333333587, 41.614583333332881 ] ] } },
{ "type": "Feature", "properties": { "HYRIV_ID": 20577699, "ORD_STRA": 4, "HYBAS_L12": 2120610260.0, "HYBAS_ID": 2120610260 }, "geometry": { "type": "LineString", "coordinates": [ [ -8.322916666666941, 41.622916666666207 ], [ -8.335416666666902, 41.622916666666207 ], [ -8.339583333333564, 41.618749999999544 ], [ -8.343750000000256, 41.618749999999544 ], [ -8.347916666666919, 41.614583333332881 ], [ -8.352083333333582, 41.614583333332881 ], [ -8.356250000000273, 41.618749999999544 ] ] } },
{ "type": "Feature", "properties": { "HYRIV_ID": 20577585, "ORD_STRA": 1, "HYBAS_L12": 2120610260.0, "HYBAS_ID": 2120610260 }, "geometry": { "type": "LineString", "coordinates": [ [ -8.356250000000273, 41.624999999999538 ], [ -8.356250000000273, 41.618749999999544 ] ] } },
{ "type": "Feature", "properties": { "HYRIV_ID": 20577491, "ORD_STRA": 4, "HYBAS_L12": 2120610260.0, "HYBAS_ID": 2120610260 }, "geometry": { "type": "LineString", "coordinates": [ [ -8.314583333333616, 41.643749999999535 ], [ -8.318750000000279, 41.639583333332887 ], [ -8.318750000000279, 41.62708333333287 ], [ -8.322916666666941, 41.622916666666207 ] ] } },
{ "type": "Feature", "properties": { "HYRIV_ID": 20577084, "ORD_STRA": 1, "HYBAS_L12": 2120610260.0, "HYBAS_ID": 2120610260 }, "geometry": { "type": "LineString", "coordinates": [ [ -8.295833333333604, 41.637499999999555 ], [ -8.302083333333599, 41.643749999999535 ], [ -8.306250000000261, 41.643749999999535 ] ] } },
{ "type": "Feature", "properties": { "HYRIV_ID": 20577896, "ORD_STRA": 1, "HYBAS_L12": 2121213570.0, "HYBAS_ID": 2121213570 }, "geometry": { "type": "LineString", "coordinates": [ [ -8.447916666666941, 41.616666666666212 ], [ -8.447916666666941, 41.606249999999527 ] ] } },
{ "type": "Feature", "properties": { "HYRIV_ID": 20577898, "ORD_STRA": 3, "HYBAS_L12": 2120610150.0, "HYBAS_ID": 2120610150 }, "geometry": { "type": "LineString", "coordinates": [ [ -8.418750000000244, 41.639583333332887 ], [ -8.418750000000244, 41.631249999999561 ], [ -8.427083333333599, 41.622916666666207 ], [ -8.427083333333599, 41.606249999999527 ] ] } },
{ "type": "Feature", "properties": { "HYRIV_ID": 20577189, "ORD_STRA": 1, "HYBAS_L12": 2120610150.0, "HYBAS_ID": 2120610150 }, "geometry": { "type": "LineString", "coordinates": [ [ -8.441666666666919, 41.639583333332887 ], [ -8.435416666666924, 41.639583333332887 ], [ -8.431250000000261, 41.635416666666224 ], [ -8.427083333333599, 41.635416666666224 ], [ -8.422916666666936, 41.639583333332887 ], [ -8.418750000000244, 41.639583333332887 ] ] } },
{ "type": "Feature", "properties": { "HYRIV_ID": 20577083, "ORD_STRA": 3, "HYBAS_L12": 2120610150.0, "HYBAS_ID": 2120610150 }, "geometry": { "type": "LineString", "coordinates": [ [ -8.414583333333582, 41.647916666666241 ], [ -8.418750000000244, 41.643749999999535 ], [ -8.418750000000244, 41.639583333332887 ] ] } },
{ "type": "Feature", "properties": { "HYRIV_ID": 20576881, "ORD_STRA": 3, "HYBAS_L12": 2120610150.0, "HYBAS_ID": 2120610150 }, "geometry": { "type": "LineString", "coordinates": [ [ -8.385416666666941, 41.668749999999527 ], [ -8.389583333333604, 41.668749999999527 ], [ -8.397916666666902, 41.660416666666215 ], [ -8.397916666666902, 41.656249999999552 ], [ -8.406250000000227, 41.647916666666241 ], [ -8.414583333333582, 41.647916666666241 ] ] } },
{ "type": "Feature", "properties": { "HYRIV_ID": 20576880, "ORD_STRA": 2, "HYBAS_L12": 2120610150.0, "HYBAS_ID": 2120610150 }, "geometry": { "type": "LineString", "coordinates": [ [ -8.418750000000244, 41.668749999999527 ], [ -8.418750000000244, 41.664583333332878 ], [ -8.422916666666936, 41.660416666666215 ], [ -8.418750000000244, 41.656249999999552 ], [ -8.418750000000244, 41.652083333332861 ], [ -8.414583333333582, 41.647916666666241 ] ] } },
{ "type": "Feature", "properties": { "HYRIV_ID": 20576446, "ORD_STRA": 1, "HYBAS_L12": 2120610150.0, "HYBAS_ID": 2120610150 }, "geometry": { "type": "LineString", "coordinates": [ [ -8.437500000000256, 41.677083333332853 ], [ -8.427083333333599, 41.677083333332853 ], [ -8.418750000000244, 41.668749999999527 ] ] } },
{ "type": "Feature", "properties": { "HYRIV_ID": 20576447, "ORD_STRA": 2, "HYBAS_L12": 2120610150.0, "HYBAS_ID": 2120610150 }, "geometry": { "type": "LineString", "coordinates": [ [ -8.414583333333582, 41.685416666666207 ], [ -8.418750000000244, 41.681249999999544 ], [ -8.418750000000244, 41.668749999999527 ] ] } },
{ "type": "Feature", "properties": { "HYRIV_ID": 20576066, "ORD_STRA": 1, "HYBAS_L12": 2120610150.0, "HYBAS_ID": 2120610150 }, "geometry": { "type": "LineString", "coordinates": [ [ -8.42916666666693, 41.695833333332892 ], [ -8.422916666666936, 41.68958333333287 ], [ -8.418750000000244, 41.68958333333287 ], [ -8.414583333333582, 41.685416666666207 ] ] } },
{ "type": "Feature", "properties": { "HYRIV_ID": 20576067, "ORD_STRA": 1, "HYBAS_L12": 2120610150.0, "HYBAS_ID": 2120610150 }, "geometry": { "type": "LineString", "coordinates": [ [ -8.410416666666919, 41.704166666666218 ], [ -8.410416666666919, 41.693749999999518 ], [ -8.414583333333582, 41.68958333333287 ], [ -8.414583333333582, 41.685416666666207 ] ] } },
{ "type": "Feature", "properties": { "HYRIV_ID": 20576985, "ORD_STRA": 4, "HYBAS_L12": 2120610260.0, "HYBAS_ID": 2120610260 }, "geometry": { "type": "LineString", "coordinates": [ [ -8.306250000000261, 41.643749999999535 ], [ -8.314583333333616, 41.643749999999535 ] ] } },
{ "type": "Feature", "properties": { "HYRIV_ID": 20576984, "ORD_STRA": 1, "HYBAS_L12": 2120610260.0, "HYBAS_ID": 2120610260 }, "geometry": { "type": "LineString", "coordinates": [ [ -8.314583333333616, 41.654166666666178 ], [ -8.314583333333616, 41.643749999999535 ] ] } },
{ "type": "Feature", "properties": { "HYRIV_ID": 20576986, "ORD_STRA": 1, "HYBAS_L12": 2120610260.0, "HYBAS_ID": 2120610260 }, "geometry": { "type": "LineString", "coordinates": [ [ -8.306250000000261, 41.662499999999547 ], [ -8.306250000000261, 41.643749999999535 ] ] } },
{ "type": "Feature", "properties": { "HYRIV_ID": 20576523, "ORD_STRA": 1, "HYBAS_L12": 2120610150.0, "HYBAS_ID": 2120610150 }, "geometry": { "type": "LineString", "coordinates": [ [ -8.36666666666693, 41.668749999999527 ], [ -8.372916666666953, 41.668749999999527 ], [ -8.377083333333587, 41.664583333332878 ], [ -8.381250000000279, 41.664583333332878 ], [ -8.385416666666941, 41.668749999999527 ] ] } },
{ "type": "Feature", "properties": { "HYRIV_ID": 20576448, "ORD_STRA": 3, "HYBAS_L12": 2120610150.0, "HYBAS_ID": 2120610150 }, "geometry": { "type": "LineString", "coordinates": [ [ -8.360416666666936, 41.693749999999518 ], [ -8.364583333333599, 41.693749999999518 ], [ -8.368750000000261, 41.68958333333287 ], [ -8.372916666666953, 41.68958333333287 ], [ -8.377083333333587, 41.685416666666207 ], [ -8.377083333333587, 41.681249999999544 ], [ -8.381250000000279, 41.677083333332853 ], [ -8.381250000000279, 41.67291666666619 ], [ -8.385416666666941, 41.668749999999527 ] ] } },
{ "type": "Feature", "properties": { "HYRIV_ID": 20575886, "ORD_STRA": 3, "HYBAS_L12": 2120610150.0, "HYBAS_ID": 2120610150 }, "geometry": { "type": "LineString", "coordinates": [ [ -8.339583333333564, 41.702083333332887 ], [ -8.343750000000256, 41.702083333332887 ], [ -8.347916666666919, 41.697916666666224 ], [ -8.356250000000273, 41.697916666666224 ], [ -8.360416666666936, 41.693749999999518 ] ] } },
{ "type": "Feature", "properties": { "HYRIV_ID": 20575885, "ORD_STRA": 1, "HYBAS_L12": 2120610150.0, "HYBAS_ID": 2120610150 }, "geometry": { "type": "LineString", "coordinates": [ [ -8.370833333333593, 41.708333333332867 ], [ -8.360416666666936, 41.697916666666224 ], [ -8.360416666666936, 41.693749999999518 ] ] } },
{ "type": "Feature", "properties": { "HYRIV_ID": 20575717, "ORD_STRA": 1, "HYBAS_L12": 2120610150.0, "HYBAS_ID": 2120610150 }, "geometry": { "type": "LineString", "coordinates": [ [ -8.345833333333587, 41.71249999999953 ], [ -8.339583333333564, 41.706249999999535 ], [ -8.339583333333564, 41.702083333332887 ] ] } },
{ "type": "Feature", "properties": { "HYRIV_ID": 20575718, "ORD_STRA": 3, "HYBAS_L12": 2120610150.0, "HYBAS_ID": 2120610150 }, "geometry": { "type": "LineString", "coordinates": [ [ -8.318750000000279, 41.718749999999552 ], [ -8.327083333333547, 41.710416666666198 ], [ -8.331250000000239, 41.710416666666198 ], [ -8.339583333333564, 41.702083333332887 ] ] } },
{ "type": "Feature", "properties": { "HYRIV_ID": 20575453, "ORD_STRA": 1, "HYBAS_L12": 2121212130.0, "HYBAS_ID": 2121212131 }, "geometry": { "type": "LineString", "coordinates": [ [ -8.314583333333616, 41.71249999999953 ], [ -8.314583333333616, 41.718749999999552 ] ] } },
{ "type": "Feature", "properties": { "HYRIV_ID": 20578226, "ORD_STRA": 1, "HYBAS_L12": 2121213570.0, "HYBAS_ID": 2121213570 }, "geometry": { "type": "LineString", "coordinates": [ [ -8.466666666666896, 41.660416666666215 ], [ -8.477083333333582, 41.660416666666215 ], [ -8.489583333333599, 41.647916666666241 ], [ -8.485416666666907, 41.643749999999535 ], [ -8.485416666666907, 41.639583333332887 ], [ -8.481250000000244, 41.635416666666224 ], [ -8.481250000000244, 41.62708333333287 ], [ -8.47291666666689, 41.618749999999544 ], [ -8.47291666666689, 41.610416666666232 ], [ -8.477083333333582, 41.606249999999527 ], [ -8.477083333333582, 41.602083333332864 ], [ -8.481250000000244, 41.597916666666215 ], [ -8.481250000000244, 41.593749999999552 ], [ -8.477083333333582, 41.589583333332847 ] ] } },
{ "type": "Feature", "properties": { "HYRIV_ID": 20577393, "ORD_STRA": 1, "HYBAS_L12": 2121213570.0, "HYBAS_ID": 2121213570 }, "geometry": { "type": "LineString", "coordinates": [ [ -8.525000000000205, 41.633333333332892 ], [ -8.518750000000267, 41.62708333333287 ] ] } },
{ "type": "Feature", "properties": { "HYRIV_ID": 20577394, "ORD_STRA": 1, "HYBAS_L12": 2121213570.0, "HYBAS_ID": 2121213570 }, "geometry": { "type": "LineString", "coordinates": [ [ -8.50833333333361, 41.641666666666204 ], [ -8.518750000000267, 41.631249999999561 ], [ -8.518750000000267, 41.62708333333287 ] ] } },
{ "type": "Feature", "properties": { "HYRIV_ID": 20577298, "ORD_STRA": 2, "HYBAS_L12": 2120019230.0, "HYBAS_ID": 2120019230 }, "geometry": { "type": "LineString", "coordinates": [ [ -8.539583333333582, 41.668749999999527 ], [ -8.539583333333582, 41.656249999999552 ], [ -8.543750000000244, 41.652083333332861 ], [ -8.543750000000244, 41.647916666666241 ], [ -8.552083333333599, 41.639583333332887 ], [ -8.556250000000261, 41.639583333332887 ], [ -8.564583333333587, 41.631249999999561 ] ] } },
{ "type": "Feature", "properties": { "HYRIV_ID": 20576445, "ORD_STRA": 2, "HYBAS_L12": 2120019230.0, "HYBAS_ID": 2120019230 }, "geometry": { "type": "LineString", "coordinates": [ [ -8.527083333333564, 41.677083333332853 ], [ -8.531250000000227, 41.67291666666619 ], [ -8.53541666666689, 41.67291666666619 ], [ -8.539583333333582, 41.668749999999527 ] ] } },
{ "type": "Feature", "properties": { "HYRIV_ID": 20576444, "ORD_STRA": 1, "HYBAS_L12": 2120019230.0, "HYBAS_ID": 2120019230 }, "geometry": { "type": "LineString", "coordinates": [ [ -8.545833333333576, 41.679166666666184 ], [ -8.539583333333582, 41.67291666666619 ], [ -8.539583333333582, 41.668749999999527 ] ] } },
{ "type": "Feature", "properties": { "HYRIV_ID": 20576251, "ORD_STRA": 1, "HYBAS_L12": 2120019230.0, "HYBAS_ID": 2120019230 }, "geometry": { "type": "LineString", "coordinates": [ [ -8.527083333333564, 41.687499999999538 ], [ -8.527083333333564, 41.677083333332853 ] ] } },
{ "type": "Feature", "properties": { "HYRIV_ID": 20576252, "ORD_STRA": 2, "HYBAS_L12": 2120019230.0, "HYBAS_ID": 2120019230 }, "geometry": { "type": "LineString", "coordinates": [ [ -8.477083333333582, 41.697916666666224 ], [ -8.481250000000244, 41.693749999999518 ], [ -8.493750000000261, 41.693749999999518 ], [ -8.497916666666924, 41.68958333333287 ], [ -8.502083333333587, 41.68958333333287 ], [ -8.50625000000025, 41.685416666666207 ], [ -8.514583333333604, 41.685416666666207 ], [ -8.518750000000267, 41.681249999999544 ], [ -8.522916666666873, 41.681249999999544 ], [ -8.527083333333564, 41.677083333332853 ] ] } },
{ "type": "Feature", "properties": { "HYRIV_ID": 20575806, "ORD_STRA": 1, "HYBAS_L12": 2120019230.0, "HYBAS_ID": 2120019230 }, "geometry": { "type": "LineString", "coordinates": [ [ -8.481250000000244, 41.708333333332867 ], [ -8.481250000000244, 41.702083333332887 ], [ -8.477083333333582, 41.697916666666224 ] ] } },
{ "type": "Feature", "properties": { "HYRIV_ID": 20574601, "ORD_STRA": 1, "HYBAS_L12": 2121211620.0, "HYBAS_ID": 2121211620 }, "geometry": { "type": "LineString", "coordinates": [ [ -8.545833333333576, 41.756249999999532 ], [ -8.556250000000261, 41.756249999999532 ], [ -8.556250000000261, 41.760416666666181 ], [ -8.564583333333587, 41.76874999999955 ], [ -8.560416666666924, 41.772916666666198 ], [ -8.560416666666924, 41.777083333332861 ] ] } },
{ "type": "Feature", "properties": { "HYRIV_ID": 20577082, "ORD_STRA": 2, "HYBAS_L12": 2120019230.0, "HYBAS_ID": 2120019230 }, "geometry": { "type": "LineString", "coordinates": [ [ -8.627083333333587, 41.643749999999535 ], [ -8.622916666666924, 41.639583333332887 ] ] } },
{ "type": "Feature", "properties": { "HYRIV_ID": 20576983, "ORD_STRA": 1, "HYBAS_L12": 2120019230.0, "HYBAS_ID": 2120019230 }, "geometry": { "type": "LineString", "coordinates": [ [ -8.593750000000227, 41.666666666666195 ], [ -8.593750000000227, 41.660416666666215 ], [ -8.59791666666689, 41.660416666666215 ], [ -8.602083333333553, 41.656249999999552 ], [ -8.606250000000244, 41.656249999999552 ], [ -8.610416666666907, 41.652083333332861 ], [ -8.61458333333357, 41.652083333332861 ], [ -8.622916666666924, 41.643749999999535 ], [ -8.627083333333587, 41.643749999999535 ] ] } },
{ "type": "Feature", "properties": { "HYRIV_ID": 20576982, "ORD_STRA": 1, "HYBAS_L12": 2120019230.0, "HYBAS_ID": 2120019230 }, "geometry": { "type": "LineString", "coordinates": [ [ -8.583333333333599, 41.685416666666207 ], [ -8.593750000000227, 41.685416666666207 ], [ -8.59791666666689, 41.681249999999544 ], [ -8.606250000000244, 41.681249999999544 ], [ -8.610416666666907, 41.677083333332853 ], [ -8.61458333333357, 41.677083333332853 ], [ -8.618750000000261, 41.67291666666619 ], [ -8.618750000000261, 41.664583333332878 ], [ -8.622916666666924, 41.660416666666215 ], [ -8.622916666666924, 41.656249999999552 ], [ -8.627083333333587, 41.652083333332861 ], [ -8.627083333333587, 41.643749999999535 ] ] } },
{ "type": "Feature", "properties": { "HYRIV_ID": 20575452, "ORD_STRA": 1, "HYBAS_L12": 2120019260.0, "HYBAS_ID": 2120019260 }, "geometry": { "type": "LineString", "coordinates": [ [ -8.625000000000256, 41.71249999999953 ], [ -8.63125000000025, 41.718749999999552 ], [ -8.63125000000025, 41.727083333332878 ], [ -8.635416666666941, 41.731249999999541 ], [ -8.635416666666941, 41.735416666666232 ], [ -8.63125000000025, 41.739583333332895 ], [ -8.63125000000025, 41.743749999999558 ], [ -8.635416666666941, 41.747916666666207 ], [ -8.639583333333604, 41.747916666666207 ] ] } },
{ "type": "Feature", "properties": { "HYRIV_ID": 20575262, "ORD_STRA": 1, "HYBAS_L12": 2121211870.0, "HYBAS_ID": 2121211870 }, "geometry": { "type": "LineString", "coordinates": [ [ -8.495833333333593, 41.739583333332895 ], [ -8.50625000000025, 41.739583333332895 ], [ -8.510416666666941, 41.735416666666232 ], [ -8.514583333333604, 41.735416666666232 ], [ -8.518750000000267, 41.731249999999541 ], [ -8.527083333333564, 41.731249999999541 ], [ -8.531250000000227, 41.727083333332878 ], [ -8.539583333333582, 41.727083333332878 ], [ -8.543750000000244, 41.722916666666215 ], [ -8.556250000000261, 41.722916666666215 ], [ -8.560416666666924, 41.727083333332878 ], [ -8.568750000000279, 41.727083333332878 ], [ -8.572916666666941, 41.731249999999541 ], [ -8.577083333333604, 41.731249999999541 ], [ -8.589583333333536, 41.743749999999558 ], [ -8.589583333333536, 41.747916666666207 ], [ -8.593750000000227, 41.75208333333287 ], [ -8.59791666666689, 41.75208333333287 ], [ -8.602083333333553, 41.756249999999532 ], [ -8.61458333333357, 41.756249999999532 ], [ -8.618750000000261, 41.760416666666181 ] ] } },
{ "type": "Feature", "properties": { "HYRIV_ID": 20574767, "ORD_STRA": 4, "HYBAS_L12": 2120019260.0, "HYBAS_ID": 2120019260 }, "geometry": { "type": "LineString", "coordinates": [ [ -8.63125000000025, 41.756249999999532 ], [ -8.639583333333604, 41.747916666666207 ] ] } },
{ "type": "Feature", "properties": { "HYRIV_ID": 20574600, "ORD_STRA": 4, "HYBAS_L12": 2121211870.0, "HYBAS_ID": 2121211870 }, "geometry": { "type": "LineString", "coordinates": [ [ -8.618750000000261, 41.760416666666181 ], [ -8.622916666666924, 41.760416666666181 ], [ -8.627083333333587, 41.756249999999532 ], [ -8.63125000000025, 41.756249999999532 ] ] } },
{ "type": "Feature", "properties": { "HYRIV_ID": 20574530, "ORD_STRA": 4, "HYBAS_L12": 2121211870.0, "HYBAS_ID": 2121211870 }, "geometry": { "type": "LineString", "coordinates": [ [ -8.58541666666693, 41.772916666666198 ], [ -8.58541666666693, 41.76874999999955 ], [ -8.589583333333536, 41.764583333332887 ], [ -8.61458333333357, 41.764583333332887 ], [ -8.618750000000261, 41.760416666666181 ] ] } },
{ "type": "Feature", "properties": { "HYRIV_ID": 20574271, "ORD_STRA": 4, "HYBAS_L12": 2121211870.0, "HYBAS_ID": 2121211870 }, "geometry": { "type": "LineString", "coordinates": [ [ -8.560416666666924, 41.777083333332861 ], [ -8.581250000000267, 41.777083333332861 ], [ -8.58541666666693, 41.772916666666198 ] ] } },
{ "type": "Feature", "properties": { "HYRIV_ID": 20574599, "ORD_STRA": 2, "HYBAS_L12": 2121211870.0, "HYBAS_ID": 2121211870 }, "geometry": { "type": "LineString", "coordinates": [ [ -8.64791666666693, 41.793749999999541 ], [ -8.643750000000267, 41.789583333332878 ], [ -8.643750000000267, 41.785416666666215 ], [ -8.635416666666941, 41.777083333332861 ], [ -8.635416666666941, 41.760416666666181 ], [ -8.63125000000025, 41.756249999999532 ] ] } },
{ "type": "Feature", "properties": { "HYRIV_ID": 20576068, "ORD_STRA": 1, "HYBAS_L12": 2120610150.0, "HYBAS_ID": 2120610150 }, "geometry": { "type": "LineString", "coordinates": [ [ -8.397916666666902, 41.708333333332867 ], [ -8.397916666666902, 41.702083333332887 ], [ -8.414583333333582, 41.685416666666207 ] ] } },
{ "type": "Feature", "properties": { "HYRIV_ID": 20575807, "ORD_STRA": 1, "HYBAS_L12": 2120019230.0, "HYBAS_ID": 2120019230 }, "geometry": { "type": "LineString", "coordinates": [ [ -8.458333333333542, 41.706249999999535 ], [ -8.464583333333564, 41.706249999999535 ], [ -8.47291666666689, 41.697916666666224 ], [ -8.477083333333582, 41.697916666666224 ] ] } },
{ "type": "Feature", "properties": { "HYRIV_ID": 20575081, "ORD_STRA": 1, "HYBAS_L12": 2121211620.0, "HYBAS_ID": 2121211620 }, "geometry": { "type": "LineString", "coordinates": [ [ -8.425000000000267, 41.72916666666621 ], [ -8.418750000000244, 41.735416666666232 ] ] } },
{ "type": "Feature", "properties": { "HYRIV_ID": 20575007, "ORD_STRA": 1, "HYBAS_L12": 2121211620.0, "HYBAS_ID": 2121211620 }, "geometry": { "type": "LineString", "coordinates": [ [ -8.370833333333593, 41.756249999999532 ], [ -8.381250000000279, 41.756249999999532 ], [ -8.389583333333604, 41.747916666666207 ], [ -8.39375000000021, 41.747916666666207 ], [ -8.397916666666902, 41.743749999999558 ], [ -8.402083333333564, 41.743749999999558 ], [ -8.410416666666919, 41.735416666666232 ], [ -8.418750000000244, 41.735416666666232 ] ] } },
{ "type": "Feature", "properties": { "HYRIV_ID": 20575006, "ORD_STRA": 2, "HYBAS_L12": 2121211620.0, "HYBAS_ID": 2121211620 }, "geometry": { "type": "LineString", "coordinates": [ [ -8.418750000000244, 41.735416666666232 ], [ -8.422916666666936, 41.739583333332895 ], [ -8.422916666666936, 41.764583333332887 ] ] } },
{ "type": "Feature", "properties": { "HYRIV_ID": 20574602, "ORD_STRA": 1, "HYBAS_L12": 2121211620.0, "HYBAS_ID": 2121211620 }, "geometry": { "type": "LineString", "coordinates": [ [ -8.454166666666936, 41.756249999999532 ], [ -8.443750000000279, 41.756249999999532 ], [ -8.439583333333587, 41.760416666666181 ], [ -8.435416666666924, 41.760416666666181 ], [ -8.431250000000261, 41.764583333332887 ], [ -8.422916666666936, 41.764583333332887 ] ] } },
{ "type": "Feature", "properties": { "HYRIV_ID": 20574441, "ORD_STRA": 2, "HYBAS_L12": 2121211620.0, "HYBAS_ID": 2121211620 }, "geometry": { "type": "LineString", "coordinates": [ [ -8.422916666666936, 41.764583333332887 ], [ -8.422916666666936, 41.777083333332861 ], [ -8.418750000000244, 41.781249999999524 ], [ -8.418750000000244, 41.785416666666215 ], [ -8.414583333333582, 41.789583333332878 ] ] } },
{ "type": "Feature", "properties": { "HYRIV_ID": 20574090, "ORD_STRA": 1, "HYBAS_L12": 2121211620.0, "HYBAS_ID": 2121211620 }, "geometry": { "type": "LineString", "coordinates": [ [ -8.404166666666896, 41.779166666666192 ], [ -8.410416666666919, 41.785416666666215 ], [ -8.414583333333582, 41.785416666666215 ], [ -8.414583333333582, 41.789583333332878 ] ] } },
{ "type": "Feature", "properties": { "HYRIV_ID": 20573833, "ORD_STRA": 4, "HYBAS_L12": 2121211620.0, "HYBAS_ID": 2121211620 }, "geometry": { "type": "LineString", "coordinates": [ [ -8.468750000000227, 41.802083333332853 ], [ -8.47291666666689, 41.802083333332853 ], [ -8.481250000000244, 41.793749999999541 ] ] } },
{ "type": "Feature", "properties": { "HYRIV_ID": 20573913, "ORD_STRA": 2, "HYBAS_L12": 2121211620.0, "HYBAS_ID": 2121211620 }, "geometry": { "type": "LineString", "coordinates": [ [ -8.414583333333582, 41.789583333332878 ], [ -8.414583333333582, 41.79791666666619 ], [ -8.422916666666936, 41.806249999999558 ], [ -8.427083333333599, 41.806249999999558 ] ] } },
{ "type": "Feature", "properties": { "HYRIV_ID": 20574272, "ORD_STRA": 4, "HYBAS_L12": 2121211620.0, "HYBAS_ID": 2121211620 }, "geometry": { "type": "LineString", "coordinates": [ [ -8.543750000000244, 41.781249999999524 ], [ -8.547916666666907, 41.781249999999524 ], [ -8.556250000000261, 41.772916666666198 ], [ -8.560416666666924, 41.777083333332861 ] ] } },
{ "type": "Feature", "properties": { "HYRIV_ID": 20574087, "ORD_STRA": 4, "HYBAS_L12": 2121211620.0, "HYBAS_ID": 2121211620 }, "geometry": { "type": "LineString", "coordinates": [ [ -8.53541666666689, 41.781249999999524 ], [ -8.543750000000244, 41.781249999999524 ] ] } },
{ "type": "Feature", "properties": { "HYRIV_ID": 20574190, "ORD_STRA": 1, "HYBAS_L12": 2121211620.0, "HYBAS_ID": 2121211620 }, "geometry": { "type": "LineString", "coordinates": [ [ -8.504166666666919, 41.777083333332861 ], [ -8.510416666666941, 41.777083333332861 ], [ -8.518750000000267, 41.785416666666215 ] ] } },
{ "type": "Feature", "properties": { "HYRIV_ID": 20574273, "ORD_STRA": 1, "HYBAS_L12": 2121211620.0, "HYBAS_ID": 2121211620 }, "geometry": { "type": "LineString", "coordinates": [ [ -8.479166666666913, 41.770833333332867 ], [ -8.485416666666907, 41.777083333332861 ], [ -8.485416666666907, 41.793749999999541 ] ] } },
{ "type": "Feature", "properties": { "HYRIV_ID": 20574089, "ORD_STRA": 4, "HYBAS_L12": 2121211620.0, "HYBAS_ID": 2121211620 }, "geometry": { "type": "LineString", "coordinates": [ [ -8.518750000000267, 41.785416666666215 ], [ -8.531250000000227, 41.785416666666215 ], [ -8.53541666666689, 41.781249999999524 ] ] } },
{ "type": "Feature", "properties": { "HYRIV_ID": 20574086, "ORD_STRA": 1, "HYBAS_L12": 2121211620.0, "HYBAS_ID": 2121211620 }, "geometry": { "type": "LineString", "coordinates": [ [ -8.543750000000244, 41.787499999999547 ], [ -8.543750000000244, 41.781249999999524 ] ] } },
{ "type": "Feature", "properties": { "HYRIV_ID": 20573992, "ORD_STRA": 4, "HYBAS_L12": 2121211620.0, "HYBAS_ID": 2121211620 }, "geometry": { "type": "LineString", "coordinates": [ [ -8.485416666666907, 41.793749999999541 ], [ -8.493750000000261, 41.793749999999541 ], [ -8.497916666666924, 41.789583333332878 ], [ -8.502083333333587, 41.789583333332878 ], [ -8.50625000000025, 41.793749999999541 ], [ -8.510416666666941, 41.793749999999541 ], [ -8.518750000000267, 41.785416666666215 ] ] } },
{ "type": "Feature", "properties": { "HYRIV_ID": 20574088, "ORD_STRA": 1, "HYBAS_L12": 2121211620.0, "HYBAS_ID": 2121211620 }, "geometry": { "type": "LineString", "coordinates": [ [ -8.545833333333576, 41.799999999999521 ], [ -8.539583333333582, 41.793749999999541 ], [ -8.539583333333582, 41.789583333332878 ], [ -8.53541666666689, 41.785416666666215 ], [ -8.53541666666689, 41.781249999999524 ] ] } },
{ "type": "Feature", "properties": { "HYRIV_ID": 20573831, "ORD_STRA": 4, "HYBAS_L12": 2121211620.0, "HYBAS_ID": 2121211620 }, "geometry": { "type": "LineString", "coordinates": [ [ -8.481250000000244, 41.793749999999541 ], [ -8.485416666666907, 41.793749999999541 ] ] } },
{ "type": "Feature", "properties": { "HYRIV_ID": 20573832, "ORD_STRA": 1, "HYBAS_L12": 2121211620.0, "HYBAS_ID": 2121211620 }, "geometry": { "type": "LineString", "coordinates": [ [ -8.50625000000025, 41.829166666666218 ], [ -8.50625000000025, 41.81458333333287 ], [ -8.502083333333587, 41.810416666666207 ], [ -8.497916666666924, 41.810416666666207 ], [ -8.493750000000261, 41.806249999999558 ], [ -8.489583333333599, 41.806249999999558 ], [ -8.481250000000244, 41.79791666666619 ], [ -8.481250000000244, 41.793749999999541 ] ] } },
{ "type": "Feature", "properties": { "HYRIV_ID": 20573675, "ORD_STRA": 4, "HYBAS_L12": 2121211620.0, "HYBAS_ID": 2121211620 }, "geometry": { "type": "LineString", "coordinates": [ [ -8.427083333333599, 41.806249999999558 ], [ -8.456250000000267, 41.806249999999558 ], [ -8.460416666666873, 41.802083333332853 ], [ -8.468750000000227, 41.802083333332853 ] ] } },
{ "type": "Feature", "properties": { "HYRIV_ID": 20573594, "ORD_STRA": 4, "HYBAS_L12": 2121211620.0, "HYBAS_ID": 2121211620 }, "geometry": { "type": "LineString", "coordinates": [ [ -8.422916666666936, 41.810416666666207 ], [ -8.427083333333599, 41.806249999999558 ] ] } },
{ "type": "Feature", "properties": { "HYRIV_ID": 20573674, "ORD_STRA": 1, "HYBAS_L12": 2121211620.0, "HYBAS_ID": 2121211620 }, "geometry": { "type": "LineString", "coordinates": [ [ -8.454166666666936, 41.818749999999532 ], [ -8.460416666666873, 41.818749999999532 ], [ -8.468750000000227, 41.810416666666207 ], [ -8.468750000000227, 41.802083333332853 ] ] } },
{ "type": "Feature", "properties": { "HYRIV_ID": 20573498, "ORD_STRA": 4, "HYBAS_L12": 2120606480.0, "HYBAS_ID": 2120606482 }, "geometry": { "type": "LineString", "coordinates": [ [ -8.389583333333604, 41.81458333333287 ], [ -8.402083333333564, 41.81458333333287 ], [ -8.406250000000227, 41.810416666666207 ], [ -8.422916666666936, 41.810416666666207 ] ] } },
{ "type": "Feature", "properties": { "HYRIV_ID": 20573412, "ORD_STRA": 4, "HYBAS_L12": 2120606480.0, "HYBAS_ID": 2120606482 }, "geometry": { "type": "LineString", "coordinates": [ [ -8.385416666666941, 41.81458333333287 ], [ -8.389583333333604, 41.81458333333287 ] ] } },
{ "type": "Feature", "properties": { "HYRIV_ID": 20573497, "ORD_STRA": 3, "HYBAS_L12": 2120606390.0, "HYBAS_ID": 2120606390 }, "geometry": { "type": "LineString", "coordinates": [ [ -8.422916666666936, 41.856249999999541 ], [ -8.414583333333582, 41.847916666666229 ], [ -8.418750000000244, 41.843749999999567 ], [ -8.418750000000244, 41.827083333332887 ], [ -8.414583333333582, 41.822916666666181 ], [ -8.422916666666936, 41.81458333333287 ], [ -8.422916666666936, 41.810416666666207 ] ] } },
{ "type": "Feature", "properties": { "HYRIV_ID": 20572544, "ORD_STRA": 1, "HYBAS_L12": 2120606390.0, "HYBAS_ID": 2120606390 }, "geometry": { "type": "LineString", "coordinates": [ [ -8.495833333333593, 41.860416666666204 ], [ -8.422916666666936, 41.860416666666204 ], [ -8.422916666666936, 41.856249999999541 ] ] } },
{ "type": "Feature", "properties": { "HYRIV_ID": 20572545, "ORD_STRA": 3, "HYBAS_L12": 2120606390.0, "HYBAS_ID": 2120606390 }, "geometry": { "type": "LineString", "coordinates": [ [ -8.418750000000244, 41.860416666666204 ], [ -8.422916666666936, 41.856249999999541 ] ] } },
{ "type": "Feature", "properties": { "HYRIV_ID": 20572445, "ORD_STRA": 2, "HYBAS_L12": 2120606390.0, "HYBAS_ID": 2120606390 }, "geometry": { "type": "LineString", "coordinates": [ [ -8.377083333333587, 41.87708333333287 ], [ -8.381250000000279, 41.872916666666221 ], [ -8.389583333333604, 41.872916666666221 ], [ -8.39375000000021, 41.868749999999515 ], [ -8.402083333333564, 41.868749999999515 ], [ -8.406250000000227, 41.864583333332853 ], [ -8.410416666666919, 41.864583333332853 ], [ -8.414583333333582, 41.860416666666204 ], [ -8.418750000000244, 41.860416666666204 ] ] } },
{ "type": "Feature", "properties": { "HYRIV_ID": 20572444, "ORD_STRA": 3, "HYBAS_L12": 2120606390.0, "HYBAS_ID": 2120606390 }, "geometry": { "type": "LineString", "coordinates": [ [ -8.431250000000261, 41.885416666666195 ], [ -8.422916666666936, 41.87708333333287 ], [ -8.422916666666936, 41.872916666666221 ], [ -8.418750000000244, 41.868749999999515 ], [ -8.418750000000244, 41.860416666666204 ] ] } },
{ "type": "Feature", "properties": { "HYRIV_ID": 20579960, "ORD_STRA": 1, "HYBAS_L12": 2120019210.0, "HYBAS_ID": 2120019210 }, "geometry": { "type": "LineString", "coordinates": [ [ -8.72291666666689, 41.554166666666212 ], [ -8.72291666666689, 41.55 ] ] } },
{ "type": "Feature", "properties": { "HYRIV_ID": 20579672, "ORD_STRA": 1, "HYBAS_L12": 2120019210.0, "HYBAS_ID": 2120019210 }, "geometry": { "type": "LineString", "coordinates": [ [ -8.664583333333553, 41.554166666666212 ], [ -8.664583333333553, 41.55 ] ] } },
{ "type": "Feature", "properties": { "HYRIV_ID": 20579764, "ORD_STRA": 1, "HYBAS_L12": 2120019210.0, "HYBAS_ID": 2120019210 }, "geometry": { "type": "LineString", "coordinates": [ [ -8.697916666666913, 41.566666666666229 ], [ -8.697916666666913, 41.560416666666207 ], [ -8.702083333333604, 41.556249999999544 ], [ -8.702083333333604, 41.55 ] ] } },
{ "type": "Feature", "properties": { "HYRIV_ID": 20577973, "ORD_STRA": 1, "HYBAS_L12": 2120019230.0, "HYBAS_ID": 2120019230 }, "geometry": { "type": "LineString", "coordinates": [ [ -8.716666666666924, 41.602083333332864 ], [ -8.72291666666689, 41.602083333332864 ], [ -8.72291666666689, 41.606249999999527 ], [ -8.727083333333553, 41.610416666666232 ], [ -8.727083333333553, 41.618749999999544 ] ] } },
{ "type": "Feature", "properties": { "HYRIV_ID": 20577895, "ORD_STRA": 1, "HYBAS_L12": 2120019230.0, "HYBAS_ID": 2120019230 }, "geometry": { "type": "LineString", "coordinates": [ [ -8.691666666666919, 41.606249999999527 ], [ -8.697916666666913, 41.606249999999527 ], [ -8.702083333333604, 41.610416666666232 ], [ -8.706250000000267, 41.610416666666232 ], [ -8.714583333333593, 41.618749999999544 ], [ -8.718750000000199, 41.618749999999544 ] ] } },
{ "type": "Feature", "properties": { "HYRIV_ID": 20577694, "ORD_STRA": 3, "HYBAS_L12": 2120019230.0, "HYBAS_ID": 2120019230 }, "geometry": { "type": "LineString", "coordinates": [ [ -8.727083333333553, 41.618749999999544 ], [ -8.731250000000216, 41.622916666666207 ], [ -8.735416666666907, 41.622916666666207 ], [ -8.73958333333357, 41.618749999999544 ], [ -8.752083333333587, 41.618749999999544 ], [ -8.75625000000025, 41.614583333332881 ] ] } },
{ "type": "Feature", "properties": { "HYRIV_ID": 20577583, "ORD_STRA": 3, "HYBAS_L12": 2120019230.0, "HYBAS_ID": 2120019230 }, "geometry": { "type": "LineString", "coordinates": [ [ -8.718750000000199, 41.618749999999544 ], [ -8.727083333333553, 41.618749999999544 ] ] } },
{ "type": "Feature", "properties": { "HYRIV_ID": 20577584, "ORD_STRA": 3, "HYBAS_L12": 2120019230.0, "HYBAS_ID": 2120019230 }, "geometry": { "type": "LineString", "coordinates": [ [ -8.71041666666693, 41.631249999999561 ], [ -8.714583333333593, 41.62708333333287 ], [ -8.714583333333593, 41.622916666666207 ], [ -8.718750000000199, 41.618749999999544 ] ] } },
{ "type": "Feature", "properties": { "HYRIV_ID": 20577490, "ORD_STRA": 1, "HYBAS_L12": 2120019230.0, "HYBAS_ID": 2120019230 }, "geometry": { "type": "LineString", "coordinates": [ [ -8.654166666666868, 41.622916666666207 ], [ -8.64791666666693, 41.622916666666207 ], [ -8.643750000000267, 41.62708333333287 ], [ -8.643750000000267, 41.631249999999561 ] ] } },
{ "type": "Feature", "properties": { "HYRIV_ID": 20577294, "ORD_STRA": 3, "HYBAS_L12": 2120019230.0, "HYBAS_ID": 2120019230 }, "geometry": { "type": "LineString", "coordinates": [ [ -8.67708333333357, 41.639583333332887 ], [ -8.69375000000025, 41.639583333332887 ], [ -8.702083333333604, 41.631249999999561 ], [ -8.71041666666693, 41.631249999999561 ] ] } },
{ "type": "Feature", "properties": { "HYRIV_ID": 20579495, "ORD_STRA": 2, "HYBAS_L12": 2121213820.0, "HYBAS_ID": 2121213820 }, "geometry": { "type": "LineString", "coordinates": [ [ -8.602083333333553, 41.552083333332881 ], [ -8.602083333333553, 41.55 ] ] } },
{ "type": "Feature", "properties": { "HYRIV_ID": 20579073, "ORD_STRA": 2, "HYBAS_L12": 2121213820.0, "HYBAS_ID": 2121213820 }, "geometry": { "type": "LineString", "coordinates": [ [ -8.59791666666689, 41.560416666666207 ], [ -8.602083333333553, 41.556249999999544 ], [ -8.602083333333553, 41.552083333332881 ] ] } },
{ "type": "Feature", "properties": { "HYRIV_ID": 20579072, "ORD_STRA": 1, "HYBAS_L12": 2121213820.0, "HYBAS_ID": 2121213820 }, "geometry": { "type": "LineString", "coordinates": [ [ -8.637500000000244, 41.572916666666224 ], [ -8.63125000000025, 41.572916666666224 ], [ -8.622916666666924, 41.564583333332855 ], [ -8.618750000000261, 41.564583333332855 ], [ -8.610416666666907, 41.556249999999544 ], [ -8.606250000000244, 41.556249999999544 ], [ -8.602083333333553, 41.552083333332881 ] ] } },
{ "type": "Feature", "properties": { "HYRIV_ID": 20578901, "ORD_STRA": 2, "HYBAS_L12": 2121213820.0, "HYBAS_ID": 2121213820 }, "geometry": { "type": "LineString", "coordinates": [ [ -8.602083333333553, 41.581249999999535 ], [ -8.602083333333553, 41.564583333332855 ], [ -8.59791666666689, 41.560416666666207 ] ] } },
{ "type": "Feature", "properties": { "HYRIV_ID": 20578902, "ORD_STRA": 1, "HYBAS_L12": 2121213820.0, "HYBAS_ID": 2121213820 }, "geometry": { "type": "LineString", "coordinates": [ [ -8.566666666666919, 41.604166666666195 ], [ -8.577083333333604, 41.593749999999552 ], [ -8.577083333333604, 41.589583333332847 ], [ -8.581250000000267, 41.585416666666198 ], [ -8.581250000000267, 41.581249999999535 ], [ -8.58541666666693, 41.577083333332872 ], [ -8.58541666666693, 41.572916666666224 ], [ -8.59791666666689, 41.560416666666207 ] ] } },
{ "type": "Feature", "properties": { "HYRIV_ID": 20578432, "ORD_STRA": 1, "HYBAS_L12": 2121213820.0, "HYBAS_ID": 2121213820 }, "geometry": { "type": "LineString", "coordinates": [ [ -8.616666666666902, 41.585416666666198 ], [ -8.606250000000244, 41.585416666666198 ], [ -8.602083333333553, 41.581249999999535 ] ] } },
{ "type": "Feature", "properties": { "HYRIV_ID": 20578433, "ORD_STRA": 1, "HYBAS_L12": 2121213820.0, "HYBAS_ID": 2121213820 }, "geometry": { "type": "LineString", "coordinates": [ [ -8.595833333333616, 41.591666666666221 ], [ -8.602083333333553, 41.585416666666198 ], [ -8.602083333333553, 41.581249999999535 ] ] } },
{ "type": "Feature", "properties": { "HYRIV_ID": 20577392, "ORD_STRA": 2, "HYBAS_L12": 2120019230.0, "HYBAS_ID": 2120019230 }, "geometry": { "type": "LineString", "coordinates": [ [ -8.564583333333587, 41.631249999999561 ], [ -8.568750000000279, 41.62708333333287 ], [ -8.572916666666941, 41.62708333333287 ], [ -8.581250000000267, 41.635416666666224 ], [ -8.589583333333536, 41.635416666666224 ], [ -8.593750000000227, 41.631249999999561 ], [ -8.59791666666689, 41.635416666666224 ], [ -8.61458333333357, 41.635416666666224 ], [ -8.618750000000261, 41.639583333332887 ], [ -8.622916666666924, 41.639583333332887 ] ] } },
{ "type": "Feature", "properties": { "HYRIV_ID": 20577296, "ORD_STRA": 3, "HYBAS_L12": 2120019230.0, "HYBAS_ID": 2120019230 }, "geometry": { "type": "LineString", "coordinates": [ [ -8.622916666666924, 41.639583333332887 ], [ -8.627083333333587, 41.635416666666224 ], [ -8.639583333333604, 41.635416666666224 ], [ -8.643750000000267, 41.631249999999561 ] ] } },
{ "type": "Feature", "properties": { "HYRIV_ID": 20577297, "ORD_STRA": 1, "HYBAS_L12": 2120019230.0, "HYBAS_ID": 2120019230 }, "geometry": { "type": "LineString", "coordinates": [ [ -8.568750000000279, 41.649999999999572 ], [ -8.568750000000279, 41.639583333332887 ], [ -8.564583333333587, 41.635416666666224 ], [ -8.564583333333587, 41.631249999999561 ] ] } },
{ "type": "Feature", "properties": { "HYRIV_ID": 20578900, "ORD_STRA": 1, "HYBAS_L12": 2120019220.0, "HYBAS_ID": 2120019220 }, "geometry": { "type": "LineString", "coordinates": [ [ -8.783333333333587, 41.564583333332855 ], [ -8.789583333333553, 41.564583333332855 ], [ -8.793750000000216, 41.560416666666207 ] ] } },
{ "type": "Feature", "properties": { "HYRIV_ID": 20577894, "ORD_STRA": 3, "HYBAS_L12": 2120019230.0, "HYBAS_ID": 2120019230 }, "geometry": { "type": "LineString", "coordinates": [ [ -8.764583333333576, 41.614583333332881 ], [ -8.785416666666862, 41.614583333332881 ], [ -8.789583333333553, 41.610416666666232 ], [ -8.793750000000216, 41.610416666666232 ], [ -8.797916666666879, 41.606249999999527 ], [ -8.806250000000233, 41.606249999999527 ] ] } },
{ "type": "Feature", "properties": { "HYRIV_ID": 20577693, "ORD_STRA": 3, "HYBAS_L12": 2120019230.0, "HYBAS_ID": 2120019230 }, "geometry": { "type": "LineString", "coordinates": [ [ -8.75625000000025, 41.614583333332881 ], [ -8.764583333333576, 41.614583333332881 ] ] } },
{ "type": "Feature", "properties": { "HYRIV_ID": 20577695, "ORD_STRA": 1, "HYBAS_L12": 2120019230.0, "HYBAS_ID": 2120019230 }, "geometry": { "type": "LineString", "coordinates": [ [ -8.750000000000256, 41.614583333332881 ], [ -8.75625000000025, 41.614583333332881 ] ] } },
{ "type": "Feature", "properties": { "HYRIV_ID": 20577692, "ORD_STRA": 1, "HYBAS_L12": 2120019230.0, "HYBAS_ID": 2120019230 }, "geometry": { "type": "LineString", "coordinates": [ [ -8.764583333333576, 41.624999999999538 ], [ -8.764583333333576, 41.614583333332881 ] ] } },
{ "type": "Feature", "properties": { "HYRIV_ID": 20576709, "ORD_STRA": 1, "HYBAS_L12": 2120019250.0, "HYBAS_ID": 2120019250 }, "geometry": { "type": "LineString", "coordinates": [ [ -8.770833333333599, 41.656249999999552 ], [ -8.793750000000216, 41.656249999999552 ], [ -8.797916666666879, 41.660416666666215 ], [ -8.806250000000233, 41.660416666666215 ], [ -8.810416666666896, 41.664583333332878 ], [ -8.822916666666913, 41.664583333332878 ] ] } },
{ "type": "Feature", "properties": { "HYRIV_ID": 20575882, "ORD_STRA": 4, "HYBAS_L12": 2120019260.0, "HYBAS_ID": 2120019260 }, "geometry": { "type": "LineString", "coordinates": [ [ -8.743750000000233, 41.702083333332887 ], [ -8.752083333333587, 41.702083333332887 ], [ -8.75625000000025, 41.697916666666224 ], [ -8.781250000000256, 41.697916666666224 ], [ -8.785416666666862, 41.693749999999518 ], [ -8.793750000000216, 41.693749999999518 ] ] } },
{ "type": "Feature", "properties": { "HYRIV_ID": 20575881, "ORD_STRA": 2, "HYBAS_L12": 2120019270.0, "HYBAS_ID": 2120019270 }, "geometry": { "type": "LineString", "coordinates": [ [ -8.789583333333553, 41.710416666666198 ], [ -8.789583333333553, 41.706249999999535 ], [ -8.793750000000216, 41.706249999999535 ], [ -8.797916666666879, 41.702083333332887 ], [ -8.797916666666879, 41.693749999999518 ] ] } },
{ "type": "Feature", "properties": { "HYRIV_ID": 20575804, "ORD_STRA": 1, "HYBAS_L12": 2120019270.0, "HYBAS_ID": 2120019270 }, "geometry": { "type": "LineString", "coordinates": [ [ -8.814583333333587, 41.708333333332867 ], [ -8.814583333333587, 41.697916666666224 ] ] } },
{ "type": "Feature", "properties": { "HYRIV_ID": 20575544, "ORD_STRA": 1, "HYBAS_L12": 2120019270.0, "HYBAS_ID": 2120019270 }, "geometry": { "type": "LineString", "coordinates": [ [ -8.762500000000244, 41.724999999999547 ], [ -8.768750000000267, 41.718749999999552 ], [ -8.77291666666693, 41.718749999999552 ], [ -8.777083333333593, 41.714583333332904 ], [ -8.781250000000256, 41.714583333332904 ], [ -8.785416666666862, 41.710416666666198 ], [ -8.789583333333553, 41.710416666666198 ] ] } },
{ "type": "Feature", "properties": { "HYRIV_ID": 20577293, "ORD_STRA": 2, "HYBAS_L12": 2120019230.0, "HYBAS_ID": 2120019230 }, "geometry": { "type": "LineString", "coordinates": [ [ -8.714583333333593, 41.639583333332887 ], [ -8.71041666666693, 41.635416666666224 ], [ -8.71041666666693, 41.631249999999561 ] ] } },
{ "type": "Feature", "properties": { "HYRIV_ID": 20577295, "ORD_STRA": 3, "HYBAS_L12": 2120019230.0, "HYBAS_ID": 2120019230 }, "geometry": { "type": "LineString", "coordinates": [ [ -8.643750000000267, 41.631249999999561 ], [ -8.652083333333593, 41.631249999999561 ], [ -8.664583333333553, 41.643749999999535 ], [ -8.668750000000216, 41.643749999999535 ], [ -8.672916666666907, 41.639583333332887 ], [ -8.67708333333357, 41.639583333332887 ] ] } },
{ "type": "Feature", "properties": { "HYRIV_ID": 20577079, "ORD_STRA": 1, "HYBAS_L12": 2120019230.0, "HYBAS_ID": 2120019230 }, "geometry": { "type": "LineString", "coordinates": [ [ -8.72291666666689, 41.645833333332867 ], [ -8.72291666666689, 41.639583333332887 ], [ -8.714583333333593, 41.639583333332887 ] ] } },
{ "type": "Feature", "properties": { "HYRIV_ID": 20577081, "ORD_STRA": 1, "HYBAS_L12": 2120019230.0, "HYBAS_ID": 2120019230 }, "geometry": { "type": "LineString", "coordinates": [ [ -8.666666666666885, 41.654166666666178 ], [ -8.672916666666907, 41.647916666666241 ], [ -8.672916666666907, 41.643749999999535 ], [ -8.67708333333357, 41.639583333332887 ] ] } },
{ "type": "Feature", "properties": { "HYRIV_ID": 20577080, "ORD_STRA": 1, "HYBAS_L12": 2120019230.0, "HYBAS_ID": 2120019230 }, "geometry": { "type": "LineString", "coordinates": [ [ -8.700000000000273, 41.666666666666195 ], [ -8.706250000000267, 41.660416666666215 ], [ -8.706250000000267, 41.656249999999552 ], [ -8.714583333333593, 41.647916666666241 ], [ -8.714583333333593, 41.639583333332887 ] ] } },
{ "type": "Feature", "properties": { "HYRIV_ID": 20575883, "ORD_STRA": 1, "HYBAS_L12": 2120019260.0, "HYBAS_ID": 2120019260 }, "geometry": { "type": "LineString", "coordinates": [ [ -8.743750000000233, 41.691666666666201 ], [ -8.743750000000233, 41.702083333332887 ] ] } },
{ "type": "Feature", "properties": { "HYRIV_ID": 20575884, "ORD_STRA": 1, "HYBAS_L12": 2120019260.0, "HYBAS_ID": 2120019260 }, "geometry": { "type": "LineString", "coordinates": [ [ -8.712500000000261, 41.691666666666201 ], [ -8.72291666666689, 41.702083333332887 ], [ -8.72291666666689, 41.706249999999535 ] ] } },
{ "type": "Feature", "properties": { "HYRIV_ID": 20575716, "ORD_STRA": 4, "HYBAS_L12": 2120019260.0, "HYBAS_ID": 2120019260 }, "geometry": { "type": "LineString", "coordinates": [ [ -8.72291666666689, 41.706249999999535 ], [ -8.731250000000216, 41.706249999999535 ], [ -8.735416666666907, 41.702083333332887 ], [ -8.743750000000233, 41.702083333332887 ] ] } },
{ "type": "Feature", "properties": { "HYRIV_ID": 20575634, "ORD_STRA": 4, "HYBAS_L12": 2120019260.0, "HYBAS_ID": 2120019260 }, "geometry": { "type": "LineString", "coordinates": [ [ -8.706250000000267, 41.714583333332904 ], [ -8.71041666666693, 41.714583333332904 ], [ -8.714583333333593, 41.710416666666198 ], [ -8.718750000000199, 41.710416666666198 ], [ -8.72291666666689, 41.706249999999535 ] ] } },
{ "type": "Feature", "properties": { "HYRIV_ID": 20575805, "ORD_STRA": 1, "HYBAS_L12": 2120019260.0, "HYBAS_ID": 2120019260 }, "geometry": { "type": "LineString", "coordinates": [ [ -8.658333333333559, 41.695833333332892 ], [ -8.664583333333553, 41.702083333332887 ], [ -8.664583333333553, 41.706249999999535 ], [ -8.681250000000233, 41.722916666666215 ], [ -8.681250000000233, 41.727083333332878 ] ] } },
{ "type": "Feature", "properties": { "HYRIV_ID": 20575451, "ORD_STRA": 4, "HYBAS_L12": 2120019260.0, "HYBAS_ID": 2120019260 }, "geometry": { "type": "LineString", "coordinates": [ [ -8.685416666666924, 41.727083333332878 ], [ -8.689583333333587, 41.722916666666215 ], [ -8.69375000000025, 41.722916666666215 ], [ -8.697916666666913, 41.718749999999552 ], [ -8.702083333333604, 41.718749999999552 ], [ -8.706250000000267, 41.714583333332904 ] ] } },
{ "type": "Feature", "properties": { "HYRIV_ID": 20575633, "ORD_STRA": 1, "HYBAS_L12": 2120019260.0, "HYBAS_ID": 2120019260 }, "geometry": { "type": "LineString", "coordinates": [ [ -8.731250000000216, 41.745833333332875 ], [ -8.731250000000216, 41.727083333332878 ], [ -8.727083333333553, 41.722916666666215 ], [ -8.727083333333553, 41.714583333332904 ], [ -8.72291666666689, 41.710416666666198 ], [ -8.72291666666689, 41.706249999999535 ] ] } },
{ "type": "Feature", "properties": { "HYRIV_ID": 20575180, "ORD_STRA": 4, "HYBAS_L12": 2120019260.0, "HYBAS_ID": 2120019260 }, "geometry": { "type": "LineString", "coordinates": [ [ -8.681250000000233, 41.727083333332878 ], [ -8.685416666666924, 41.727083333332878 ] ] } },
{ "type": "Feature", "properties": { "HYRIV_ID": 20575450, "ORD_STRA": 2, "HYBAS_L12": 2120019260.0, "HYBAS_ID": 2120019260 }, "geometry": { "type": "LineString", "coordinates": [ [ -8.718750000000199, 41.743749999999558 ], [ -8.71041666666693, 41.735416666666232 ], [ -8.71041666666693, 41.727083333332878 ], [ -8.706250000000267, 41.722916666666215 ], [ -8.706250000000267, 41.714583333332904 ] ] } },
{ "type": "Feature", "properties": { "HYRIV_ID": 20575181, "ORD_STRA": 4, "HYBAS_L12": 2120019260.0, "HYBAS_ID": 2120019260 }, "geometry": { "type": "LineString", "coordinates": [ [ -8.664583333333553, 41.735416666666232 ], [ -8.672916666666907, 41.727083333332878 ], [ -8.681250000000233, 41.727083333332878 ] ] } },
{ "type": "Feature", "properties": { "HYRIV_ID": 20575179, "ORD_STRA": 1, "HYBAS_L12": 2120019260.0, "HYBAS_ID": 2120019260 }, "geometry": { "type": "LineString", "coordinates": [ [ -8.689583333333587, 41.737499999999564 ], [ -8.689583333333587, 41.731249999999541 ], [ -8.685416666666924, 41.727083333332878 ] ] } },
{ "type": "Feature", "properties": { "HYRIV_ID": 20575005, "ORD_STRA": 4, "HYBAS_L12": 2120019260.0, "HYBAS_ID": 2120019260 }, "geometry": { "type": "LineString", "coordinates": [ [ -8.639583333333604, 41.747916666666207 ], [ -8.64791666666693, 41.739583333332895 ], [ -8.652083333333593, 41.739583333332895 ], [ -8.656250000000199, 41.735416666666232 ], [ -8.664583333333553, 41.735416666666232 ] ] } },
{ "type": "Feature", "properties": { "HYRIV_ID": 20574867, "ORD_STRA": 1, "HYBAS_L12": 2120019260.0, "HYBAS_ID": 2120019260 }, "geometry": { "type": "LineString", "coordinates": [ [ -8.708333333333599, 41.749999999999538 ], [ -8.714583333333593, 41.743749999999558 ], [ -8.718750000000199, 41.743749999999558 ] ] } },
{ "type": "Feature", "properties": { "HYRIV_ID": 20574866, "ORD_STRA": 1, "HYBAS_L12": 2120019260.0, "HYBAS_ID": 2120019260 }, "geometry": { "type": "LineString", "coordinates": [ [ -8.727083333333553, 41.766666666666218 ], [ -8.727083333333553, 41.756249999999532 ], [ -8.718750000000199, 41.747916666666207 ], [ -8.718750000000199, 41.743749999999558 ] ] } },
{ "type": "Feature", "properties": { "HYRIV_ID": 20575004, "ORD_STRA": 1, "HYBAS_L12": 2120019260.0, "HYBAS_ID": 2120019260 }, "geometry": { "type": "LineString", "coordinates": [ [ -8.708333333333599, 41.777083333332861 ], [ -8.697916666666913, 41.777083333332861 ], [ -8.681250000000233, 41.760416666666181 ], [ -8.681250000000233, 41.756249999999532 ], [ -8.664583333333553, 41.739583333332895 ], [ -8.664583333333553, 41.735416666666232 ] ] } },
{ "type": "Feature", "properties": { "HYRIV_ID": 20575449, "ORD_STRA": 1, "HYBAS_L12": 2120019270.0, "HYBAS_ID": 2120019270 }, "geometry": { "type": "LineString", "coordinates": [ [ -8.837500000000261, 41.737499999999564 ], [ -8.843750000000256, 41.731249999999541 ], [ -8.843750000000256, 41.727083333332878 ], [ -8.847916666666919, 41.722916666666215 ], [ -8.852083333333525, 41.722916666666215 ], [ -8.856250000000273, 41.718749999999552 ], [ -8.860416666666879, 41.718749999999552 ], [ -8.864583333333542, 41.714583333332904 ] ] } },
{ "type": "Feature", "properties": { "HYRIV_ID": 20575543, "ORD_STRA": 1, "HYBAS_L12": 2120019270.0, "HYBAS_ID": 2120019270 }, "geometry": { "type": "LineString", "coordinates": [ [ -8.781250000000256, 41.749999999999538 ], [ -8.781250000000256, 41.735416666666232 ], [ -8.785416666666862, 41.731249999999541 ], [ -8.785416666666862, 41.722916666666215 ], [ -8.789583333333553, 41.718749999999552 ], [ -8.789583333333553, 41.710416666666198 ] ] } },
{ "type": "Feature", "properties": { "HYRIV_ID": 20574269, "ORD_STRA": 1, "HYBAS_L12": 2120019270.0, "HYBAS_ID": 2120019270 }, "geometry": { "type": "LineString", "coordinates": [ [ -8.841666666666924, 41.772916666666198 ], [ -8.864583333333542, 41.772916666666198 ], [ -8.868750000000233, 41.777083333332861 ] ] } },
{ "type": "Feature", "properties": { "HYRIV_ID": 20574085, "ORD_STRA": 1, "HYBAS_L12": 2120019270.0, "HYBAS_ID": 2120019270 }, "geometry": { "type": "LineString", "coordinates": [ [ -8.754166666666919, 41.779166666666192 ], [ -8.764583333333576, 41.789583333332878 ], [ -8.764583333333576, 41.79791666666619 ] ] } },
{ "type": "Feature", "properties": { "HYRIV_ID": 20573826, "ORD_STRA": 1, "HYBAS_L12": 2120019270.0, "HYBAS_ID": 2120019270 }, "geometry": { "type": "LineString", "coordinates": [ [ -8.783333333333587, 41.79166666666621 ], [ -8.789583333333553, 41.79791666666619 ] ] } },
{ "type": "Feature", "properties": { "HYRIV_ID": 20573825, "ORD_STRA": 1, "HYBAS_L12": 2120019270.0, "HYBAS_ID": 2120019270 }, "geometry": { "type": "LineString", "coordinates": [ [ -8.80208333333357, 41.79166666666621 ], [ -8.80208333333357, 41.802083333332853 ] ] } },
{ "type": "Feature", "properties": { "HYRIV_ID": 20573734, "ORD_STRA": 2, "HYBAS_L12": 2120019270.0, "HYBAS_ID": 2120019270 }, "geometry": { "type": "LineString", "coordinates": [ [ -8.764583333333576, 41.79791666666619 ], [ -8.768750000000267, 41.79791666666619 ], [ -8.77291666666693, 41.802083333332853 ], [ -8.781250000000256, 41.802083333332853 ] ] } },
{ "type": "Feature", "properties": { "HYRIV_ID": 20573732, "ORD_STRA": 3, "HYBAS_L12": 2120019270.0, "HYBAS_ID": 2120019270 }, "geometry": { "type": "LineString", "coordinates": [ [ -8.789583333333553, 41.79791666666619 ], [ -8.793750000000216, 41.802083333332853 ], [ -8.80208333333357, 41.802083333332853 ] ] } },
{ "type": "Feature", "properties": { "HYRIV_ID": 20573733, "ORD_STRA": 3, "HYBAS_L12": 2120019270.0, "HYBAS_ID": 2120019270 }, "geometry": { "type": "LineString", "coordinates": [ [ -8.781250000000256, 41.802083333332853 ], [ -8.785416666666862, 41.802083333332853 ], [ -8.789583333333553, 41.79791666666619 ] ] } },
{ "type": "Feature", "properties": { "HYRIV_ID": 20573731, "ORD_STRA": 3, "HYBAS_L12": 2120019270.0, "HYBAS_ID": 2120019270 }, "geometry": { "type": "LineString", "coordinates": [ [ -8.80208333333357, 41.802083333332853 ], [ -8.806250000000233, 41.802083333332853 ], [ -8.810416666666896, 41.79791666666619 ], [ -8.814583333333587, 41.802083333332853 ], [ -8.83541666666693, 41.802083333332853 ], [ -8.839583333333593, 41.806249999999558 ], [ -8.856250000000273, 41.806249999999558 ], [ -8.860416666666879, 41.810416666666207 ], [ -8.864583333333542, 41.810416666666207 ] ] } },
{ "type": "Feature", "properties": { "HYRIV_ID": 20574270, "ORD_STRA": 2, "HYBAS_L12": 2121211870.0, "HYBAS_ID": 2121211870 }, "geometry": { "type": "LineString", "coordinates": [ [ -8.589583333333536, 41.793749999999541 ], [ -8.589583333333536, 41.781249999999524 ], [ -8.58541666666693, 41.777083333332861 ], [ -8.58541666666693, 41.772916666666198 ] ] } },
{ "type": "Feature", "properties": { "HYRIV_ID": 20573830, "ORD_STRA": 1, "HYBAS_L12": 2121211870.0, "HYBAS_ID": 2121211870 }, "geometry": { "type": "LineString", "coordinates": [ [ -8.579166666666936, 41.793749999999541 ], [ -8.589583333333536, 41.793749999999541 ] ] } },
{ "type": "Feature", "properties": { "HYRIV_ID": 20573827, "ORD_STRA": 1, "HYBAS_L12": 2121211870.0, "HYBAS_ID": 2121211870 }, "geometry": { "type": "LineString", "coordinates": [ [ -8.64791666666693, 41.799999999999521 ], [ -8.64791666666693, 41.793749999999541 ] ] } },
{ "type": "Feature", "properties": { "HYRIV_ID": 20573828, "ORD_STRA": 2, "HYBAS_L12": 2121211870.0, "HYBAS_ID": 2121211870 }, "geometry": { "type": "LineString", "coordinates": [ [ -8.643750000000267, 41.810416666666207 ], [ -8.639583333333604, 41.806249999999558 ], [ -8.639583333333604, 41.802083333332853 ], [ -8.64791666666693, 41.793749999999541 ] ] } },
{ "type": "Feature", "properties": { "HYRIV_ID": 20573829, "ORD_STRA": 2, "HYBAS_L12": 2121211870.0, "HYBAS_ID": 2121211870 }, "geometry": { "type": "LineString", "coordinates": [ [ -8.59791666666689, 41.81458333333287 ], [ -8.59791666666689, 41.806249999999558 ], [ -8.589583333333536, 41.79791666666619 ], [ -8.589583333333536, 41.793749999999541 ] ] } },
{ "type": "Feature", "properties": { "HYRIV_ID": 20573496, "ORD_STRA": 2, "HYBAS_L12": 2121211870.0, "HYBAS_ID": 2121211870 }, "geometry": { "type": "LineString", "coordinates": [ [ -8.643750000000267, 41.81458333333287 ], [ -8.643750000000267, 41.810416666666207 ] ] } },
{ "type": "Feature", "properties": { "HYRIV_ID": 20573410, "ORD_STRA": 1, "HYBAS_L12": 2121211870.0, "HYBAS_ID": 2121211870 }, "geometry": { "type": "LineString", "coordinates": [ [ -8.604166666666885, 41.81458333333287 ], [ -8.59791666666689, 41.81458333333287 ] ] } },
{ "type": "Feature", "properties": { "HYRIV_ID": 20573408, "ORD_STRA": 1, "HYBAS_L12": 2121211870.0, "HYBAS_ID": 2121211870 }, "geometry": { "type": "LineString", "coordinates": [ [ -8.650000000000261, 41.81458333333287 ], [ -8.643750000000267, 41.81458333333287 ] ] } },
{ "type": "Feature", "properties": { "HYRIV_ID": 20573411, "ORD_STRA": 2, "HYBAS_L12": 2121211870.0, "HYBAS_ID": 2121211870 }, "geometry": { "type": "LineString", "coordinates": [ [ -8.59791666666689, 41.822916666666181 ], [ -8.59791666666689, 41.81458333333287 ] ] } },
{ "type": "Feature", "properties": { "HYRIV_ID": 20573249, "ORD_STRA": 1, "HYBAS_L12": 2121211870.0, "HYBAS_ID": 2121211870 }, "geometry": { "type": "LineString", "coordinates": [ [ -8.558333333333593, 41.827083333332887 ], [ -8.581250000000267, 41.827083333332887 ], [ -8.58541666666693, 41.822916666666181 ], [ -8.59791666666689, 41.822916666666181 ] ] } },
{ "type": "Feature", "properties": { "HYRIV_ID": 20573735, "ORD_STRA": 1, "HYBAS_L12": 2120019270.0, "HYBAS_ID": 2120019270 }, "geometry": { "type": "LineString", "coordinates": [ [ -8.725000000000222, 41.812499999999538 ], [ -8.731250000000216, 41.806249999999558 ], [ -8.731250000000216, 41.802083333332853 ], [ -8.735416666666907, 41.79791666666619 ], [ -8.764583333333576, 41.79791666666619 ] ] } },
{ "type": "Feature", "properties": { "HYRIV_ID": 20573495, "ORD_STRA": 1, "HYBAS_L12": 2121211870.0, "HYBAS_ID": 2121211870 }, "geometry": { "type": "LineString", "coordinates": [ [ -8.658333333333559, 41.810416666666207 ], [ -8.643750000000267, 41.810416666666207 ] ] } },
{ "type": "Feature", "properties": { "HYRIV_ID": 20572824, "ORD_STRA": 1, "HYBAS_L12": 2120019290.0, "HYBAS_ID": 2120019290 }, "geometry": { "type": "LineString", "coordinates": [ [ -8.706250000000267, 41.841666666666235 ], [ -8.706250000000267, 41.856249999999541 ], [ -8.71041666666693, 41.860416666666204 ], [ -8.718750000000199, 41.860416666666204 ], [ -8.72291666666689, 41.864583333332853 ], [ -8.72291666666689, 41.868749999999515 ] ] } },
{ "type": "Feature", "properties": { "HYRIV_ID": 20572741, "ORD_STRA": 1, "HYBAS_L12": 2120019290.0, "HYBAS_ID": 2120019290 }, "geometry": { "type": "LineString", "coordinates": [ [ -8.733333333333547, 41.845833333332898 ], [ -8.727083333333553, 41.852083333332878 ], [ -8.727083333333553, 41.864583333332853 ], [ -8.72291666666689, 41.868749999999515 ] ] } },
{ "type": "Feature", "properties": { "HYRIV_ID": 20572266, "ORD_STRA": 2, "HYBAS_L12": 2120019290.0, "HYBAS_ID": 2120019290 }, "geometry": { "type": "LineString", "coordinates": [ [ -8.72291666666689, 41.868749999999515 ], [ -8.731250000000216, 41.87708333333287 ] ] } },
{ "type": "Feature", "properties": { "HYRIV_ID": 20572361, "ORD_STRA": 1, "HYBAS_L12": 2121210680.0, "HYBAS_ID": 2121210680 }, "geometry": { "type": "LineString", "coordinates": [ [ -8.637500000000244, 41.864583333332853 ], [ -8.643750000000267, 41.864583333332853 ], [ -8.66041666666689, 41.881249999999532 ], [ -8.66041666666689, 41.885416666666195 ] ] } },
{ "type": "Feature", "properties": { "HYRIV_ID": 20572188, "ORD_STRA": 1, "HYBAS_L12": 2120019290.0, "HYBAS_ID": 2120019290 }, "geometry": { "type": "LineString", "coordinates": [ [ -8.670833333333576, 41.872916666666221 ], [ -8.67708333333357, 41.872916666666221 ], [ -8.685416666666924, 41.881249999999532 ] ] } },
{ "type": "Feature", "properties": { "HYRIV_ID": 20572102, "ORD_STRA": 3, "HYBAS_L12": 2120019290.0, "HYBAS_ID": 2120019290 }, "geometry": { "type": "LineString", "coordinates": [ [ -8.685416666666924, 41.881249999999532 ], [ -8.689583333333587, 41.881249999999532 ], [ -8.69375000000025, 41.87708333333287 ], [ -8.702083333333604, 41.87708333333287 ], [ -8.706250000000267, 41.881249999999532 ], [ -8.731250000000216, 41.881249999999532 ], [ -8.731250000000216, 41.87708333333287 ] ] } },
{ "type": "Feature", "properties": { "HYRIV_ID": 20572009, "ORD_STRA": 3, "HYBAS_L12": 2120019290.0, "HYBAS_ID": 2120019290 }, "geometry": { "type": "LineString", "coordinates": [ [ -8.668750000000216, 41.889583333332844 ], [ -8.672916666666907, 41.889583333332844 ], [ -8.67708333333357, 41.885416666666195 ], [ -8.681250000000233, 41.885416666666195 ], [ -8.685416666666924, 41.881249999999532 ] ] } },
{ "type": "Feature", "properties": { "HYRIV_ID": 20571914, "ORD_STRA": 3, "HYBAS_L12": 2120019290.0, "HYBAS_ID": 2120019290 }, "geometry": { "type": "LineString", "coordinates": [ [ -8.66041666666689, 41.885416666666195 ], [ -8.664583333333553, 41.885416666666195 ], [ -8.668750000000216, 41.889583333332844 ] ] } },
{ "type": "Feature", "properties": { "HYRIV_ID": 20573673, "ORD_STRA": 2, "HYBAS_L12": 2120019270.0, "HYBAS_ID": 2120019270 }, "geometry": { "type": "LineString", "coordinates": [ [ -8.777083333333593, 41.81458333333287 ], [ -8.777083333333593, 41.810416666666207 ], [ -8.781250000000256, 41.806249999999558 ], [ -8.781250000000256, 41.802083333332853 ] ] } },
{ "type": "Feature", "properties": { "HYRIV_ID": 20573407, "ORD_STRA": 1, "HYBAS_L12": 2120019270.0, "HYBAS_ID": 2120019270 }, "geometry": { "type": "LineString", "coordinates": [ [ -8.770833333333599, 41.81458333333287 ], [ -8.777083333333593, 41.81458333333287 ] ] } },
{ "type": "Feature", "properties": { "HYRIV_ID": 20573406, "ORD_STRA": 1, "HYBAS_L12": 2120019270.0, "HYBAS_ID": 2120019270 }, "geometry": { "type": "LineString", "coordinates": [ [ -8.777083333333593, 41.824999999999513 ], [ -8.777083333333593, 41.81458333333287 ] ] } },
{ "type": "Feature", "properties": { "HYRIV_ID": 20572740, "ORD_STRA": 1, "HYBAS_L12": 2120019290.0, "HYBAS_ID": 2120019290 }, "geometry": { "type": "LineString", "coordinates": [ [ -8.810416666666896, 41.845833333332898 ], [ -8.810416666666896, 41.868749999999515 ] ] } },
{ "type": "Feature", "properties": { "HYRIV_ID": 20572543, "ORD_STRA": 1, "HYBAS_L12": 2120019290.0, "HYBAS_ID": 2120019290 }, "geometry": { "type": "LineString", "coordinates": [ [ -8.775000000000261, 41.85416666666621 ], [ -8.789583333333553, 41.868749999999515 ], [ -8.793750000000216, 41.864583333332853 ], [ -8.80208333333357, 41.864583333332853 ], [ -8.806250000000233, 41.868749999999515 ] ] } },
{ "type": "Feature", "properties": { "HYRIV_ID": 20572443, "ORD_STRA": 1, "HYBAS_L12": 2120019280.0, "HYBAS_ID": 2120019280 }, "geometry": { "type": "LineString", "coordinates": [ [ -8.854166666666941, 41.858333333332872 ], [ -8.847916666666919, 41.864583333332853 ], [ -8.847916666666919, 41.868749999999515 ] ] } },
{ "type": "Feature", "properties": { "HYRIV_ID": 20572264, "ORD_STRA": 3, "HYBAS_L12": 2120019290.0, "HYBAS_ID": 2120019290 }, "geometry": { "type": "LineString", "coordinates": [ [ -8.806250000000233, 41.868749999999515 ], [ -8.810416666666896, 41.868749999999515 ] ] } },
{ "type": "Feature", "properties": { "HYRIV_ID": 20572263, "ORD_STRA": 3, "HYBAS_L12": 2120019290.0, "HYBAS_ID": 2120019290 }, "geometry": { "type": "LineString", "coordinates": [ [ -8.810416666666896, 41.868749999999515 ], [ -8.814583333333587, 41.872916666666221 ], [ -8.81875000000025, 41.868749999999515 ], [ -8.822916666666913, 41.868749999999515 ], [ -8.83541666666693, 41.881249999999532 ] ] } },
{ "type": "Feature", "properties": { "HYRIV_ID": 20572187, "ORD_STRA": 3, "HYBAS_L12": 2120019290.0, "HYBAS_ID": 2120019290 }, "geometry": { "type": "LineString", "coordinates": [ [ -8.731250000000216, 41.87708333333287 ], [ -8.735416666666907, 41.87708333333287 ], [ -8.73958333333357, 41.872916666666221 ], [ -8.743750000000233, 41.87708333333287 ], [ -8.747916666666924, 41.87708333333287 ], [ -8.752083333333587, 41.881249999999532 ], [ -8.760416666666941, 41.881249999999532 ], [ -8.764583333333576, 41.885416666666195 ], [ -8.764583333333576, 41.889583333332844 ] ] } },
{ "type": "Feature", "properties": { "HYRIV_ID": 20572265, "ORD_STRA": 3, "HYBAS_L12": 2120019290.0, "HYBAS_ID": 2120019290 }, "geometry": { "type": "LineString", "coordinates": [ [ -8.764583333333576, 41.889583333332844 ], [ -8.768750000000267, 41.89374999999955 ], [ -8.77291666666693, 41.89374999999955 ], [ -8.777083333333593, 41.889583333332844 ], [ -8.789583333333553, 41.889583333332844 ], [ -8.797916666666879, 41.881249999999532 ], [ -8.797916666666879, 41.87708333333287 ], [ -8.806250000000233, 41.868749999999515 ] ] } },
{ "type": "Feature", "properties": { "HYRIV_ID": 20573409, "ORD_STRA": 1, "HYBAS_L12": 2121211870.0, "HYBAS_ID": 2121211870 }, "geometry": { "type": "LineString", "coordinates": [ [ -8.645833333333599, 41.83749999999953 ], [ -8.639583333333604, 41.83124999999955 ], [ -8.639583333333604, 41.818749999999532 ], [ -8.643750000000267, 41.81458333333287 ] ] } },
{ "type": "Feature", "properties": { "HYRIV_ID": 20573248, "ORD_STRA": 2, "HYBAS_L12": 2121211870.0, "HYBAS_ID": 2121211870 }, "geometry": { "type": "LineString", "coordinates": [ [ -8.593750000000227, 41.83124999999955 ], [ -8.593750000000227, 41.827083333332887 ], [ -8.59791666666689, 41.822916666666181 ] ] } },
{ "type": "Feature", "properties": { "HYRIV_ID": 20573070, "ORD_STRA": 1, "HYBAS_L12": 2121211870.0, "HYBAS_ID": 2121211870 }, "geometry": { "type": "LineString", "coordinates": [ [ -8.545833333333576, 41.852083333332878 ], [ -8.564583333333587, 41.852083333332878 ], [ -8.568750000000279, 41.847916666666229 ], [ -8.572916666666941, 41.847916666666229 ], [ -8.577083333333604, 41.843749999999567 ], [ -8.581250000000267, 41.843749999999567 ], [ -8.593750000000227, 41.83124999999955 ] ] } },
{ "type": "Feature", "properties": { "HYRIV_ID": 20573069, "ORD_STRA": 1, "HYBAS_L12": 2121211870.0, "HYBAS_ID": 2121211870 }, "geometry": { "type": "LineString", "coordinates": [ [ -8.604166666666885, 41.85416666666621 ], [ -8.59791666666689, 41.847916666666229 ], [ -8.59791666666689, 41.839583333332904 ], [ -8.593750000000227, 41.835416666666212 ], [ -8.593750000000227, 41.83124999999955 ] ] } },
{ "type": "Feature", "properties": { "HYRIV_ID": 20572010, "ORD_STRA": 1, "HYBAS_L12": 2121210680.0, "HYBAS_ID": 2121210680 }, "geometry": { "type": "LineString", "coordinates": [ [ -8.604166666666885, 41.885416666666195 ], [ -8.622916666666924, 41.885416666666195 ], [ -8.627083333333587, 41.881249999999532 ], [ -8.63125000000025, 41.881249999999532 ], [ -8.639583333333604, 41.889583333332844 ], [ -8.639583333333604, 41.89374999999955 ] ] } },
{ "type": "Feature", "properties": { "HYRIV_ID": 20571822, "ORD_STRA": 3, "HYBAS_L12": 2121210680.0, "HYBAS_ID": 2121210680 }, "geometry": { "type": "LineString", "coordinates": [ [ -8.639583333333604, 41.89374999999955 ], [ -8.64791666666693, 41.89374999999955 ], [ -8.652083333333593, 41.889583333332844 ], [ -8.656250000000199, 41.889583333332844 ] ] } },
{ "type": "Feature", "properties": { "HYRIV_ID": 20571823, "ORD_STRA": 1, "HYBAS_L12": 2121210680.0, "HYBAS_ID": 2121210680 }, "geometry": { "type": "LineString", "coordinates": [ [ -8.570833333333582, 41.887499999999527 ], [ -8.577083333333604, 41.89374999999955 ], [ -8.577083333333604, 41.897916666666212 ], [ -8.58541666666693, 41.906249999999524 ], [ -8.58541666666693, 41.910416666666229 ], [ -8.589583333333536, 41.910416666666229 ], [ -8.589583333333536, 41.914583333332878 ] ] } },
{ "type": "Feature", "properties": { "HYRIV_ID": 20571724, "ORD_STRA": 3, "HYBAS_L12": 2121210680.0, "HYBAS_ID": 2121210680 }, "geometry": { "type": "LineString", "coordinates": [ [ -8.59791666666689, 41.914583333332878 ], [ -8.61458333333357, 41.914583333332878 ], [ -8.618750000000261, 41.910416666666229 ], [ -8.622916666666924, 41.910416666666229 ], [ -8.635416666666941, 41.897916666666212 ], [ -8.635416666666941, 41.89374999999955 ], [ -8.639583333333604, 41.89374999999955 ] ] } },
{ "type": "Feature", "properties": { "HYRIV_ID": 20571301, "ORD_STRA": 3, "HYBAS_L12": 2121210680.0, "HYBAS_ID": 2121210680 }, "geometry": { "type": "LineString", "coordinates": [ [ -8.589583333333536, 41.914583333332878 ], [ -8.59791666666689, 41.914583333332878 ] ] } },
{ "type": "Feature", "properties": { "HYRIV_ID": 20571302, "ORD_STRA": 3, "HYBAS_L12": 2121210680.0, "HYBAS_ID": 2121210680 }, "geometry": { "type": "LineString", "coordinates": [ [ -8.552083333333599, 41.918749999999541 ], [ -8.581250000000267, 41.918749999999541 ], [ -8.58541666666693, 41.914583333332878 ], [ -8.589583333333536, 41.914583333332878 ] ] } },
{ "type": "Feature", "properties": { "HYRIV_ID": 20579241, "ORD_STRA": 3, "HYBAS_L12": 2121214100.0, "HYBAS_ID": 2121214100 }, "geometry": { "type": "LineString", "coordinates": [ [ -8.231250000000273, 41.552083333332881 ], [ -8.233333333333142, 41.55 ] ] } },
{ "type": "Feature", "properties": { "HYRIV_ID": 20579157, "ORD_STRA": 2, "HYBAS_L12": 2121214100.0, "HYBAS_ID": 2121214100 }, "geometry": { "type": "LineString", "coordinates": [ [ -8.225000000000726, 41.55 ], [ -8.22708333333361, 41.552083333332881 ], [ -8.231250000000273, 41.552083333332881 ] ] } },
{ "type": "Feature", "properties": { "HYRIV_ID": 20579239, "ORD_STRA": 2, "HYBAS_L12": 2121214100.0, "HYBAS_ID": 2121214100 }, "geometry": { "type": "LineString", "coordinates": [ [ -8.264583333333547, 41.568749999999561 ], [ -8.264583333333547, 41.560416666666207 ], [ -8.260416666666941, 41.556249999999544 ], [ -8.260416666666941, 41.55 ] ] } },
{ "type": "Feature", "properties": { "HYRIV_ID": 20579075, "ORD_STRA": 3, "HYBAS_L12": 2121213580.0, "HYBAS_ID": 2121213582 }, "geometry": { "type": "LineString", "coordinates": [ [ -8.177083333333599, 41.572916666666224 ], [ -8.185416666666868, 41.572916666666224 ], [ -8.189583333333616, 41.568749999999561 ], [ -8.197916666666885, 41.568749999999561 ], [ -8.206250000000239, 41.560416666666207 ], [ -8.214583333333593, 41.560416666666207 ], [ -8.218750000000256, 41.556249999999544 ], [ -8.22708333333361, 41.556249999999544 ], [ -8.231250000000273, 41.552083333332881 ] ] } },
{ "type": "Feature", "properties": { "HYRIV_ID": 20578717, "ORD_STRA": 1, "HYBAS_L12": 2121214100.0, "HYBAS_ID": 2121214100 }, "geometry": { "type": "LineString", "coordinates": [ [ -8.300000000000267, 41.572916666666224 ], [ -8.268750000000239, 41.572916666666224 ], [ -8.264583333333547, 41.568749999999561 ] ] } },
{ "type": "Feature", "properties": { "HYRIV_ID": 20578718, "ORD_STRA": 2, "HYBAS_L12": 2121214100.0, "HYBAS_ID": 2121214100 }, "geometry": { "type": "LineString", "coordinates": [ [ -8.264583333333547, 41.572916666666224 ], [ -8.264583333333547, 41.568749999999561 ] ] } },
{ "type": "Feature", "properties": { "HYRIV_ID": 20579240, "ORD_STRA": 2, "HYBAS_L12": 2121214100.0, "HYBAS_ID": 2121214100 }, "geometry": { "type": "LineString", "coordinates": [ [ -8.214583333333593, 41.602083333332864 ], [ -8.218750000000256, 41.602083333332864 ], [ -8.22708333333361, 41.593749999999552 ], [ -8.22708333333361, 41.589583333332847 ], [ -8.222916666666919, 41.585416666666198 ], [ -8.231250000000273, 41.577083333332872 ], [ -8.235416666666936, 41.577083333332872 ], [ -8.239583333333599, 41.572916666666224 ], [ -8.239583333333599, 41.560416666666207 ], [ -8.247916666666953, 41.552083333332881 ], [ -8.245833333334069, 41.55 ] ] } },
{ "type": "Feature", "properties": { "HYRIV_ID": 20578617, "ORD_STRA": 1, "HYBAS_L12": 2121214100.0, "HYBAS_ID": 2121214100 }, "geometry": { "type": "LineString", "coordinates": [ [ -8.266666666666907, 41.604166666666195 ], [ -8.272916666666902, 41.597916666666215 ], [ -8.272916666666902, 41.581249999999535 ], [ -8.264583333333547, 41.572916666666224 ] ] } },
{ "type": "Feature", "properties": { "HYRIV_ID": 20578618, "ORD_STRA": 1, "HYBAS_L12": 2121214100.0, "HYBAS_ID": 2121214100 }, "geometry": { "type": "LineString", "coordinates": [ [ -8.24166666666693, 41.612499999999564 ], [ -8.247916666666953, 41.606249999999527 ], [ -8.25208333333353, 41.606249999999527 ], [ -8.260416666666941, 41.597916666666215 ], [ -8.260416666666941, 41.593749999999552 ], [ -8.256250000000279, 41.589583333332847 ], [ -8.256250000000279, 41.581249999999535 ], [ -8.264583333333547, 41.572916666666224 ] ] } },
{ "type": "Feature", "properties": { "HYRIV_ID": 20578073, "ORD_STRA": 1, "HYBAS_L12": 2121214100.0, "HYBAS_ID": 2121214100 }, "geometry": { "type": "LineString", "coordinates": [ [ -8.19166666666689, 41.604166666666195 ], [ -8.197916666666885, 41.597916666666215 ], [ -8.202083333333576, 41.597916666666215 ], [ -8.206250000000239, 41.602083333332864 ], [ -8.210416666666902, 41.597916666666215 ], [ -8.214583333333593, 41.602083333332864 ] ] } },
{ "type": "Feature", "properties": { "HYRIV_ID": 20578806, "ORD_STRA": 1, "HYBAS_L12": 2121213580.0, "HYBAS_ID": 2121213581 }, "geometry": { "type": "LineString", "coordinates": [ [ -8.166666666666941, 41.564583333332855 ], [ -8.172916666666936, 41.564583333332855 ], [ -8.177083333333599, 41.568749999999561 ], [ -8.177083333333599, 41.572916666666224 ] ] } },
{ "type": "Feature", "properties": { "HYRIV_ID": 20578807, "ORD_STRA": 1, "HYBAS_L12": 2121213580.0, "HYBAS_ID": 2121213581 }, "geometry": { "type": "LineString", "coordinates": [ [ -8.100000000000279, 41.562499999999524 ], [ -8.106250000000273, 41.568749999999561 ], [ -8.106250000000273, 41.577083333332872 ] ] } },
{ "type": "Feature", "properties": { "HYRIV_ID": 20578620, "ORD_STRA": 1, "HYBAS_L12": 2121213580.0, "HYBAS_ID": 2121213581 }, "geometry": { "type": "LineString", "coordinates": [ [ -8.114583333333599, 41.570833333332892 ], [ -8.114583333333599, 41.581249999999535 ] ] } },
{ "type": "Feature", "properties": { "HYRIV_ID": 20578533, "ORD_STRA": 2, "HYBAS_L12": 2121213580.0, "HYBAS_ID": 2121213582 }, "geometry": { "type": "LineString", "coordinates": [ [ -8.106250000000273, 41.577083333332872 ], [ -8.110416666666936, 41.577083333332872 ], [ -8.114583333333599, 41.581249999999535 ] ] } },
{ "type": "Feature", "properties": { "HYRIV_ID": 20578619, "ORD_STRA": 3, "HYBAS_L12": 2121213580.0, "HYBAS_ID": 2121213582 }, "geometry": { "type": "LineString", "coordinates": [ [ -8.127083333333559, 41.593749999999552 ], [ -8.135416666666913, 41.585416666666198 ], [ -8.139583333333576, 41.585416666666198 ], [ -8.14791666666693, 41.577083333332872 ], [ -8.156250000000256, 41.577083333332872 ], [ -8.160416666666947, 41.572916666666224 ], [ -8.164583333333582, 41.577083333332872 ], [ -8.172916666666936, 41.577083333332872 ], [ -8.177083333333599, 41.572916666666224 ] ] } },
{ "type": "Feature", "properties": { "HYRIV_ID": 20578436, "ORD_STRA": 2, "HYBAS_L12": 2121213580.0, "HYBAS_ID": 2129806761 }, "geometry": { "type": "LineString", "coordinates": [ [ -8.114583333333599, 41.581249999999535 ], [ -8.114583333333599, 41.585416666666198 ], [ -8.118750000000205, 41.589583333332847 ], [ -8.122916666666953, 41.589583333332847 ], [ -8.127083333333559, 41.593749999999552 ] ] } },
{ "type": "Feature", "properties": { "HYRIV_ID": 20578534, "ORD_STRA": 1, "HYBAS_L12": 2121213580.0, "HYBAS_ID": 2121213582 }, "geometry": { "type": "LineString", "coordinates": [ [ -8.1, 41.577083333332872 ], [ -8.106250000000273, 41.577083333332872 ] ] } },
{ "type": "Feature", "properties": { "HYRIV_ID": 20578160, "ORD_STRA": 2, "HYBAS_L12": 2121213580.0, "HYBAS_ID": 2121213582 }, "geometry": { "type": "LineString", "coordinates": [ [ -8.118750000000205, 41.602083333332864 ], [ -8.127083333333559, 41.593749999999552 ] ] } },
{ "type": "Feature", "properties": { "HYRIV_ID": 20577978, "ORD_STRA": 1, "HYBAS_L12": 2121213580.0, "HYBAS_ID": 2121213582 }, "geometry": { "type": "LineString", "coordinates": [ [ -8.118750000000205, 41.608333333332858 ], [ -8.118750000000205, 41.602083333332864 ] ] } },
{ "type": "Feature", "properties": { "HYRIV_ID": 20578159, "ORD_STRA": 2, "HYBAS_L12": 2121213580.0, "HYBAS_ID": 2121213582 }, "geometry": { "type": "LineString", "coordinates": [ [ -8.139583333333576, 41.618749999999544 ], [ -8.135416666666913, 41.614583333332881 ], [ -8.135416666666913, 41.602083333332864 ], [ -8.127083333333559, 41.593749999999552 ] ] } },
{ "type": "Feature", "properties": { "HYRIV_ID": 20577979, "ORD_STRA": 2, "HYBAS_L12": 2121213580.0, "HYBAS_ID": 2121213582 }, "geometry": { "type": "LineString", "coordinates": [ [ -8.1, 41.602083333332864 ], [ -8.118750000000205, 41.602083333332864 ] ] } },
{ "type": "Feature", "properties": { "HYRIV_ID": 20577586, "ORD_STRA": 1, "HYBAS_L12": 2121213580.0, "HYBAS_ID": 2121213582 }, "geometry": { "type": "LineString", "coordinates": [ [ -8.14583333333357, 41.618749999999544 ], [ -8.139583333333576, 41.618749999999544 ] ] } },
{ "type": "Feature", "properties": { "HYRIV_ID": 20577587, "ORD_STRA": 2, "HYBAS_L12": 2121213580.0, "HYBAS_ID": 2121213582 }, "geometry": { "type": "LineString", "coordinates": [ [ -8.135416666666913, 41.635416666666224 ], [ -8.135416666666913, 41.622916666666207 ], [ -8.139583333333576, 41.618749999999544 ] ] } },
{ "type": "Feature", "properties": { "HYRIV_ID": 20577299, "ORD_STRA": 1, "HYBAS_L12": 2121213580.0, "HYBAS_ID": 2121213582 }, "geometry": { "type": "LineString", "coordinates": [ [ -8.170833333333604, 41.631249999999561 ], [ -8.164583333333582, 41.631249999999561 ], [ -8.160416666666947, 41.635416666666224 ], [ -8.152083333333593, 41.635416666666224 ], [ -8.14791666666693, 41.639583333332887 ], [ -8.139583333333576, 41.639583333332887 ], [ -8.135416666666913, 41.635416666666224 ] ] } },
{ "type": "Feature", "properties": { "HYRIV_ID": 20577190, "ORD_STRA": 1, "HYBAS_L12": 2121213580.0, "HYBAS_ID": 2121213582 }, "geometry": { "type": "LineString", "coordinates": [ [ -8.1, 41.643749999999535 ], [ -8.122916666666953, 41.643749999999535 ], [ -8.131250000000279, 41.635416666666224 ], [ -8.135416666666913, 41.635416666666224 ] ] } },
{ "type": "Feature", "properties": { "HYRIV_ID": 20576254, "ORD_STRA": 4, "HYBAS_L12": 2121212580.0, "HYBAS_ID": 2129434551 }, "geometry": { "type": "LineString", "coordinates": [ [ -8.168750000000273, 41.681249999999544 ], [ -8.172916666666936, 41.677083333332853 ], [ -8.177083333333599, 41.677083333332853 ] ] } },
{ "type": "Feature", "properties": { "HYRIV_ID": 20576155, "ORD_STRA": 4, "HYBAS_L12": 2121212580.0, "HYBAS_ID": 2129434551 }, "geometry": { "type": "LineString", "coordinates": [ [ -8.118750000000205, 41.68958333333287 ], [ -8.131250000000279, 41.68958333333287 ], [ -8.135416666666913, 41.685416666666207 ], [ -8.14791666666693, 41.685416666666207 ], [ -8.152083333333593, 41.681249999999544 ], [ -8.168750000000273, 41.681249999999544 ] ] } },
{ "type": "Feature", "properties": { "HYRIV_ID": 20575977, "ORD_STRA": 4, "HYBAS_L12": 2121212340.0, "HYBAS_ID": 2121212342 }, "geometry": { "type": "LineString", "coordinates": [ [ -8.1, 41.68958333333287 ], [ -8.118750000000205, 41.68958333333287 ] ] } },
{ "type": "Feature", "properties": { "HYRIV_ID": 20575976, "ORD_STRA": 2, "HYBAS_L12": 2121212340.0, "HYBAS_ID": 2121212342 }, "geometry": { "type": "LineString", "coordinates": [ [ -8.110416666666936, 41.702083333332887 ], [ -8.118750000000205, 41.693749999999518 ], [ -8.118750000000205, 41.68958333333287 ] ] } },
{ "type": "Feature", "properties": { "HYRIV_ID": 20575720, "ORD_STRA": 2, "HYBAS_L12": 2121212340.0, "HYBAS_ID": 2121212342 }, "geometry": { "type": "LineString", "coordinates": [ [ -8.1, 41.706249999999535 ], [ -8.10208333333361, 41.706249999999535 ], [ -8.106250000000273, 41.702083333332887 ], [ -8.110416666666936, 41.702083333332887 ] ] } },
{ "type": "Feature", "properties": { "HYRIV_ID": 20577977, "ORD_STRA": 1, "HYBAS_L12": 2121214100.0, "HYBAS_ID": 2121214100 }, "geometry": { "type": "LineString", "coordinates": [ [ -8.20833333333357, 41.608333333332858 ], [ -8.214583333333593, 41.602083333332864 ] ] } },
{ "type": "Feature", "properties": { "HYRIV_ID": 20576987, "ORD_STRA": 4, "HYBAS_L12": 2120610260.0, "HYBAS_ID": 2120610260 }, "geometry": { "type": "LineString", "coordinates": [ [ -8.268750000000239, 41.652083333332861 ], [ -8.289583333333582, 41.652083333332861 ], [ -8.293750000000273, 41.647916666666241 ], [ -8.302083333333599, 41.647916666666241 ], [ -8.306250000000261, 41.643749999999535 ] ] } },
{ "type": "Feature", "properties": { "HYRIV_ID": 20576790, "ORD_STRA": 2, "HYBAS_L12": 2120610260.0, "HYBAS_ID": 2120610260 }, "geometry": { "type": "LineString", "coordinates": [ [ -8.268750000000239, 41.664583333332878 ], [ -8.268750000000239, 41.652083333332861 ] ] } },
{ "type": "Feature", "properties": { "HYRIV_ID": 20576791, "ORD_STRA": 4, "HYBAS_L12": 2121212580.0, "HYBAS_ID": 2121212582 }, "geometry": { "type": "LineString", "coordinates": [ [ -8.177083333333599, 41.677083333332853 ], [ -8.181250000000261, 41.67291666666619 ], [ -8.181250000000261, 41.668749999999527 ], [ -8.193750000000279, 41.656249999999552 ], [ -8.202083333333576, 41.656249999999552 ], [ -8.206250000000239, 41.652083333332861 ], [ -8.25208333333353, 41.652083333332861 ], [ -8.256250000000279, 41.656249999999552 ], [ -8.264583333333547, 41.656249999999552 ], [ -8.268750000000239, 41.652083333332861 ] ] } },
{ "type": "Feature", "properties": { "HYRIV_ID": 20576524, "ORD_STRA": 1, "HYBAS_L12": 2120610260.0, "HYBAS_ID": 2120610260 }, "geometry": { "type": "LineString", "coordinates": [ [ -8.279166666666924, 41.674999999999521 ], [ -8.268750000000239, 41.664583333332878 ] ] } },
{ "type": "Feature", "properties": { "HYRIV_ID": 20576525, "ORD_STRA": 1, "HYBAS_L12": 2120610260.0, "HYBAS_ID": 2120610260 }, "geometry": { "type": "LineString", "coordinates": [ [ -8.247916666666953, 41.691666666666201 ], [ -8.247916666666953, 41.685416666666207 ], [ -8.268750000000239, 41.664583333332878 ] ] } },
{ "type": "Feature", "properties": { "HYRIV_ID": 20576253, "ORD_STRA": 1, "HYBAS_L12": 2121212580.0, "HYBAS_ID": 2121212582 }, "geometry": { "type": "LineString", "coordinates": [ [ -8.210416666666902, 41.72916666666621 ], [ -8.210416666666902, 41.722916666666215 ], [ -8.214583333333593, 41.718749999999552 ], [ -8.214583333333593, 41.710416666666198 ], [ -8.189583333333616, 41.685416666666207 ], [ -8.185416666666868, 41.685416666666207 ], [ -8.177083333333599, 41.677083333332853 ] ] } },
{ "type": "Feature", "properties": { "HYRIV_ID": 20575008, "ORD_STRA": 1, "HYBAS_L12": 2121212130.0, "HYBAS_ID": 2121212131 }, "geometry": { "type": "LineString", "coordinates": [ [ -8.19583333333361, 41.754166666666201 ], [ -8.202083333333576, 41.747916666666207 ], [ -8.206250000000239, 41.747916666666207 ], [ -8.210416666666902, 41.743749999999558 ], [ -8.222916666666919, 41.743749999999558 ], [ -8.22708333333361, 41.739583333332895 ], [ -8.256250000000279, 41.739583333332895 ], [ -8.260416666666941, 41.735416666666232 ], [ -8.264583333333547, 41.739583333332895 ], [ -8.268750000000239, 41.739583333332895 ] ] } },
{ "type": "Feature", "properties": { "HYRIV_ID": 20574934, "ORD_STRA": 2, "HYBAS_L12": 2121212130.0, "HYBAS_ID": 2121212132 }, "geometry": { "type": "LineString", "coordinates": [ [ -8.243750000000261, 41.756249999999532 ], [ -8.247916666666953, 41.75208333333287 ], [ -8.25208333333353, 41.75208333333287 ], [ -8.256250000000279, 41.747916666666207 ], [ -8.264583333333547, 41.747916666666207 ], [ -8.268750000000239, 41.743749999999558 ], [ -8.268750000000239, 41.739583333332895 ] ] } },
{ "type": "Feature", "properties": { "HYRIV_ID": 20574603, "ORD_STRA": 1, "HYBAS_L12": 2121212130.0, "HYBAS_ID": 2121212132 }, "geometry": { "type": "LineString", "coordinates": [ [ -8.243750000000261, 41.762499999999555 ], [ -8.243750000000261, 41.756249999999532 ] ] } },
{ "type": "Feature", "properties": { "HYRIV_ID": 20576154, "ORD_STRA": 1, "HYBAS_L12": 2121212580.0, "HYBAS_ID": 2121212582 }, "geometry": { "type": "LineString", "coordinates": [ [ -8.156250000000256, 41.745833333332875 ], [ -8.156250000000256, 41.739583333332895 ], [ -8.160416666666947, 41.735416666666232 ], [ -8.160416666666947, 41.731249999999541 ], [ -8.164583333333582, 41.727083333332878 ], [ -8.164583333333582, 41.718749999999552 ], [ -8.168750000000273, 41.714583333332904 ], [ -8.168750000000273, 41.706249999999535 ], [ -8.172916666666936, 41.702083333332887 ], [ -8.172916666666936, 41.685416666666207 ], [ -8.168750000000273, 41.681249999999544 ] ] } },
{ "type": "Feature", "properties": { "HYRIV_ID": 20575719, "ORD_STRA": 1, "HYBAS_L12": 2121212340.0, "HYBAS_ID": 2121212342 }, "geometry": { "type": "LineString", "coordinates": [ [ -8.131250000000279, 41.737499999999564 ], [ -8.131250000000279, 41.722916666666215 ], [ -8.110416666666936, 41.702083333332887 ] ] } },
{ "type": "Feature", "properties": { "HYRIV_ID": 20575545, "ORD_STRA": 1, "HYBAS_L12": 2121212340.0, "HYBAS_ID": 2121212342 }, "geometry": { "type": "LineString", "coordinates": [ [ -8.106250000000273, 41.733333333332858 ], [ -8.106250000000273, 41.722916666666215 ], [ -8.1, 41.716666666665944 ] ] } },
{ "type": "Feature", "properties": { "HYRIV_ID": 20574092, "ORD_STRA": 1, "HYBAS_L12": 2121212130.0, "HYBAS_ID": 2121212132 }, "geometry": { "type": "LineString", "coordinates": [ [ -8.177083333333599, 41.787499999999547 ], [ -8.177083333333599, 41.781249999999524 ] ] } },
{ "type": "Feature", "properties": { "HYRIV_ID": 20574094, "ORD_STRA": 1, "HYBAS_L12": 2121212130.0, "HYBAS_ID": 2121212131 }, "geometry": { "type": "LineString", "coordinates": [ [ -8.139583333333576, 41.779166666666192 ], [ -8.139583333333576, 41.793749999999541 ] ] } },
{ "type": "Feature", "properties": { "HYRIV_ID": 20574093, "ORD_STRA": 2, "HYBAS_L12": 2121212130.0, "HYBAS_ID": 2121212132 }, "geometry": { "type": "LineString", "coordinates": [ [ -8.139583333333576, 41.793749999999541 ], [ -8.160416666666947, 41.793749999999541 ], [ -8.164583333333582, 41.789583333332878 ], [ -8.168750000000273, 41.789583333332878 ], [ -8.177083333333599, 41.781249999999524 ] ] } },
{ "type": "Feature", "properties": { "HYRIV_ID": 20573835, "ORD_STRA": 2, "HYBAS_L12": 2121212130.0, "HYBAS_ID": 2121212132 }, "geometry": { "type": "LineString", "coordinates": [ [ -8.135416666666913, 41.79791666666619 ], [ -8.139583333333576, 41.793749999999541 ] ] } },
{ "type": "Feature", "properties": { "HYRIV_ID": 20573738, "ORD_STRA": 1, "HYBAS_L12": 2121212130.0, "HYBAS_ID": 2121212131 }, "geometry": { "type": "LineString", "coordinates": [ [ -8.129166666666947, 41.79791666666619 ], [ -8.135416666666913, 41.79791666666619 ] ] } },
{ "type": "Feature", "properties": { "HYRIV_ID": 20573737, "ORD_STRA": 1, "HYBAS_L12": 2121212130.0, "HYBAS_ID": 2121212132 }, "geometry": { "type": "LineString", "coordinates": [ [ -8.1, 41.802083333332853 ], [ -8.10208333333361, 41.802083333332853 ], [ -8.106250000000273, 41.806249999999558 ], [ -8.127083333333559, 41.806249999999558 ], [ -8.135416666666913, 41.79791666666619 ] ] } },
{ "type": "Feature", "properties": { "HYRIV_ID": 20573250, "ORD_STRA": 1, "HYBAS_L12": 2120605420.0, "HYBAS_ID": 2120605421 }, "geometry": { "type": "LineString", "coordinates": [ [ -8.133333333333553, 41.829166666666218 ], [ -8.127083333333559, 41.822916666666181 ], [ -8.118750000000205, 41.83124999999955 ], [ -8.118750000000205, 41.839583333332904 ], [ -8.110416666666936, 41.847916666666229 ] ] } },
{ "type": "Feature", "properties": { "HYRIV_ID": 20575353, "ORD_STRA": 2, "HYBAS_L12": 2121212130.0, "HYBAS_ID": 2120610150 }, "geometry": { "type": "LineString", "coordinates": [ [ -8.314583333333616, 41.718749999999552 ], [ -8.318750000000279, 41.718749999999552 ] ] } },
{ "type": "Feature", "properties": { "HYRIV_ID": 20575352, "ORD_STRA": 2, "HYBAS_L12": 2120610150.0, "HYBAS_ID": 2120610150 }, "geometry": { "type": "LineString", "coordinates": [ [ -8.322916666666941, 41.727083333332878 ], [ -8.318750000000279, 41.722916666666215 ], [ -8.318750000000279, 41.718749999999552 ] ] } },
{ "type": "Feature", "properties": { "HYRIV_ID": 20575354, "ORD_STRA": 2, "HYBAS_L12": 2121212130.0, "HYBAS_ID": 2121212132 }, "geometry": { "type": "LineString", "coordinates": [ [ -8.268750000000239, 41.739583333332895 ], [ -8.272916666666902, 41.739583333332895 ], [ -8.277083333333564, 41.735416666666232 ], [ -8.281250000000256, 41.735416666666232 ], [ -8.289583333333582, 41.727083333332878 ], [ -8.293750000000273, 41.727083333332878 ], [ -8.297916666666936, 41.722916666666215 ], [ -8.310416666666924, 41.722916666666215 ], [ -8.314583333333616, 41.718749999999552 ] ] } },
{ "type": "Feature", "properties": { "HYRIV_ID": 20575183, "ORD_STRA": 1, "HYBAS_L12": 2120610150.0, "HYBAS_ID": 2120610150 }, "geometry": { "type": "LineString", "coordinates": [ [ -8.312500000000256, 41.737499999999564 ], [ -8.322916666666941, 41.727083333332878 ] ] } },
{ "type": "Feature", "properties": { "HYRIV_ID": 20575182, "ORD_STRA": 1, "HYBAS_L12": 2120610150.0, "HYBAS_ID": 2120610150 }, "geometry": { "type": "LineString", "coordinates": [ [ -8.33333333333357, 41.741666666666227 ], [ -8.327083333333547, 41.735416666666232 ], [ -8.327083333333547, 41.731249999999541 ], [ -8.322916666666941, 41.727083333332878 ] ] } },
{ "type": "Feature", "properties": { "HYRIV_ID": 20574091, "ORD_STRA": 1, "HYBAS_L12": 2120606480.0, "HYBAS_ID": 2120606481 }, "geometry": { "type": "LineString", "coordinates": [ [ -8.341666666666896, 41.779166666666192 ], [ -8.327083333333547, 41.793749999999541 ], [ -8.327083333333547, 41.79791666666619 ], [ -8.322916666666941, 41.802083333332853 ], [ -8.314583333333616, 41.802083333332853 ] ] } },
{ "type": "Feature", "properties": { "HYRIV_ID": 20573993, "ORD_STRA": 1, "HYBAS_L12": 2120606480.0, "HYBAS_ID": 2120606481 }, "geometry": { "type": "LineString", "coordinates": [ [ -8.308333333333593, 41.783333333332884 ], [ -8.302083333333599, 41.789583333332878 ], [ -8.302083333333599, 41.79791666666619 ] ] } },
{ "type": "Feature", "properties": { "HYRIV_ID": 20573736, "ORD_STRA": 2, "HYBAS_L12": 2120606480.0, "HYBAS_ID": 2120606481 }, "geometry": { "type": "LineString", "coordinates": [ [ -8.302083333333599, 41.79791666666619 ], [ -8.306250000000261, 41.802083333332853 ], [ -8.314583333333616, 41.802083333332853 ] ] } },
{ "type": "Feature", "properties": { "HYRIV_ID": 20573834, "ORD_STRA": 1, "HYBAS_L12": 2120606480.0, "HYBAS_ID": 2120606481 }, "geometry": { "type": "LineString", "coordinates": [ [ -8.377083333333587, 41.79166666666621 ], [ -8.377083333333587, 41.79791666666619 ], [ -8.389583333333604, 41.810416666666207 ], [ -8.389583333333604, 41.81458333333287 ] ] } },
{ "type": "Feature", "properties": { "HYRIV_ID": 20573676, "ORD_STRA": 2, "HYBAS_L12": 2120606480.0, "HYBAS_ID": 2120606481 }, "geometry": { "type": "LineString", "coordinates": [ [ -8.314583333333616, 41.802083333332853 ], [ -8.314583333333616, 41.81458333333287 ], [ -8.318750000000279, 41.818749999999532 ], [ -8.318750000000279, 41.827083333332887 ] ] } },
{ "type": "Feature", "properties": { "HYRIV_ID": 20574604, "ORD_STRA": 2, "HYBAS_L12": 2121212130.0, "HYBAS_ID": 2121212132 }, "geometry": { "type": "LineString", "coordinates": [ [ -8.197916666666885, 41.772916666666198 ], [ -8.206250000000239, 41.764583333332887 ], [ -8.218750000000256, 41.764583333332887 ], [ -8.22708333333361, 41.756249999999532 ], [ -8.243750000000261, 41.756249999999532 ] ] } },
{ "type": "Feature", "properties": { "HYRIV_ID": 20574275, "ORD_STRA": 2, "HYBAS_L12": 2121212130.0, "HYBAS_ID": 2129845031 }, "geometry": { "type": "LineString", "coordinates": [ [ -8.177083333333599, 41.781249999999524 ], [ -8.181250000000261, 41.781249999999524 ], [ -8.185416666666868, 41.777083333332861 ], [ -8.193750000000279, 41.777083333332861 ], [ -8.197916666666885, 41.772916666666198 ] ] } },
{ "type": "Feature", "properties": { "HYRIV_ID": 20574274, "ORD_STRA": 1, "HYBAS_L12": 2121212130.0, "HYBAS_ID": 2121212132 }, "geometry": { "type": "LineString", "coordinates": [ [ -8.197916666666885, 41.787499999999547 ], [ -8.197916666666885, 41.772916666666198 ] ] } },
{ "type": "Feature", "properties": { "HYRIV_ID": 20573994, "ORD_STRA": 1, "HYBAS_L12": 2120606480.0, "HYBAS_ID": 2120606481 }, "geometry": { "type": "LineString", "coordinates": [ [ -8.27083333333357, 41.783333333332884 ], [ -8.277083333333564, 41.789583333332878 ], [ -8.285416666666919, 41.789583333332878 ], [ -8.289583333333582, 41.793749999999541 ], [ -8.293750000000273, 41.793749999999541 ], [ -8.297916666666936, 41.79791666666619 ], [ -8.302083333333599, 41.79791666666619 ] ] } },
{ "type": "Feature", "properties": { "HYRIV_ID": 20573595, "ORD_STRA": 1, "HYBAS_L12": 2120606480.0, "HYBAS_ID": 2120606481 }, "geometry": { "type": "LineString", "coordinates": [ [ -8.24166666666693, 41.806249999999558 ], [ -8.247916666666953, 41.806249999999558 ], [ -8.25208333333353, 41.810416666666207 ], [ -8.256250000000279, 41.810416666666207 ], [ -8.260416666666941, 41.81458333333287 ], [ -8.264583333333547, 41.81458333333287 ], [ -8.268750000000239, 41.818749999999532 ] ] } },
{ "type": "Feature", "properties": { "HYRIV_ID": 20573332, "ORD_STRA": 1, "HYBAS_L12": 2120606480.0, "HYBAS_ID": 2120606481 }, "geometry": { "type": "LineString", "coordinates": [ [ -8.233333333333604, 41.820833333332864 ], [ -8.239583333333599, 41.827083333332887 ], [ -8.247916666666953, 41.827083333332887 ], [ -8.25208333333353, 41.822916666666181 ], [ -8.264583333333547, 41.822916666666181 ], [ -8.268750000000239, 41.818749999999532 ] ] } },
{ "type": "Feature", "properties": { "HYRIV_ID": 20573071, "ORD_STRA": 1, "HYBAS_L12": 2120605420.0, "HYBAS_ID": 2120605421 }, "geometry": { "type": "LineString", "coordinates": [ [ -8.177083333333599, 41.829166666666218 ], [ -8.177083333333599, 41.843749999999567 ], [ -8.181250000000261, 41.847916666666229 ], [ -8.177083333333599, 41.852083333332878 ], [ -8.177083333333599, 41.856249999999541 ] ] } },
{ "type": "Feature", "properties": { "HYRIV_ID": 20572742, "ORD_STRA": 1, "HYBAS_L12": 2120606480.0, "HYBAS_ID": 2120606481 }, "geometry": { "type": "LineString", "coordinates": [ [ -8.275000000000233, 41.847916666666229 ], [ -8.281250000000256, 41.847916666666229 ], [ -8.285416666666919, 41.852083333332878 ], [ -8.289583333333582, 41.852083333332878 ] ] } },
{ "type": "Feature", "properties": { "HYRIV_ID": 20572647, "ORD_STRA": 4, "HYBAS_L12": 2120606480.0, "HYBAS_ID": 2120606482 }, "geometry": { "type": "LineString", "coordinates": [ [ -8.281250000000256, 41.860416666666204 ], [ -8.289583333333582, 41.852083333332878 ] ] } },
{ "type": "Feature", "properties": { "HYRIV_ID": 20572743, "ORD_STRA": 1, "HYBAS_L12": 2120606480.0, "HYBAS_ID": 2120606481 }, "geometry": { "type": "LineString", "coordinates": [ [ -8.218750000000256, 41.845833333332898 ], [ -8.218750000000256, 41.856249999999541 ], [ -8.22708333333361, 41.864583333332853 ], [ -8.22708333333361, 41.868749999999515 ], [ -8.231250000000273, 41.868749999999515 ] ] } },
{ "type": "Feature", "properties": { "HYRIV_ID": 20573499, "ORD_STRA": 4, "HYBAS_L12": 2120606480.0, "HYBAS_ID": 2120606482 }, "geometry": { "type": "LineString", "coordinates": [ [ -8.318750000000279, 41.827083333332887 ], [ -8.322916666666941, 41.827083333332887 ], [ -8.335416666666902, 41.81458333333287 ], [ -8.339583333333564, 41.81458333333287 ], [ -8.343750000000256, 41.810416666666207 ], [ -8.347916666666919, 41.81458333333287 ], [ -8.356250000000273, 41.81458333333287 ], [ -8.360416666666936, 41.810416666666207 ], [ -8.377083333333587, 41.810416666666207 ], [ -8.381250000000279, 41.81458333333287 ], [ -8.385416666666941, 41.81458333333287 ] ] } },
{ "type": "Feature", "properties": { "HYRIV_ID": 20573331, "ORD_STRA": 2, "HYBAS_L12": 2120606480.0, "HYBAS_ID": 2120606481 }, "geometry": { "type": "LineString", "coordinates": [ [ -8.268750000000239, 41.818749999999532 ], [ -8.277083333333564, 41.827083333332887 ], [ -8.281250000000256, 41.827083333332887 ], [ -8.285416666666919, 41.822916666666181 ], [ -8.306250000000261, 41.822916666666181 ], [ -8.310416666666924, 41.827083333332887 ] ] } },
{ "type": "Feature", "properties": { "HYRIV_ID": 20573150, "ORD_STRA": 4, "HYBAS_L12": 2120606480.0, "HYBAS_ID": 2120606482 }, "geometry": { "type": "LineString", "coordinates": [ [ -8.310416666666924, 41.827083333332887 ], [ -8.318750000000279, 41.827083333332887 ] ] } },
{ "type": "Feature", "properties": { "HYRIV_ID": 20573413, "ORD_STRA": 1, "HYBAS_L12": 2120606480.0, "HYBAS_ID": 2120606482 }, "geometry": { "type": "LineString", "coordinates": [ [ -8.364583333333599, 41.85416666666621 ], [ -8.364583333333599, 41.847916666666229 ], [ -8.368750000000261, 41.843749999999567 ], [ -8.377083333333587, 41.843749999999567 ], [ -8.381250000000279, 41.839583333332904 ], [ -8.381250000000279, 41.83124999999955 ], [ -8.385416666666941, 41.827083333332887 ], [ -8.385416666666941, 41.81458333333287 ] ] } },
{ "type": "Feature", "properties": { "HYRIV_ID": 20573151, "ORD_STRA": 4, "HYBAS_L12": 2120606480.0, "HYBAS_ID": 2120606482 }, "geometry": { "type": "LineString", "coordinates": [ [ -8.289583333333582, 41.852083333332878 ], [ -8.289583333333582, 41.847916666666229 ], [ -8.310416666666924, 41.827083333332887 ] ] } },
{ "type": "Feature", "properties": { "HYRIV_ID": 20572104, "ORD_STRA": 2, "HYBAS_L12": 2120606390.0, "HYBAS_ID": 2120606390 }, "geometry": { "type": "LineString", "coordinates": [ [ -8.339583333333564, 41.889583333332844 ], [ -8.352083333333582, 41.87708333333287 ], [ -8.377083333333587, 41.87708333333287 ] ] } },
{ "type": "Feature", "properties": { "HYRIV_ID": 20571918, "ORD_STRA": 1, "HYBAS_L12": 2120606390.0, "HYBAS_ID": 2120606390 }, "geometry": { "type": "LineString", "coordinates": [ [ -8.33333333333357, 41.883333333332864 ], [ -8.339583333333564, 41.889583333332844 ] ] } },
{ "type": "Feature", "properties": { "HYRIV_ID": 20571825, "ORD_STRA": 2, "HYBAS_L12": 2120606390.0, "HYBAS_ID": 2120606390 }, "geometry": { "type": "LineString", "coordinates": [ [ -8.335416666666902, 41.897916666666212 ], [ -8.335416666666902, 41.89374999999955 ], [ -8.339583333333564, 41.889583333332844 ] ] } },
{ "type": "Feature", "properties": { "HYRIV_ID": 20572103, "ORD_STRA": 1, "HYBAS_L12": 2120606390.0, "HYBAS_ID": 2120606390 }, "geometry": { "type": "LineString", "coordinates": [ [ -8.368750000000261, 41.912499999999561 ], [ -8.368750000000261, 41.906249999999524 ], [ -8.372916666666953, 41.902083333332861 ], [ -8.372916666666953, 41.889583333332844 ], [ -8.377083333333587, 41.885416666666195 ], [ -8.377083333333587, 41.87708333333287 ] ] } },
{ "type": "Feature", "properties": { "HYRIV_ID": 20571644, "ORD_STRA": 1, "HYBAS_L12": 2120606390.0, "HYBAS_ID": 2120606390 }, "geometry": { "type": "LineString", "coordinates": [ [ -8.316666666666862, 41.902083333332861 ], [ -8.327083333333547, 41.902083333332861 ], [ -8.331250000000239, 41.897916666666212 ], [ -8.335416666666902, 41.897916666666212 ] ] } },
{ "type": "Feature", "properties": { "HYRIV_ID": 20572982, "ORD_STRA": 1, "HYBAS_L12": 2120605420.0, "HYBAS_ID": 2120605421 }, "geometry": { "type": "LineString", "coordinates": [ [ -8.1, 41.837499999999295 ], [ -8.110416666666936, 41.847916666666229 ] ] } },
{ "type": "Feature", "properties": { "HYRIV_ID": 20572547, "ORD_STRA": 1, "HYBAS_L12": 2120605420.0, "HYBAS_ID": 2120605421 }, "geometry": { "type": "LineString", "coordinates": [ [ -8.170833333333604, 41.856249999999541 ], [ -8.177083333333599, 41.856249999999541 ] ] } },
{ "type": "Feature", "properties": { "HYRIV_ID": 20572897, "ORD_STRA": 1, "HYBAS_L12": 2120605420.0, "HYBAS_ID": 2120605421 }, "geometry": { "type": "LineString", "coordinates": [ [ -8.1, 41.874999999999808 ], [ -8.10208333333361, 41.872916666666221 ], [ -8.106250000000273, 41.872916666666221 ] ] } },
{ "type": "Feature", "properties": { "HYRIV_ID": 20572744, "ORD_STRA": 2, "HYBAS_L12": 2120605420.0, "HYBAS_ID": 2120605421 }, "geometry": { "type": "LineString", "coordinates": [ [ -8.110416666666936, 41.847916666666229 ], [ -8.110416666666936, 41.856249999999541 ], [ -8.106250000000273, 41.860416666666204 ], [ -8.106250000000273, 41.872916666666221 ] ] } },
{ "type": "Feature", "properties": { "HYRIV_ID": 20572546, "ORD_STRA": 2, "HYBAS_L12": 2120605420.0, "HYBAS_ID": 2120605421 }, "geometry": { "type": "LineString", "coordinates": [ [ -8.177083333333599, 41.856249999999541 ], [ -8.177083333333599, 41.860416666666204 ], [ -8.181250000000261, 41.864583333332853 ], [ -8.181250000000261, 41.87708333333287 ] ] } },
{ "type": "Feature", "properties": { "HYRIV_ID": 20572189, "ORD_STRA": 2, "HYBAS_L12": 2120605420.0, "HYBAS_ID": 2120605421 }, "geometry": { "type": "LineString", "coordinates": [ [ -8.106250000000273, 41.872916666666221 ], [ -8.106250000000273, 41.881249999999532 ], [ -8.10208333333361, 41.885416666666195 ], [ -8.10208333333361, 41.889583333332844 ], [ -8.106250000000273, 41.889583333332844 ], [ -8.110416666666936, 41.89374999999955 ], [ -8.110416666666936, 41.897916666666212 ] ] } },
{ "type": "Feature", "properties": { "HYRIV_ID": 20572107, "ORD_STRA": 4, "HYBAS_L12": 2120605420.0, "HYBAS_ID": 2129283831 }, "geometry": { "type": "LineString", "coordinates": [ [ -8.131250000000279, 41.897916666666212 ], [ -8.143750000000239, 41.897916666666212 ], [ -8.152083333333593, 41.889583333332844 ], [ -8.160416666666947, 41.889583333332844 ], [ -8.168750000000273, 41.881249999999532 ], [ -8.172916666666936, 41.881249999999532 ], [ -8.177083333333599, 41.87708333333287 ], [ -8.181250000000261, 41.87708333333287 ] ] } },
{ "type": "Feature", "properties": { "HYRIV_ID": 20571919, "ORD_STRA": 1, "HYBAS_L12": 2120605420.0, "HYBAS_ID": 2120605421 }, "geometry": { "type": "LineString", "coordinates": [ [ -8.131250000000279, 41.883333333332864 ], [ -8.131250000000279, 41.897916666666212 ] ] } },
{ "type": "Feature", "properties": { "HYRIV_ID": 20571649, "ORD_STRA": 4, "HYBAS_L12": 2120605420.0, "HYBAS_ID": 2129283831 }, "geometry": { "type": "LineString", "coordinates": [ [ -8.110416666666936, 41.897916666666212 ], [ -8.127083333333559, 41.897916666666212 ] ] } },
{ "type": "Feature", "properties": { "HYRIV_ID": 20571647, "ORD_STRA": 4, "HYBAS_L12": 2120605420.0, "HYBAS_ID": 2129283831 }, "geometry": { "type": "LineString", "coordinates": [ [ -8.127083333333559, 41.897916666666212 ], [ -8.131250000000279, 41.897916666666212 ] ] } },
{ "type": "Feature", "properties": { "HYRIV_ID": 20572447, "ORD_STRA": 4, "HYBAS_L12": 2120606480.0, "HYBAS_ID": 2120606482 }, "geometry": { "type": "LineString", "coordinates": [ [ -8.277083333333564, 41.860416666666204 ], [ -8.281250000000256, 41.860416666666204 ] ] } },
{ "type": "Feature", "properties": { "HYRIV_ID": 20572449, "ORD_STRA": 4, "HYBAS_L12": 2120606480.0, "HYBAS_ID": 2120606482 }, "geometry": { "type": "LineString", "coordinates": [ [ -8.247916666666953, 41.864583333332853 ], [ -8.25208333333353, 41.860416666666204 ], [ -8.277083333333564, 41.860416666666204 ] ] } },
{ "type": "Feature", "properties": { "HYRIV_ID": 20572446, "ORD_STRA": 1, "HYBAS_L12": 2120606480.0, "HYBAS_ID": 2120606482 }, "geometry": { "type": "LineString", "coordinates": [ [ -8.291666666666941, 41.870833333332889 ], [ -8.281250000000256, 41.860416666666204 ] ] } },
{ "type": "Feature", "properties": { "HYRIV_ID": 20572448, "ORD_STRA": 1, "HYBAS_L12": 2120606480.0, "HYBAS_ID": 2120606482 }, "geometry": { "type": "LineString", "coordinates": [ [ -8.277083333333564, 41.870833333332889 ], [ -8.277083333333564, 41.860416666666204 ] ] } },
{ "type": "Feature", "properties": { "HYRIV_ID": 20572363, "ORD_STRA": 4, "HYBAS_L12": 2120606480.0, "HYBAS_ID": 2120606482 }, "geometry": { "type": "LineString", "coordinates": [ [ -8.231250000000273, 41.868749999999515 ], [ -8.235416666666936, 41.864583333332853 ], [ -8.239583333333599, 41.864583333332853 ], [ -8.243750000000261, 41.868749999999515 ], [ -8.247916666666953, 41.864583333332853 ] ] } },
{ "type": "Feature", "properties": { "HYRIV_ID": 20572267, "ORD_STRA": 4, "HYBAS_L12": 2120606480.0, "HYBAS_ID": 2120606482 }, "geometry": { "type": "LineString", "coordinates": [ [ -8.197916666666885, 41.87708333333287 ], [ -8.202083333333576, 41.872916666666221 ], [ -8.210416666666902, 41.872916666666221 ], [ -8.214583333333593, 41.868749999999515 ], [ -8.222916666666919, 41.868749999999515 ], [ -8.22708333333361, 41.872916666666221 ], [ -8.231250000000273, 41.868749999999515 ] ] } },
{ "type": "Feature", "properties": { "HYRIV_ID": 20572106, "ORD_STRA": 4, "HYBAS_L12": 2120605420.0, "HYBAS_ID": 2129283831 }, "geometry": { "type": "LineString", "coordinates": [ [ -8.181250000000261, 41.87708333333287 ], [ -8.197916666666885, 41.87708333333287 ] ] } },
{ "type": "Feature", "properties": { "HYRIV_ID": 20572362, "ORD_STRA": 1, "HYBAS_L12": 2120606480.0, "HYBAS_ID": 2120606482 }, "geometry": { "type": "LineString", "coordinates": [ [ -8.27083333333357, 41.910416666666229 ], [ -8.264583333333547, 41.910416666666229 ], [ -8.260416666666941, 41.906249999999524 ], [ -8.256250000000279, 41.906249999999524 ], [ -8.247916666666953, 41.897916666666212 ], [ -8.247916666666953, 41.89374999999955 ], [ -8.25208333333353, 41.889583333332844 ], [ -8.25208333333353, 41.881249999999532 ], [ -8.256250000000279, 41.87708333333287 ], [ -8.256250000000279, 41.872916666666221 ], [ -8.247916666666953, 41.864583333332853 ] ] } },
{ "type": "Feature", "properties": { "HYRIV_ID": 20572105, "ORD_STRA": 3, "HYBAS_L12": 2120605320.0, "HYBAS_ID": 2129283831 }, "geometry": { "type": "LineString", "coordinates": [ [ -8.210416666666902, 41.897916666666212 ], [ -8.202083333333576, 41.889583333332844 ], [ -8.202083333333576, 41.885416666666195 ], [ -8.197916666666885, 41.881249999999532 ], [ -8.197916666666885, 41.87708333333287 ] ] } },
{ "type": "Feature", "properties": { "HYRIV_ID": 20571646, "ORD_STRA": 1, "HYBAS_L12": 2120605320.0, "HYBAS_ID": 2120605321 }, "geometry": { "type": "LineString", "coordinates": [ [ -8.204166666666907, 41.904166666666192 ], [ -8.210416666666902, 41.897916666666212 ] ] } },
{ "type": "Feature", "properties": { "HYRIV_ID": 20571916, "ORD_STRA": 3, "HYBAS_L12": 2120606390.0, "HYBAS_ID": 2120606390 }, "geometry": { "type": "LineString", "coordinates": [ [ -8.435416666666924, 41.89374999999955 ], [ -8.431250000000261, 41.889583333332844 ], [ -8.431250000000261, 41.885416666666195 ] ] } },
{ "type": "Feature", "properties": { "HYRIV_ID": 20571824, "ORD_STRA": 1, "HYBAS_L12": 2120606390.0, "HYBAS_ID": 2120606390 }, "geometry": { "type": "LineString", "coordinates": [ [ -8.450000000000273, 41.889583333332844 ], [ -8.435416666666924, 41.889583333332844 ], [ -8.435416666666924, 41.89374999999955 ] ] } },
{ "type": "Feature", "properties": { "HYRIV_ID": 20571917, "ORD_STRA": 1, "HYBAS_L12": 2120606390.0, "HYBAS_ID": 2120606390 }, "geometry": { "type": "LineString", "coordinates": [ [ -8.406250000000227, 41.899999999999544 ], [ -8.406250000000227, 41.89374999999955 ], [ -8.410416666666919, 41.889583333332844 ], [ -8.422916666666936, 41.889583333332844 ], [ -8.427083333333599, 41.885416666666195 ], [ -8.431250000000261, 41.885416666666195 ] ] } },
{ "type": "Feature", "properties": { "HYRIV_ID": 20571725, "ORD_STRA": 1, "HYBAS_L12": 2121210530.0, "HYBAS_ID": 2121210530 }, "geometry": { "type": "LineString", "coordinates": [ [ -8.483333333333576, 41.891666666666218 ], [ -8.477083333333582, 41.897916666666212 ], [ -8.460416666666873, 41.897916666666212 ], [ -8.452083333333604, 41.906249999999524 ], [ -8.452083333333604, 41.910416666666229 ], [ -8.447916666666941, 41.914583333332878 ], [ -8.443750000000279, 41.914583333332878 ] ] } },
{ "type": "Feature", "properties": { "HYRIV_ID": 20571726, "ORD_STRA": 3, "HYBAS_L12": 2120606390.0, "HYBAS_ID": 2120606390 }, "geometry": { "type": "LineString", "coordinates": [ [ -8.443750000000279, 41.914583333332878 ], [ -8.439583333333587, 41.910416666666229 ], [ -8.439583333333587, 41.897916666666212 ], [ -8.435416666666924, 41.89374999999955 ] ] } },
{ "type": "Feature", "properties": { "HYRIV_ID": 20571305, "ORD_STRA": 3, "HYBAS_L12": 2121210530.0, "HYBAS_ID": 2121210530 }, "geometry": { "type": "LineString", "coordinates": [ [ -8.443750000000279, 41.918749999999541 ], [ -8.443750000000279, 41.914583333332878 ] ] } },
{ "type": "Feature", "properties": { "HYRIV_ID": 20571304, "ORD_STRA": 1, "HYBAS_L12": 2121210530.0, "HYBAS_ID": 2121210530 }, "geometry": { "type": "LineString", "coordinates": [ [ -8.454166666666936, 41.924999999999535 ], [ -8.443750000000279, 41.914583333332878 ] ] } },
{ "type": "Feature", "properties": { "HYRIV_ID": 20571215, "ORD_STRA": 2, "HYBAS_L12": 2121210530.0, "HYBAS_ID": 2121210530 }, "geometry": { "type": "LineString", "coordinates": [ [ -8.456250000000267, 41.939583333332884 ], [ -8.452083333333604, 41.935416666666221 ], [ -8.452083333333604, 41.931249999999558 ], [ -8.443750000000279, 41.922916666666204 ], [ -8.443750000000279, 41.918749999999541 ] ] } },
{ "type": "Feature", "properties": { "HYRIV_ID": 20571216, "ORD_STRA": 2, "HYBAS_L12": 2121210530.0, "HYBAS_ID": 2121210530 }, "geometry": { "type": "LineString", "coordinates": [ [ -8.414583333333582, 41.939583333332884 ], [ -8.418750000000244, 41.935416666666221 ], [ -8.427083333333599, 41.935416666666221 ], [ -8.431250000000261, 41.939583333332884 ], [ -8.439583333333587, 41.931249999999558 ], [ -8.439583333333587, 41.922916666666204 ], [ -8.443750000000279, 41.918749999999541 ] ] } },
{ "type": "Feature", "properties": { "HYRIV_ID": 20570756, "ORD_STRA": 1, "HYBAS_L12": 2121210530.0, "HYBAS_ID": 2121210530 }, "geometry": { "type": "LineString", "coordinates": [ [ -8.487500000000267, 41.939583333332884 ], [ -8.456250000000267, 41.939583333332884 ] ] } },
{ "type": "Feature", "properties": { "HYRIV_ID": 20572011, "ORD_STRA": 1, "HYBAS_L12": 2121210680.0, "HYBAS_ID": 2121210680 }, "geometry": { "type": "LineString", "coordinates": [ [ -8.53541666666689, 41.879166666666201 ], [ -8.53541666666689, 41.885416666666195 ], [ -8.531250000000227, 41.889583333332844 ], [ -8.531250000000227, 41.902083333332861 ] ] } },
{ "type": "Feature", "properties": { "HYRIV_ID": 20571572, "ORD_STRA": 1, "HYBAS_L12": 2121210680.0, "HYBAS_ID": 2121210680 }, "geometry": { "type": "LineString", "coordinates": [ [ -8.520833333333599, 41.902083333332861 ], [ -8.531250000000227, 41.902083333332861 ] ] } },
{ "type": "Feature", "properties": { "HYRIV_ID": 20571571, "ORD_STRA": 2, "HYBAS_L12": 2121210680.0, "HYBAS_ID": 2121210680 }, "geometry": { "type": "LineString", "coordinates": [ [ -8.531250000000227, 41.902083333332861 ], [ -8.53541666666689, 41.906249999999524 ], [ -8.53541666666689, 41.914583333332878 ] ] } },
{ "type": "Feature", "properties": { "HYRIV_ID": 20571392, "ORD_STRA": 1, "HYBAS_L12": 2121210680.0, "HYBAS_ID": 2121210680 }, "geometry": { "type": "LineString", "coordinates": [ [ -8.50833333333361, 41.910416666666229 ], [ -8.522916666666873, 41.910416666666229 ], [ -8.527083333333564, 41.914583333332878 ], [ -8.53541666666689, 41.914583333332878 ] ] } },
{ "type": "Feature", "properties": { "HYRIV_ID": 20571303, "ORD_STRA": 2, "HYBAS_L12": 2121210680.0, "HYBAS_ID": 2121210680 }, "geometry": { "type": "LineString", "coordinates": [ [ -8.53541666666689, 41.914583333332878 ], [ -8.539583333333582, 41.918749999999541 ], [ -8.552083333333599, 41.918749999999541 ] ] } },
{ "type": "Feature", "properties": { "HYRIV_ID": 20571214, "ORD_STRA": 2, "HYBAS_L12": 2121210680.0, "HYBAS_ID": 2121210680 }, "geometry": { "type": "LineString", "coordinates": [ [ -8.539583333333582, 41.939583333332884 ], [ -8.543750000000244, 41.935416666666221 ], [ -8.543750000000244, 41.931249999999558 ], [ -8.547916666666907, 41.927083333332867 ], [ -8.547916666666907, 41.922916666666204 ], [ -8.552083333333599, 41.918749999999541 ] ] } },
{ "type": "Feature", "properties": { "HYRIV_ID": 20570754, "ORD_STRA": 1, "HYBAS_L12": 2121210680.0, "HYBAS_ID": 2121210680 }, "geometry": { "type": "LineString", "coordinates": [ [ -8.55416666666693, 41.952083333332858 ], [ -8.547916666666907, 41.952083333332858 ], [ -8.539583333333582, 41.943749999999532 ], [ -8.539583333333582, 41.939583333332884 ] ] } },
{ "type": "Feature", "properties": { "HYRIV_ID": 20570755, "ORD_STRA": 1, "HYBAS_L12": 2121210680.0, "HYBAS_ID": 2121210680 }, "geometry": { "type": "LineString", "coordinates": [ [ -8.516666666666936, 41.954166666666175 ], [ -8.522916666666873, 41.947916666666195 ], [ -8.527083333333564, 41.947916666666195 ], [ -8.531250000000227, 41.943749999999532 ], [ -8.53541666666689, 41.943749999999532 ], [ -8.539583333333582, 41.939583333332884 ] ] } },
{ "type": "Feature", "properties": { "HYRIV_ID": 20569798, "ORD_STRA": 2, "HYBAS_L12": 2120601950.0, "HYBAS_ID": 2120601950 }, "geometry": { "type": "LineString", "coordinates": [ [ -8.47291666666689, 41.985416666666204 ], [ -8.489583333333599, 42.002083333332884 ] ] } },
{ "type": "Feature", "properties": { "HYRIV_ID": 20569539, "ORD_STRA": 1, "HYBAS_L12": 2120601950.0, "HYBAS_ID": 2120601950 }, "geometry": { "type": "LineString", "coordinates": [ [ -8.516666666666936, 41.995833333332847 ], [ -8.510416666666941, 42.002083333332884 ], [ -8.497916666666924, 42.002083333332884 ], [ -8.493750000000261, 42.006249999999532 ] ] } },
{ "type": "Feature", "properties": { "HYRIV_ID": 20571643, "ORD_STRA": 1, "HYBAS_L12": 2120606390.0, "HYBAS_ID": 2120606390 }, "geometry": { "type": "LineString", "coordinates": [ [ -8.329166666666879, 41.904166666666192 ], [ -8.335416666666902, 41.897916666666212 ] ] } },
{ "type": "Feature", "properties": { "HYRIV_ID": 20570832, "ORD_STRA": 1, "HYBAS_L12": 2121210530.0, "HYBAS_ID": 2121210530 }, "geometry": { "type": "LineString", "coordinates": [ [ -8.308333333333593, 41.945833333332864 ], [ -8.314583333333616, 41.939583333332884 ], [ -8.322916666666941, 41.939583333332884 ], [ -8.327083333333547, 41.943749999999532 ], [ -8.331250000000239, 41.939583333332884 ], [ -8.352083333333582, 41.939583333332884 ], [ -8.356250000000273, 41.935416666666221 ], [ -8.389583333333604, 41.935416666666221 ], [ -8.397916666666902, 41.943749999999532 ], [ -8.410416666666919, 41.943749999999532 ], [ -8.414583333333582, 41.939583333332884 ] ] } },
{ "type": "Feature", "properties": { "HYRIV_ID": 20570253, "ORD_STRA": 1, "HYBAS_L12": 2121210530.0, "HYBAS_ID": 2121210530 }, "geometry": { "type": "LineString", "coordinates": [ [ -8.354166666666913, 41.964583333332875 ], [ -8.368750000000261, 41.964583333332875 ], [ -8.372916666666953, 41.968749999999524 ], [ -8.372916666666953, 41.972916666666187 ], [ -8.377083333333587, 41.972916666666187 ] ] } },
{ "type": "Feature", "properties": { "HYRIV_ID": 20570098, "ORD_STRA": 2, "HYBAS_L12": 2121210530.0, "HYBAS_ID": 2121210530 }, "geometry": { "type": "LineString", "coordinates": [ [ -8.343750000000256, 41.985416666666204 ], [ -8.356250000000273, 41.985416666666204 ], [ -8.368750000000261, 41.972916666666187 ], [ -8.372916666666953, 41.977083333332892 ], [ -8.377083333333587, 41.972916666666187 ] ] } },
{ "type": "Feature", "properties": { "HYRIV_ID": 20569902, "ORD_STRA": 1, "HYBAS_L12": 2121210530.0, "HYBAS_ID": 2121210530 }, "geometry": { "type": "LineString", "coordinates": [ [ -8.329166666666879, 41.981249999999541 ], [ -8.339583333333564, 41.981249999999541 ], [ -8.343750000000256, 41.985416666666204 ] ] } },
{ "type": "Feature", "properties": { "HYRIV_ID": 20569903, "ORD_STRA": 1, "HYBAS_L12": 2121210530.0, "HYBAS_ID": 2121210530 }, "geometry": { "type": "LineString", "coordinates": [ [ -8.289583333333582, 41.97916666666621 ], [ -8.289583333333582, 41.989583333332867 ] ] } },
{ "type": "Feature", "properties": { "HYRIV_ID": 20569800, "ORD_STRA": 2, "HYBAS_L12": 2121210530.0, "HYBAS_ID": 2121210530 }, "geometry": { "type": "LineString", "coordinates": [ [ -8.289583333333582, 41.989583333332867 ], [ -8.293750000000273, 41.993749999999515 ], [ -8.306250000000261, 41.993749999999515 ], [ -8.310416666666924, 41.997916666666221 ], [ -8.314583333333616, 41.997916666666221 ], [ -8.318750000000279, 41.993749999999515 ], [ -8.322916666666941, 41.997916666666221 ], [ -8.327083333333547, 41.997916666666221 ], [ -8.335416666666902, 41.989583333332867 ], [ -8.339583333333564, 41.989583333332867 ], [ -8.343750000000256, 41.985416666666204 ] ] } },
{ "type": "Feature", "properties": { "HYRIV_ID": 20569465, "ORD_STRA": 1, "HYBAS_L12": 2120601440.0, "HYBAS_ID": 2120601440 }, "geometry": { "type": "LineString", "coordinates": [ [ -8.381250000000279, 41.999999999999552 ], [ -8.381250000000279, 42.010416666666195 ] ] } },
{ "type": "Feature", "properties": { "HYRIV_ID": 20569375, "ORD_STRA": 1, "HYBAS_L12": 2120601440.0, "HYBAS_ID": 2120601440 }, "geometry": { "type": "LineString", "coordinates": [ [ -8.337500000000233, 42.010416666666195 ], [ -8.352083333333582, 42.010416666666195 ], [ -8.356250000000273, 42.006249999999532 ], [ -8.360416666666936, 42.010416666666195 ], [ -8.364583333333599, 42.006249999999532 ], [ -8.368750000000261, 42.010416666666195 ], [ -8.381250000000279, 42.010416666666195 ] ] } },
{ "type": "Feature", "properties": { "HYRIV_ID": 20569294, "ORD_STRA": 2, "HYBAS_L12": 2120601440.0, "HYBAS_ID": 2120601440 }, "geometry": { "type": "LineString", "coordinates": [ [ -8.381250000000279, 42.010416666666195 ], [ -8.381250000000279, 42.022916666666212 ] ] } },
{ "type": "Feature", "properties": { "HYRIV_ID": 20570757, "ORD_STRA": 1, "HYBAS_L12": 2121210530.0, "HYBAS_ID": 2121210530 }, "geometry": { "type": "LineString", "coordinates": [ [ -8.464583333333564, 41.958333333332881 ], [ -8.464583333333564, 41.947916666666195 ], [ -8.456250000000267, 41.939583333332884 ] ] } },
{ "type": "Feature", "properties": { "HYRIV_ID": 20570758, "ORD_STRA": 2, "HYBAS_L12": 2121210530.0, "HYBAS_ID": 2121210530 }, "geometry": { "type": "LineString", "coordinates": [ [ -8.377083333333587, 41.972916666666187 ], [ -8.381250000000279, 41.972916666666187 ], [ -8.385416666666941, 41.968749999999524 ], [ -8.389583333333604, 41.968749999999524 ], [ -8.39375000000021, 41.964583333332875 ], [ -8.397916666666902, 41.964583333332875 ], [ -8.418750000000244, 41.943749999999532 ], [ -8.414583333333582, 41.939583333332884 ] ] } },
{ "type": "Feature", "properties": { "HYRIV_ID": 20569901, "ORD_STRA": 1, "HYBAS_L12": 2120601950.0, "HYBAS_ID": 2120601950 }, "geometry": { "type": "LineString", "coordinates": [ [ -8.47291666666689, 41.97916666666621 ], [ -8.47291666666689, 41.985416666666204 ] ] } },
{ "type": "Feature", "properties": { "HYRIV_ID": 20569799, "ORD_STRA": 1, "HYBAS_L12": 2120601950.0, "HYBAS_ID": 2120601950 }, "geometry": { "type": "LineString", "coordinates": [ [ -8.433333333333593, 41.995833333332847 ], [ -8.439583333333587, 41.989583333332867 ], [ -8.464583333333564, 41.989583333332867 ], [ -8.468750000000227, 41.985416666666204 ], [ -8.47291666666689, 41.985416666666204 ] ] } },
{ "type": "Feature", "properties": { "HYRIV_ID": 20569293, "ORD_STRA": 1, "HYBAS_L12": 2120601440.0, "HYBAS_ID": 2120601440 }, "geometry": { "type": "LineString", "coordinates": [ [ -8.39583333333357, 42.010416666666195 ], [ -8.381250000000279, 42.010416666666195 ] ] } },
{ "type": "Feature", "properties": { "HYRIV_ID": 20569091, "ORD_STRA": 1, "HYBAS_L12": 2120601950.0, "HYBAS_ID": 2120601950 }, "geometry": { "type": "LineString", "coordinates": [ [ -8.454166666666936, 42.018749999999507 ], [ -8.481250000000244, 42.018749999999507 ], [ -8.485416666666907, 42.022916666666212 ], [ -8.497916666666924, 42.022916666666212 ] ] } },
{ "type": "Feature", "properties": { "HYRIV_ID": 20568616, "ORD_STRA": 1, "HYBAS_L12": 2120601440.0, "HYBAS_ID": 2120601440 }, "geometry": { "type": "LineString", "coordinates": [ [ -8.391666666666936, 42.039583333332892 ], [ -8.385416666666941, 42.039583333332892 ] ] } },
{ "type": "Feature", "properties": { "HYRIV_ID": 20568286, "ORD_STRA": 3, "HYBAS_L12": 2120601440.0, "HYBAS_ID": 2120601440 }, "geometry": { "type": "LineString", "coordinates": [ [ -8.389583333333604, 42.05624999999953 ], [ -8.389583333333604, 42.064583333332884 ], [ -8.39375000000021, 42.068749999999547 ], [ -8.39375000000021, 42.072916666666195 ], [ -8.389583333333604, 42.077083333332858 ] ] } },
{ "type": "Feature", "properties": { "HYRIV_ID": 20568188, "ORD_STRA": 1, "HYBAS_L12": 2120601350.0, "HYBAS_ID": 2120601350 }, "geometry": { "type": "LineString", "coordinates": [ [ -8.443750000000279, 42.058333333332847 ], [ -8.443750000000279, 42.064583333332884 ], [ -8.439583333333587, 42.068749999999547 ], [ -8.439583333333587, 42.072916666666195 ], [ -8.435416666666924, 42.077083333332858 ] ] } },
{ "type": "Feature", "properties": { "HYRIV_ID": 20567972, "ORD_STRA": 6, "HYBAS_L12": 2120601350.0, "HYBAS_ID": 2120601350 }, "geometry": { "type": "LineString", "coordinates": [ [ -8.39375000000021, 42.081249999999521 ], [ -8.406250000000227, 42.081249999999521 ], [ -8.410416666666919, 42.077083333332858 ], [ -8.414583333333582, 42.077083333332858 ], [ -8.418750000000244, 42.072916666666195 ], [ -8.431250000000261, 42.072916666666195 ], [ -8.435416666666924, 42.077083333332858 ] ] } },
{ "type": "Feature", "properties": { "HYRIV_ID": 20569463, "ORD_STRA": 2, "HYBAS_L12": 2120601950.0, "HYBAS_ID": 2120601950 }, "geometry": { "type": "LineString", "coordinates": [ [ -8.489583333333599, 42.002083333332884 ], [ -8.493750000000261, 42.006249999999532 ] ] } },
{ "type": "Feature", "properties": { "HYRIV_ID": 20569464, "ORD_STRA": 1, "HYBAS_L12": 2120601950.0, "HYBAS_ID": 2120601950 }, "geometry": { "type": "LineString", "coordinates": [ [ -8.47500000000025, 42.006249999999532 ], [ -8.481250000000244, 42.006249999999532 ], [ -8.485416666666907, 42.002083333332884 ], [ -8.489583333333599, 42.002083333332884 ] ] } },
{ "type": "Feature", "properties": { "HYRIV_ID": 20569462, "ORD_STRA": 1, "HYBAS_L12": 2120601950.0, "HYBAS_ID": 2120601950 }, "geometry": { "type": "LineString", "coordinates": [ [ -8.529166666666896, 41.999999999999552 ], [ -8.518750000000267, 42.010416666666195 ], [ -8.514583333333604, 42.010416666666195 ], [ -8.510416666666941, 42.014583333332858 ], [ -8.502083333333587, 42.014583333332858 ], [ -8.497916666666924, 42.018749999999507 ] ] } },
{ "type": "Feature", "properties": { "HYRIV_ID": 20569374, "ORD_STRA": 2, "HYBAS_L12": 2120601950.0, "HYBAS_ID": 2120601950 }, "geometry": { "type": "LineString", "coordinates": [ [ -8.493750000000261, 42.006249999999532 ], [ -8.493750000000261, 42.010416666666195 ], [ -8.497916666666924, 42.014583333332858 ], [ -8.497916666666924, 42.018749999999507 ] ] } },
{ "type": "Feature", "properties": { "HYRIV_ID": 20569292, "ORD_STRA": 1, "HYBAS_L12": 2120601950.0, "HYBAS_ID": 2120601950 }, "geometry": { "type": "LineString", "coordinates": [ [ -8.558333333333593, 42.008333333332864 ], [ -8.552083333333599, 42.014583333332858 ], [ -8.552083333333599, 42.022916666666212 ] ] } },
{ "type": "Feature", "properties": { "HYRIV_ID": 20569090, "ORD_STRA": 2, "HYBAS_L12": 2120601950.0, "HYBAS_ID": 2120601950 }, "geometry": { "type": "LineString", "coordinates": [ [ -8.497916666666924, 42.018749999999507 ], [ -8.497916666666924, 42.022916666666212 ] ] } },
{ "type": "Feature", "properties": { "HYRIV_ID": 20568992, "ORD_STRA": 2, "HYBAS_L12": 2120601950.0, "HYBAS_ID": 2120601950 }, "geometry": { "type": "LineString", "coordinates": [ [ -8.552083333333599, 42.022916666666212 ], [ -8.552083333333599, 42.027083333332875 ], [ -8.547916666666907, 42.031249999999538 ], [ -8.556250000000261, 42.039583333332892 ], [ -8.556250000000261, 42.043749999999555 ], [ -8.560416666666924, 42.047916666666204 ], [ -8.560416666666924, 42.052083333332867 ] ] } },
{ "type": "Feature", "properties": { "HYRIV_ID": 20568993, "ORD_STRA": 2, "HYBAS_L12": 2120601950.0, "HYBAS_ID": 2120601950 }, "geometry": { "type": "LineString", "coordinates": [ [ -8.497916666666924, 42.022916666666212 ], [ -8.497916666666924, 42.027083333332875 ], [ -8.502083333333587, 42.031249999999538 ], [ -8.502083333333587, 42.039583333332892 ], [ -8.497916666666924, 42.043749999999555 ], [ -8.50625000000025, 42.052083333332867 ], [ -8.50625000000025, 42.05624999999953 ] ] } },
{ "type": "Feature", "properties": { "HYRIV_ID": 20568615, "ORD_STRA": 1, "HYBAS_L12": 2120601950.0, "HYBAS_ID": 2120601950 }, "geometry": { "type": "LineString", "coordinates": [ [ -8.47500000000025, 42.039583333332892 ], [ -8.485416666666907, 42.039583333332892 ], [ -8.489583333333599, 42.043749999999555 ], [ -8.489583333333599, 42.052083333332867 ], [ -8.497916666666924, 42.060416666666178 ], [ -8.502083333333587, 42.060416666666178 ], [ -8.50625000000025, 42.05624999999953 ] ] } },
{ "type": "Feature", "properties": { "HYRIV_ID": 20568380, "ORD_STRA": 6, "HYBAS_L12": 2120601950.0, "HYBAS_ID": 2120601950 }, "geometry": { "type": "LineString", "coordinates": [ [ -8.552083333333599, 42.052083333332867 ], [ -8.560416666666924, 42.052083333332867 ] ] } },
{ "type": "Feature", "properties": { "HYRIV_ID": 20569089, "ORD_STRA": 1, "HYBAS_L12": 2120601950.0, "HYBAS_ID": 2120601950 }, "geometry": { "type": "LineString", "coordinates": [ [ -8.562500000000256, 42.018749999999507 ], [ -8.556250000000261, 42.018749999999507 ], [ -8.552083333333599, 42.022916666666212 ] ] } },
{ "type": "Feature", "properties": { "HYRIV_ID": 20568614, "ORD_STRA": 6, "HYBAS_L12": 2121210050.0, "HYBAS_ID": 2121210050 }, "geometry": { "type": "LineString", "coordinates": [ [ -8.63125000000025, 42.052083333332867 ], [ -8.643750000000267, 42.039583333332892 ] ] } },
{ "type": "Feature", "properties": { "HYRIV_ID": 20568378, "ORD_STRA": 6, "HYBAS_L12": 2120601950.0, "HYBAS_ID": 2120601950 }, "geometry": { "type": "LineString", "coordinates": [ [ -8.593750000000227, 42.05624999999953 ], [ -8.59791666666689, 42.05624999999953 ], [ -8.602083333333553, 42.052083333332867 ], [ -8.63125000000025, 42.052083333332867 ] ] } },
{ "type": "Feature", "properties": { "HYRIV_ID": 20568379, "ORD_STRA": 6, "HYBAS_L12": 2120601950.0, "HYBAS_ID": 2120601950 }, "geometry": { "type": "LineString", "coordinates": [ [ -8.560416666666924, 42.052083333332867 ], [ -8.589583333333536, 42.052083333332867 ], [ -8.593750000000227, 42.05624999999953 ] ] } },
{ "type": "Feature", "properties": { "HYRIV_ID": 20568283, "ORD_STRA": 1, "HYBAS_L12": 2120601950.0, "HYBAS_ID": 2120601950 }, "geometry": { "type": "LineString", "coordinates": [ [ -8.587500000000261, 42.062499999999552 ], [ -8.593750000000227, 42.05624999999953 ] ] } },
{ "type": "Feature", "properties": { "HYRIV_ID": 20568377, "ORD_STRA": 3, "HYBAS_L12": 2120601810.0, "HYBAS_ID": 2120601810 }, "geometry": { "type": "LineString", "coordinates": [ [ -8.639583333333604, 42.072916666666195 ], [ -8.635416666666941, 42.068749999999547 ], [ -8.635416666666941, 42.060416666666178 ], [ -8.63125000000025, 42.05624999999953 ], [ -8.63125000000025, 42.052083333332867 ] ] } },
{ "type": "Feature", "properties": { "HYRIV_ID": 20567970, "ORD_STRA": 1, "HYBAS_L12": 2120601810.0, "HYBAS_ID": 2120601810 }, "geometry": { "type": "LineString", "coordinates": [ [ -8.645833333333599, 42.072916666666195 ], [ -8.639583333333604, 42.072916666666195 ] ] } },
{ "type": "Feature", "properties": { "HYRIV_ID": 20567971, "ORD_STRA": 3, "HYBAS_L12": 2120601810.0, "HYBAS_ID": 2120601810 }, "geometry": { "type": "LineString", "coordinates": [ [ -8.63125000000025, 42.089583333332875 ], [ -8.63125000000025, 42.085416666666212 ], [ -8.635416666666941, 42.081249999999521 ], [ -8.635416666666941, 42.077083333332858 ], [ -8.639583333333604, 42.072916666666195 ] ] } },
{ "type": "Feature", "properties": { "HYRIV_ID": 20567639, "ORD_STRA": 3, "HYBAS_L12": 2120601810.0, "HYBAS_ID": 2120601810 }, "geometry": { "type": "LineString", "coordinates": [ [ -8.635416666666941, 42.102083333332892 ], [ -8.63125000000025, 42.097916666666187 ], [ -8.63125000000025, 42.089583333332875 ] ] } },
{ "type": "Feature", "properties": { "HYRIV_ID": 20567640, "ORD_STRA": 1, "HYBAS_L12": 2120601810.0, "HYBAS_ID": 2120601810 }, "geometry": { "type": "LineString", "coordinates": [ [ -8.602083333333553, 42.116666666666198 ], [ -8.602083333333553, 42.106249999999555 ], [ -8.610416666666907, 42.097916666666187 ], [ -8.61458333333357, 42.097916666666187 ], [ -8.622916666666924, 42.089583333332875 ], [ -8.63125000000025, 42.089583333332875 ] ] } },
{ "type": "Feature", "properties": { "HYRIV_ID": 20568383, "ORD_STRA": 1, "HYBAS_L12": 2120601950.0, "HYBAS_ID": 2120601950 }, "geometry": { "type": "LineString", "coordinates": [ [ -8.533333333333559, 42.049999999999535 ], [ -8.539583333333582, 42.05624999999953 ] ] } },
{ "type": "Feature", "properties": { "HYRIV_ID": 20568382, "ORD_STRA": 6, "HYBAS_L12": 2120601950.0, "HYBAS_ID": 2120601950 }, "geometry": { "type": "LineString", "coordinates": [ [ -8.539583333333582, 42.05624999999953 ], [ -8.547916666666907, 42.05624999999953 ], [ -8.552083333333599, 42.052083333332867 ] ] } },
{ "type": "Feature", "properties": { "HYRIV_ID": 20568285, "ORD_STRA": 2, "HYBAS_L12": 2120601950.0, "HYBAS_ID": 2120601950 }, "geometry": { "type": "LineString", "coordinates": [ [ -8.50625000000025, 42.05624999999953 ], [ -8.514583333333604, 42.05624999999953 ], [ -8.518750000000267, 42.060416666666178 ], [ -8.531250000000227, 42.060416666666178 ] ] } },
{ "type": "Feature", "properties": { "HYRIV_ID": 20568284, "ORD_STRA": 6, "HYBAS_L12": 2120601950.0, "HYBAS_ID": 2120601950 }, "geometry": { "type": "LineString", "coordinates": [ [ -8.531250000000227, 42.060416666666178 ], [ -8.53541666666689, 42.060416666666178 ], [ -8.539583333333582, 42.05624999999953 ] ] } },
{ "type": "Feature", "properties": { "HYRIV_ID": 20568187, "ORD_STRA": 6, "HYBAS_L12": 2120601950.0, "HYBAS_ID": 2120601950 }, "geometry": { "type": "LineString", "coordinates": [ [ -8.514583333333604, 42.081249999999521 ], [ -8.518750000000267, 42.081249999999521 ], [ -8.527083333333564, 42.072916666666195 ], [ -8.527083333333564, 42.064583333332884 ], [ -8.531250000000227, 42.060416666666178 ] ] } },
{ "type": "Feature", "properties": { "HYRIV_ID": 20568381, "ORD_STRA": 2, "HYBAS_L12": 2120601950.0, "HYBAS_ID": 2120601950 }, "geometry": { "type": "LineString", "coordinates": [ [ -8.547916666666907, 42.089583333332875 ], [ -8.547916666666907, 42.072916666666195 ], [ -8.552083333333599, 42.068749999999547 ], [ -8.552083333333599, 42.052083333332867 ] ] } },
{ "type": "Feature", "properties": { "HYRIV_ID": 20567793, "ORD_STRA": 6, "HYBAS_L12": 2120601350.0, "HYBAS_ID": 2120601350 }, "geometry": { "type": "LineString", "coordinates": [ [ -8.464583333333564, 42.081249999999521 ], [ -8.514583333333604, 42.081249999999521 ] ] } },
{ "type": "Feature", "properties": { "HYRIV_ID": 20567792, "ORD_STRA": 3, "HYBAS_L12": 2120601290.0, "HYBAS_ID": 2120601290 }, "geometry": { "type": "LineString", "coordinates": [ [ -8.514583333333604, 42.093749999999538 ], [ -8.514583333333604, 42.081249999999521 ] ] } },
{ "type": "Feature", "properties": { "HYRIV_ID": 20567641, "ORD_STRA": 1, "HYBAS_L12": 2120601950.0, "HYBAS_ID": 2120601950 }, "geometry": { "type": "LineString", "coordinates": [ [ -8.562500000000256, 42.099999999999518 ], [ -8.552083333333599, 42.089583333332875 ], [ -8.547916666666907, 42.089583333332875 ] ] } },
{ "type": "Feature", "properties": { "HYRIV_ID": 20567527, "ORD_STRA": 3, "HYBAS_L12": 2120601290.0, "HYBAS_ID": 2120601290 }, "geometry": { "type": "LineString", "coordinates": [ [ -8.50625000000025, 42.106249999999555 ], [ -8.50625000000025, 42.102083333332892 ], [ -8.514583333333604, 42.093749999999538 ] ] } },
{ "type": "Feature", "properties": { "HYRIV_ID": 20567898, "ORD_STRA": 6, "HYBAS_L12": 2120601350.0, "HYBAS_ID": 2120601350 }, "geometry": { "type": "LineString", "coordinates": [ [ -8.435416666666924, 42.077083333332858 ], [ -8.439583333333587, 42.081249999999521 ], [ -8.443750000000279, 42.081249999999521 ] ] } },
{ "type": "Feature", "properties": { "HYRIV_ID": 20567899, "ORD_STRA": 6, "HYBAS_L12": 2120601350.0, "HYBAS_ID": 2120601350 }, "geometry": { "type": "LineString", "coordinates": [ [ -8.389583333333604, 42.077083333332858 ], [ -8.39375000000021, 42.081249999999521 ] ] } },
{ "type": "Feature", "properties": { "HYRIV_ID": 20567795, "ORD_STRA": 6, "HYBAS_L12": 2120601350.0, "HYBAS_ID": 2120601350 }, "geometry": { "type": "LineString", "coordinates": [ [ -8.443750000000279, 42.081249999999521 ], [ -8.464583333333564, 42.081249999999521 ] ] } },
{ "type": "Feature", "properties": { "HYRIV_ID": 20567796, "ORD_STRA": 1, "HYBAS_L12": 2120601350.0, "HYBAS_ID": 2120601350 }, "geometry": { "type": "LineString", "coordinates": [ [ -8.42916666666693, 42.104166666666224 ], [ -8.439583333333587, 42.093749999999538 ], [ -8.439583333333587, 42.089583333332875 ], [ -8.443750000000279, 42.085416666666212 ], [ -8.443750000000279, 42.081249999999521 ] ] } },
{ "type": "Feature", "properties": { "HYRIV_ID": 20567797, "ORD_STRA": 2, "HYBAS_L12": 2120601350.0, "HYBAS_ID": 2120601350 }, "geometry": { "type": "LineString", "coordinates": [ [ -8.389583333333604, 42.106249999999555 ], [ -8.385416666666941, 42.102083333332892 ], [ -8.389583333333604, 42.097916666666187 ], [ -8.389583333333604, 42.089583333332875 ], [ -8.39375000000021, 42.085416666666212 ], [ -8.39375000000021, 42.081249999999521 ] ] } },
{ "type": "Feature", "properties": { "HYRIV_ID": 20567794, "ORD_STRA": 1, "HYBAS_L12": 2120601350.0, "HYBAS_ID": 2120601350 }, "geometry": { "type": "LineString", "coordinates": [ [ -8.450000000000273, 42.127083333332884 ], [ -8.456250000000267, 42.127083333332884 ], [ -8.464583333333564, 42.11874999999953 ], [ -8.464583333333564, 42.102083333332892 ], [ -8.468750000000227, 42.097916666666187 ], [ -8.464583333333564, 42.093749999999538 ], [ -8.464583333333564, 42.081249999999521 ] ] } },
{ "type": "Feature", "properties": { "HYRIV_ID": 20567526, "ORD_STRA": 1, "HYBAS_L12": 2120601290.0, "HYBAS_ID": 2120601290 }, "geometry": { "type": "LineString", "coordinates": [ [ -8.520833333333599, 42.108333333332887 ], [ -8.514583333333604, 42.102083333332892 ], [ -8.514583333333604, 42.093749999999538 ] ] } },
{ "type": "Feature", "properties": { "HYRIV_ID": 20567230, "ORD_STRA": 1, "HYBAS_L12": 2120601290.0, "HYBAS_ID": 2120601290 }, "geometry": { "type": "LineString", "coordinates": [ [ -8.500000000000256, 42.106249999999555 ], [ -8.50625000000025, 42.106249999999555 ] ] } },
{ "type": "Feature", "properties": { "HYRIV_ID": 20567642, "ORD_STRA": 1, "HYBAS_L12": 2120601950.0, "HYBAS_ID": 2120601950 }, "geometry": { "type": "LineString", "coordinates": [ [ -8.564583333333587, 42.129166666666215 ], [ -8.564583333333587, 42.11874999999953 ], [ -8.560416666666924, 42.11874999999953 ], [ -8.552083333333599, 42.110416666666204 ], [ -8.552083333333599, 42.106249999999555 ], [ -8.547916666666907, 42.102083333332892 ], [ -8.547916666666907, 42.089583333332875 ] ] } },
{ "type": "Feature", "properties": { "HYRIV_ID": 20567229, "ORD_STRA": 3, "HYBAS_L12": 2120601290.0, "HYBAS_ID": 2120601290 }, "geometry": { "type": "LineString", "coordinates": [ [ -8.502083333333587, 42.127083333332884 ], [ -8.50625000000025, 42.122916666666178 ], [ -8.502083333333587, 42.11874999999953 ], [ -8.502083333333587, 42.114583333332867 ], [ -8.50625000000025, 42.110416666666204 ], [ -8.50625000000025, 42.106249999999555 ] ] } },
{ "type": "Feature", "properties": { "HYRIV_ID": 20566802, "ORD_STRA": 1, "HYBAS_L12": 2120601290.0, "HYBAS_ID": 2120601290 }, "geometry": { "type": "LineString", "coordinates": [ [ -8.495833333333593, 42.127083333332884 ], [ -8.502083333333587, 42.127083333332884 ] ] } },
{ "type": "Feature", "properties": { "HYRIV_ID": 20566801, "ORD_STRA": 3, "HYBAS_L12": 2120601290.0, "HYBAS_ID": 2120601290 }, "geometry": { "type": "LineString", "coordinates": [ [ -8.514583333333604, 42.15 ], [ -8.514583333333604, 42.13541666666621 ], [ -8.510416666666941, 42.131249999999547 ], [ -8.50625000000025, 42.13541666666621 ], [ -8.502083333333587, 42.131249999999547 ], [ -8.502083333333587, 42.127083333332884 ] ] } },
{ "type": "Feature", "properties": { "HYRIV_ID": 20571819, "ORD_STRA": 1, "HYBAS_L12": 2120019290.0, "HYBAS_ID": 2120019290 }, "geometry": { "type": "LineString", "coordinates": [ [ -8.737500000000239, 41.904166666666192 ], [ -8.743750000000233, 41.897916666666212 ], [ -8.747916666666924, 41.897916666666212 ], [ -8.752083333333587, 41.89374999999955 ], [ -8.760416666666941, 41.89374999999955 ], [ -8.764583333333576, 41.889583333332844 ] ] } },
{ "type": "Feature", "properties": { "HYRIV_ID": 20571642, "ORD_STRA": 1, "HYBAS_L12": 2120019320.0, "HYBAS_ID": 2120019320 }, "geometry": { "type": "LineString", "coordinates": [ [ -8.843750000000256, 41.908333333332855 ], [ -8.843750000000256, 41.897916666666212 ] ] } },
{ "type": "Feature", "properties": { "HYRIV_ID": 20571391, "ORD_STRA": 2, "HYBAS_L12": 2120019320.0, "HYBAS_ID": 2120019320 }, "geometry": { "type": "LineString", "coordinates": [ [ -8.827083333333604, 41.931249999999558 ], [ -8.827083333333604, 41.914583333332878 ], [ -8.822916666666913, 41.910416666666229 ] ] } },
{ "type": "Feature", "properties": { "HYRIV_ID": 20571119, "ORD_STRA": 6, "HYBAS_L12": 2120019310.0, "HYBAS_ID": 2120019310 }, "geometry": { "type": "LineString", "coordinates": [ [ -8.747916666666924, 41.939583333332884 ], [ -8.760416666666941, 41.927083333332867 ], [ -8.764583333333576, 41.927083333332867 ], [ -8.768750000000267, 41.922916666666204 ], [ -8.77291666666693, 41.922916666666204 ] ] } },
{ "type": "Feature", "properties": { "HYRIV_ID": 20571024, "ORD_STRA": 1, "HYBAS_L12": 2120019320.0, "HYBAS_ID": 2120019320 }, "geometry": { "type": "LineString", "coordinates": [ [ -8.783333333333587, 41.939583333332884 ], [ -8.77291666666693, 41.939583333332884 ], [ -8.768750000000267, 41.935416666666221 ], [ -8.768750000000267, 41.931249999999558 ], [ -8.77291666666693, 41.927083333332867 ] ] } },
{ "type": "Feature", "properties": { "HYRIV_ID": 20570925, "ORD_STRA": 1, "HYBAS_L12": 2120019320.0, "HYBAS_ID": 2120019320 }, "geometry": { "type": "LineString", "coordinates": [ [ -8.850000000000193, 41.935416666666221 ], [ -8.843750000000256, 41.935416666666221 ], [ -8.839583333333593, 41.931249999999558 ], [ -8.827083333333604, 41.931249999999558 ] ] } },
{ "type": "Feature", "properties": { "HYRIV_ID": 20570753, "ORD_STRA": 6, "HYBAS_L12": 2120019310.0, "HYBAS_ID": 2120019310 }, "geometry": { "type": "LineString", "coordinates": [ [ -8.747916666666924, 41.956249999999507 ], [ -8.747916666666924, 41.939583333332884 ] ] } },
{ "type": "Feature", "properties": { "HYRIV_ID": 20570926, "ORD_STRA": 2, "HYBAS_L12": 2120019320.0, "HYBAS_ID": 2120019320 }, "geometry": { "type": "LineString", "coordinates": [ [ -8.81875000000025, 41.968749999999524 ], [ -8.81875000000025, 41.964583333332875 ], [ -8.822916666666913, 41.960416666666212 ], [ -8.822916666666913, 41.956249999999507 ], [ -8.827083333333604, 41.952083333332858 ], [ -8.827083333333604, 41.931249999999558 ] ] } },
{ "type": "Feature", "properties": { "HYRIV_ID": 20570418, "ORD_STRA": 1, "HYBAS_L12": 2120019310.0, "HYBAS_ID": 2120019310 }, "geometry": { "type": "LineString", "coordinates": [ [ -8.779166666666924, 41.956249999999507 ], [ -8.764583333333576, 41.956249999999507 ], [ -8.760416666666941, 41.960416666666212 ] ] } },
{ "type": "Feature", "properties": { "HYRIV_ID": 20570419, "ORD_STRA": 3, "HYBAS_L12": 2120019310.0, "HYBAS_ID": 2120019310 }, "geometry": { "type": "LineString", "coordinates": [ [ -8.747916666666924, 41.960416666666212 ], [ -8.747916666666924, 41.956249999999507 ] ] } },
{ "type": "Feature", "properties": { "HYRIV_ID": 20571915, "ORD_STRA": 3, "HYBAS_L12": 2121210680.0, "HYBAS_ID": 2121210680 }, "geometry": { "type": "LineString", "coordinates": [ [ -8.656250000000199, 41.889583333332844 ], [ -8.66041666666689, 41.885416666666195 ] ] } },
{ "type": "Feature", "properties": { "HYRIV_ID": 20571821, "ORD_STRA": 1, "HYBAS_L12": 2121210680.0, "HYBAS_ID": 2121210680 }, "geometry": { "type": "LineString", "coordinates": [ [ -8.656250000000199, 41.908333333332855 ], [ -8.656250000000199, 41.889583333332844 ] ] } },
{ "type": "Feature", "properties": { "HYRIV_ID": 20571820, "ORD_STRA": 1, "HYBAS_L12": 2120019290.0, "HYBAS_ID": 2120019290 }, "geometry": { "type": "LineString", "coordinates": [ [ -8.683333333333593, 41.91666666666621 ], [ -8.67708333333357, 41.910416666666229 ], [ -8.67708333333357, 41.902083333332861 ], [ -8.668750000000216, 41.89374999999955 ], [ -8.668750000000216, 41.889583333332844 ] ] } },
{ "type": "Feature", "properties": { "HYRIV_ID": 20570831, "ORD_STRA": 1, "HYBAS_L12": 2120019310.0, "HYBAS_ID": 2120019310 }, "geometry": { "type": "LineString", "coordinates": [ [ -8.725000000000222, 41.935416666666221 ], [ -8.73958333333357, 41.935416666666221 ], [ -8.743750000000233, 41.939583333332884 ], [ -8.747916666666924, 41.939583333332884 ] ] } },
{ "type": "Feature", "properties": { "HYRIV_ID": 20570420, "ORD_STRA": 6, "HYBAS_L12": 2120019310.0, "HYBAS_ID": 2120019310 }, "geometry": { "type": "LineString", "coordinates": [ [ -8.727083333333553, 41.977083333332892 ], [ -8.731250000000216, 41.977083333332892 ], [ -8.743750000000233, 41.964583333332875 ], [ -8.743750000000233, 41.960416666666212 ], [ -8.747916666666924, 41.956249999999507 ] ] } },
{ "type": "Feature", "properties": { "HYRIV_ID": 20570503, "ORD_STRA": 1, "HYBAS_L12": 2121210050.0, "HYBAS_ID": 2121210050 }, "geometry": { "type": "LineString", "coordinates": [ [ -8.685416666666924, 41.949999999999527 ], [ -8.685416666666924, 41.960416666666212 ], [ -8.689583333333587, 41.964583333332875 ], [ -8.689583333333587, 41.981249999999541 ], [ -8.69375000000025, 41.985416666666204 ], [ -8.697916666666913, 41.985416666666204 ] ] } },
{ "type": "Feature", "properties": { "HYRIV_ID": 20570176, "ORD_STRA": 1, "HYBAS_L12": 2120019310.0, "HYBAS_ID": 2120019310 }, "geometry": { "type": "LineString", "coordinates": [ [ -8.72083333333353, 41.966666666666192 ], [ -8.727083333333553, 41.972916666666187 ], [ -8.727083333333553, 41.977083333332892 ] ] } },
{ "type": "Feature", "properties": { "HYRIV_ID": 20570332, "ORD_STRA": 2, "HYBAS_L12": 2121210050.0, "HYBAS_ID": 2121210050 }, "geometry": { "type": "LineString", "coordinates": [ [ -8.64791666666693, 41.960416666666212 ], [ -8.64791666666693, 41.968749999999524 ], [ -8.652083333333593, 41.972916666666187 ], [ -8.656250000000199, 41.972916666666187 ], [ -8.66041666666689, 41.977083333332892 ], [ -8.66041666666689, 41.981249999999541 ], [ -8.672916666666907, 41.993749999999515 ], [ -8.67708333333357, 41.993749999999515 ] ] } },
{ "type": "Feature", "properties": { "HYRIV_ID": 20570097, "ORD_STRA": 1, "HYBAS_L12": 2120019310.0, "HYBAS_ID": 2120019310 }, "geometry": { "type": "LineString", "coordinates": [ [ -8.702083333333604, 41.970833333332898 ], [ -8.702083333333604, 41.985416666666204 ] ] } },
{ "type": "Feature", "properties": { "HYRIV_ID": 20570001, "ORD_STRA": 6, "HYBAS_L12": 2120019310.0, "HYBAS_ID": 2120019310 }, "geometry": { "type": "LineString", "coordinates": [ [ -8.718750000000199, 41.981249999999541 ], [ -8.72291666666689, 41.977083333332892 ], [ -8.727083333333553, 41.977083333332892 ] ] } },
{ "type": "Feature", "properties": { "HYRIV_ID": 20571300, "ORD_STRA": 2, "HYBAS_L12": 2121210680.0, "HYBAS_ID": 2121210680 }, "geometry": { "type": "LineString", "coordinates": [ [ -8.59791666666689, 41.922916666666204 ], [ -8.59791666666689, 41.914583333332878 ] ] } },
{ "type": "Feature", "properties": { "HYRIV_ID": 20571120, "ORD_STRA": 1, "HYBAS_L12": 2121210680.0, "HYBAS_ID": 2121210680 }, "geometry": { "type": "LineString", "coordinates": [ [ -8.59791666666689, 41.929166666666184 ], [ -8.59791666666689, 41.922916666666204 ] ] } },
{ "type": "Feature", "properties": { "HYRIV_ID": 20571121, "ORD_STRA": 1, "HYBAS_L12": 2121210680.0, "HYBAS_ID": 2121210680 }, "geometry": { "type": "LineString", "coordinates": [ [ -8.587500000000261, 41.933333333332889 ], [ -8.59791666666689, 41.922916666666204 ] ] } },
{ "type": "Feature", "properties": { "HYRIV_ID": 20570581, "ORD_STRA": 1, "HYBAS_L12": 2121210050.0, "HYBAS_ID": 2121210050 }, "geometry": { "type": "LineString", "coordinates": [ [ -8.64791666666693, 41.945833333332864 ], [ -8.64791666666693, 41.960416666666212 ] ] } },
{ "type": "Feature", "properties": { "HYRIV_ID": 20570333, "ORD_STRA": 1, "HYBAS_L12": 2121210050.0, "HYBAS_ID": 2121210050 }, "geometry": { "type": "LineString", "coordinates": [ [ -8.637500000000244, 41.960416666666212 ], [ -8.64791666666693, 41.960416666666212 ] ] } },
{ "type": "Feature", "properties": { "HYRIV_ID": 20570002, "ORD_STRA": 1, "HYBAS_L12": 2121210050.0, "HYBAS_ID": 2121210050 }, "geometry": { "type": "LineString", "coordinates": [ [ -8.587500000000261, 41.987499999999535 ], [ -8.593750000000227, 41.981249999999541 ], [ -8.59791666666689, 41.981249999999541 ], [ -8.602083333333553, 41.977083333332892 ], [ -8.61458333333357, 41.977083333332892 ], [ -8.618750000000261, 41.981249999999541 ], [ -8.627083333333587, 41.981249999999541 ], [ -8.63125000000025, 41.985416666666204 ], [ -8.635416666666941, 41.985416666666204 ], [ -8.639583333333604, 41.989583333332867 ] ] } },
{ "type": "Feature", "properties": { "HYRIV_ID": 20569718, "ORD_STRA": 1, "HYBAS_L12": 2121210050.0, "HYBAS_ID": 2121210050 }, "geometry": { "type": "LineString", "coordinates": [ [ -8.620833333333593, 41.993749999999515 ], [ -8.635416666666941, 41.993749999999515 ], [ -8.639583333333604, 41.989583333332867 ] ] } },
{ "type": "Feature", "properties": { "HYRIV_ID": 20569717, "ORD_STRA": 2, "HYBAS_L12": 2121210050.0, "HYBAS_ID": 2121210050 }, "geometry": { "type": "LineString", "coordinates": [ [ -8.639583333333604, 41.989583333332867 ], [ -8.656250000000199, 42.006249999999532 ] ] } },
{ "type": "Feature", "properties": { "HYRIV_ID": 20569373, "ORD_STRA": 1, "HYBAS_L12": 2121210050.0, "HYBAS_ID": 2121210050 }, "geometry": { "type": "LineString", "coordinates": [ [ -8.625000000000256, 42.006249999999532 ], [ -8.639583333333604, 42.006249999999532 ], [ -8.643750000000267, 42.010416666666195 ] ] } },
{ "type": "Feature", "properties": { "HYRIV_ID": 20569291, "ORD_STRA": 1, "HYBAS_L12": 2121210050.0, "HYBAS_ID": 2121210050 }, "geometry": { "type": "LineString", "coordinates": [ [ -8.637500000000244, 42.01666666666619 ], [ -8.643750000000267, 42.010416666666195 ] ] } },
{ "type": "Feature", "properties": { "HYRIV_ID": 20570330, "ORD_STRA": 2, "HYBAS_L12": 2120019310.0, "HYBAS_ID": 2120019310 }, "geometry": { "type": "LineString", "coordinates": [ [ -8.760416666666941, 41.960416666666212 ], [ -8.75625000000025, 41.964583333332875 ], [ -8.752083333333587, 41.960416666666212 ], [ -8.747916666666924, 41.960416666666212 ] ] } },
{ "type": "Feature", "properties": { "HYRIV_ID": 20570329, "ORD_STRA": 1, "HYBAS_L12": 2120019310.0, "HYBAS_ID": 2120019310 }, "geometry": { "type": "LineString", "coordinates": [ [ -8.775000000000261, 41.968749999999524 ], [ -8.768750000000267, 41.968749999999524 ], [ -8.760416666666941, 41.960416666666212 ] ] } },
{ "type": "Feature", "properties": { "HYRIV_ID": 20570331, "ORD_STRA": 2, "HYBAS_L12": 2120019310.0, "HYBAS_ID": 2120019310 }, "geometry": { "type": "LineString", "coordinates": [ [ -8.752083333333587, 41.972916666666187 ], [ -8.752083333333587, 41.968749999999524 ], [ -8.747916666666924, 41.964583333332875 ], [ -8.747916666666924, 41.960416666666212 ] ] } },
{ "type": "Feature", "properties": { "HYRIV_ID": 20570174, "ORD_STRA": 1, "HYBAS_L12": 2120019320.0, "HYBAS_ID": 2120019320 }, "geometry": { "type": "LineString", "coordinates": [ [ -8.841666666666924, 41.972916666666187 ], [ -8.827083333333604, 41.972916666666187 ], [ -8.822916666666913, 41.968749999999524 ], [ -8.81875000000025, 41.968749999999524 ] ] } },
{ "type": "Feature", "properties": { "HYRIV_ID": 20570095, "ORD_STRA": 1, "HYBAS_L12": 2120019310.0, "HYBAS_ID": 2120019310 }, "geometry": { "type": "LineString", "coordinates": [ [ -8.770833333333599, 41.983333333332872 ], [ -8.760416666666941, 41.972916666666187 ], [ -8.75625000000025, 41.977083333332892 ], [ -8.752083333333587, 41.972916666666187 ] ] } },
{ "type": "Feature", "properties": { "HYRIV_ID": 20570175, "ORD_STRA": 2, "HYBAS_L12": 2120019320.0, "HYBAS_ID": 2120019320 }, "geometry": { "type": "LineString", "coordinates": [ [ -8.81875000000025, 41.989583333332867 ], [ -8.810416666666896, 41.981249999999541 ], [ -8.81875000000025, 41.972916666666187 ], [ -8.81875000000025, 41.968749999999524 ] ] } },
{ "type": "Feature", "properties": { "HYRIV_ID": 20570096, "ORD_STRA": 1, "HYBAS_L12": 2120019310.0, "HYBAS_ID": 2120019310 }, "geometry": { "type": "LineString", "coordinates": [ [ -8.762500000000244, 42.01666666666619 ], [ -8.75625000000025, 42.010416666666195 ], [ -8.75625000000025, 41.997916666666221 ], [ -8.752083333333587, 41.993749999999515 ], [ -8.752083333333587, 41.985416666666204 ], [ -8.75625000000025, 41.981249999999541 ], [ -8.752083333333587, 41.977083333332892 ], [ -8.752083333333587, 41.972916666666187 ] ] } },
{ "type": "Feature", "properties": { "HYRIV_ID": 20569713, "ORD_STRA": 1, "HYBAS_L12": 2120019320.0, "HYBAS_ID": 2120019320 }, "geometry": { "type": "LineString", "coordinates": [ [ -8.841666666666924, 42.012499999999527 ], [ -8.83541666666693, 42.006249999999532 ], [ -8.831250000000267, 42.006249999999532 ], [ -8.81875000000025, 41.993749999999515 ], [ -8.81875000000025, 41.989583333332867 ] ] } },
{ "type": "Feature", "properties": { "HYRIV_ID": 20569714, "ORD_STRA": 2, "HYBAS_L12": 2120019320.0, "HYBAS_ID": 2120019320 }, "geometry": { "type": "LineString", "coordinates": [ [ -8.806250000000233, 42.014583333332858 ], [ -8.806250000000233, 42.010416666666195 ], [ -8.80208333333357, 42.006249999999532 ], [ -8.81875000000025, 41.989583333332867 ] ] } },
{ "type": "Feature", "properties": { "HYRIV_ID": 20569190, "ORD_STRA": 1, "HYBAS_L12": 2120019320.0, "HYBAS_ID": 2120019320 }, "geometry": { "type": "LineString", "coordinates": [ [ -8.795833333333604, 42.018749999999507 ], [ -8.80208333333357, 42.018749999999507 ], [ -8.806250000000233, 42.014583333332858 ] ] } },
{ "type": "Feature", "properties": { "HYRIV_ID": 20569900, "ORD_STRA": 6, "HYBAS_L12": 2120019310.0, "HYBAS_ID": 2120019310 }, "geometry": { "type": "LineString", "coordinates": [ [ -8.702083333333604, 41.985416666666204 ], [ -8.706250000000267, 41.985416666666204 ], [ -8.71041666666693, 41.981249999999541 ], [ -8.718750000000199, 41.981249999999541 ] ] } },
{ "type": "Feature", "properties": { "HYRIV_ID": 20569796, "ORD_STRA": 6, "HYBAS_L12": 2121210050.0, "HYBAS_ID": 2121210050 }, "geometry": { "type": "LineString", "coordinates": [ [ -8.697916666666913, 41.985416666666204 ], [ -8.702083333333604, 41.985416666666204 ] ] } },
{ "type": "Feature", "properties": { "HYRIV_ID": 20569797, "ORD_STRA": 6, "HYBAS_L12": 2121210050.0, "HYBAS_ID": 2121210050 }, "geometry": { "type": "LineString", "coordinates": [ [ -8.689583333333587, 41.989583333332867 ], [ -8.69375000000025, 41.989583333332867 ], [ -8.697916666666913, 41.985416666666204 ] ] } },
{ "type": "Feature", "properties": { "HYRIV_ID": 20569716, "ORD_STRA": 6, "HYBAS_L12": 2121210050.0, "HYBAS_ID": 2121210050 }, "geometry": { "type": "LineString", "coordinates": [ [ -8.67708333333357, 41.993749999999515 ], [ -8.681250000000233, 41.993749999999515 ], [ -8.685416666666924, 41.989583333332867 ], [ -8.689583333333587, 41.989583333332867 ] ] } },
{ "type": "Feature", "properties": { "HYRIV_ID": 20569620, "ORD_STRA": 6, "HYBAS_L12": 2121210050.0, "HYBAS_ID": 2121210050 }, "geometry": { "type": "LineString", "coordinates": [ [ -8.66041666666689, 42.006249999999532 ], [ -8.664583333333553, 42.002083333332884 ], [ -8.668750000000216, 42.002083333332884 ], [ -8.67708333333357, 41.993749999999515 ] ] } },
{ "type": "Feature", "properties": { "HYRIV_ID": 20569371, "ORD_STRA": 3, "HYBAS_L12": 2121210050.0, "HYBAS_ID": 2121210050 }, "geometry": { "type": "LineString", "coordinates": [ [ -8.656250000000199, 42.006249999999532 ], [ -8.66041666666689, 42.006249999999532 ] ] } },
{ "type": "Feature", "properties": { "HYRIV_ID": 20569372, "ORD_STRA": 2, "HYBAS_L12": 2121210050.0, "HYBAS_ID": 2121210050 }, "geometry": { "type": "LineString", "coordinates": [ [ -8.643750000000267, 42.010416666666195 ], [ -8.64791666666693, 42.010416666666195 ], [ -8.652083333333593, 42.006249999999532 ], [ -8.656250000000199, 42.006249999999532 ] ] } },
{ "type": "Feature", "properties": { "HYRIV_ID": 20569370, "ORD_STRA": 6, "HYBAS_L12": 2121210050.0, "HYBAS_ID": 2121210050 }, "geometry": { "type": "LineString", "coordinates": [ [ -8.656250000000199, 42.031249999999538 ], [ -8.656250000000199, 42.010416666666195 ], [ -8.66041666666689, 42.006249999999532 ] ] } },
{ "type": "Feature", "properties": { "HYRIV_ID": 20569715, "ORD_STRA": 1, "HYBAS_L12": 2121210050.0, "HYBAS_ID": 2121210050 }, "geometry": { "type": "LineString", "coordinates": [ [ -8.702083333333604, 42.066666666666215 ], [ -8.702083333333604, 42.05624999999953 ], [ -8.697916666666913, 42.052083333332867 ], [ -8.697916666666913, 42.043749999999555 ], [ -8.69375000000025, 42.039583333332892 ], [ -8.69375000000025, 42.022916666666212 ], [ -8.689583333333587, 42.018749999999507 ], [ -8.689583333333587, 41.989583333332867 ] ] } },
{ "type": "Feature", "properties": { "HYRIV_ID": 20568804, "ORD_STRA": 6, "HYBAS_L12": 2121210050.0, "HYBAS_ID": 2121210050 }, "geometry": { "type": "LineString", "coordinates": [ [ -8.643750000000267, 42.039583333332892 ], [ -8.64791666666693, 42.035416666666229 ], [ -8.652083333333593, 42.035416666666229 ], [ -8.656250000000199, 42.031249999999538 ] ] } },
{ "type": "Feature", "properties": { "HYRIV_ID": 20569899, "ORD_STRA": 1, "HYBAS_L12": 2120019310.0, "HYBAS_ID": 2120019310 }, "geometry": { "type": "LineString", "coordinates": [ [ -8.777083333333593, 42.054166666666198 ], [ -8.777083333333593, 42.043749999999555 ], [ -8.77291666666693, 42.039583333332892 ], [ -8.73958333333357, 42.039583333332892 ], [ -8.731250000000216, 42.031249999999538 ], [ -8.731250000000216, 42.022916666666212 ], [ -8.727083333333553, 42.018749999999507 ], [ -8.731250000000216, 42.014583333332858 ], [ -8.727083333333553, 42.010416666666195 ], [ -8.727083333333553, 41.997916666666221 ], [ -8.718750000000199, 41.989583333332867 ], [ -8.718750000000199, 41.981249999999541 ] ] } },
{ "type": "Feature", "properties": { "HYRIV_ID": 20569189, "ORD_STRA": 1, "HYBAS_L12": 2120019320.0, "HYBAS_ID": 2120019320 }, "geometry": { "type": "LineString", "coordinates": [ [ -8.829166666666936, 42.029166666666207 ], [ -8.822916666666913, 42.022916666666212 ], [ -8.81875000000025, 42.022916666666212 ], [ -8.814583333333587, 42.018749999999507 ], [ -8.810416666666896, 42.018749999999507 ], [ -8.806250000000233, 42.014583333332858 ] ] } },
{ "type": "Feature", "properties": { "HYRIV_ID": 20568612, "ORD_STRA": 1, "HYBAS_L12": 2120019320.0, "HYBAS_ID": 2120019320 }, "geometry": { "type": "LineString", "coordinates": [ [ -8.858333333333604, 42.045833333332872 ], [ -8.864583333333542, 42.039583333332892 ], [ -8.885416666666913, 42.039583333332892 ] ] } },
{ "type": "Feature", "properties": { "HYRIV_ID": 20568376, "ORD_STRA": 1, "HYBAS_L12": 2120019330.0, "HYBAS_ID": 2120019330 }, "geometry": { "type": "LineString", "coordinates": [ [ -8.86250000000021, 42.05624999999953 ], [ -8.868750000000233, 42.05624999999953 ], [ -8.872916666666896, 42.052083333332867 ], [ -8.885416666666913, 42.052083333332867 ] ] } },
{ "type": "Feature", "properties": { "HYRIV_ID": 20568126, "ORD_STRA": 1, "HYBAS_L12": 2120019330.0, "HYBAS_ID": 2120019330 }, "geometry": { "type": "LineString", "coordinates": [ [ -8.816666666666919, 42.064583333332884 ], [ -8.810416666666896, 42.064583333332884 ], [ -8.806250000000233, 42.068749999999547 ], [ -8.806250000000233, 42.081249999999521 ], [ -8.810416666666896, 42.085416666666212 ], [ -8.810416666666896, 42.093749999999538 ], [ -8.814583333333587, 42.097916666666187 ], [ -8.814583333333587, 42.102083333332892 ], [ -8.822916666666913, 42.110416666666204 ] ] } },
{ "type": "Feature", "properties": { "HYRIV_ID": 20567791, "ORD_STRA": 1, "HYBAS_L12": 2120019330.0, "HYBAS_ID": 2120019330 }, "geometry": { "type": "LineString", "coordinates": [ [ -8.747916666666924, 42.07916666666619 ], [ -8.747916666666924, 42.089583333332875 ], [ -8.752083333333587, 42.093749999999538 ], [ -8.752083333333587, 42.102083333332892 ] ] } },
{ "type": "Feature", "properties": { "HYRIV_ID": 20567437, "ORD_STRA": 1, "HYBAS_L12": 2120019330.0, "HYBAS_ID": 2120019330 }, "geometry": { "type": "LineString", "coordinates": [ [ -8.737500000000239, 42.097916666666187 ], [ -8.743750000000233, 42.097916666666187 ], [ -8.747916666666924, 42.102083333332892 ], [ -8.752083333333587, 42.102083333332892 ] ] } },
{ "type": "Feature", "properties": { "HYRIV_ID": 20567334, "ORD_STRA": 2, "HYBAS_L12": 2120019330.0, "HYBAS_ID": 2120019330 }, "geometry": { "type": "LineString", "coordinates": [ [ -8.752083333333587, 42.102083333332892 ], [ -8.752083333333587, 42.106249999999555 ] ] } },
{ "type": "Feature", "properties": { "HYRIV_ID": 20567333, "ORD_STRA": 1, "HYBAS_L12": 2120019330.0, "HYBAS_ID": 2120019330 }, "geometry": { "type": "LineString", "coordinates": [ [ -8.779166666666924, 42.099999999999518 ], [ -8.785416666666862, 42.106249999999555 ], [ -8.785416666666862, 42.110416666666204 ] ] } },
{ "type": "Feature", "properties": { "HYRIV_ID": 20567332, "ORD_STRA": 1, "HYBAS_L12": 2120019330.0, "HYBAS_ID": 2120019330 }, "geometry": { "type": "LineString", "coordinates": [ [ -8.843750000000256, 42.099999999999518 ], [ -8.843750000000256, 42.110416666666204 ], [ -8.839583333333593, 42.114583333332867 ] ] } },
{ "type": "Feature", "properties": { "HYRIV_ID": 20568803, "ORD_STRA": 1, "HYBAS_L12": 2121210050.0, "HYBAS_ID": 2121210050 }, "geometry": { "type": "LineString", "coordinates": [ [ -8.662500000000222, 42.041666666666224 ], [ -8.656250000000199, 42.035416666666229 ], [ -8.656250000000199, 42.031249999999538 ] ] } },
{ "type": "Feature", "properties": { "HYRIV_ID": 20568613, "ORD_STRA": 1, "HYBAS_L12": 2121210050.0, "HYBAS_ID": 2121210050 }, "geometry": { "type": "LineString", "coordinates": [ [ -8.670833333333576, 42.060416666666178 ], [ -8.664583333333553, 42.060416666666178 ], [ -8.66041666666689, 42.05624999999953 ], [ -8.656250000000199, 42.05624999999953 ], [ -8.64791666666693, 42.047916666666204 ], [ -8.64791666666693, 42.043749999999555 ], [ -8.643750000000267, 42.039583333332892 ] ] } },
{ "type": "Feature", "properties": { "HYRIV_ID": 20567336, "ORD_STRA": 1, "HYBAS_L12": 2120601810.0, "HYBAS_ID": 2120601810 }, "geometry": { "type": "LineString", "coordinates": [ [ -8.666666666666885, 42.102083333332892 ], [ -8.652083333333593, 42.102083333332892 ], [ -8.64791666666693, 42.106249999999555 ] ] } },
{ "type": "Feature", "properties": { "HYRIV_ID": 20567335, "ORD_STRA": 1, "HYBAS_L12": 2120019330.0, "HYBAS_ID": 2120019330 }, "geometry": { "type": "LineString", "coordinates": [ [ -8.708333333333599, 42.099999999999518 ], [ -8.718750000000199, 42.110416666666204 ], [ -8.727083333333553, 42.110416666666204 ], [ -8.731250000000216, 42.106249999999555 ], [ -8.735416666666907, 42.106249999999555 ], [ -8.73958333333357, 42.110416666666204 ], [ -8.743750000000233, 42.106249999999555 ], [ -8.752083333333587, 42.106249999999555 ] ] } },
{ "type": "Feature", "properties": { "HYRIV_ID": 20567228, "ORD_STRA": 1, "HYBAS_L12": 2120601810.0, "HYBAS_ID": 2120601810 }, "geometry": { "type": "LineString", "coordinates": [ [ -8.670833333333576, 42.11874999999953 ], [ -8.664583333333553, 42.11874999999953 ], [ -8.66041666666689, 42.114583333332867 ], [ -8.656250000000199, 42.114583333332867 ], [ -8.64791666666693, 42.106249999999555 ] ] } },
{ "type": "Feature", "properties": { "HYRIV_ID": 20567152, "ORD_STRA": 1, "HYBAS_L12": 2120019330.0, "HYBAS_ID": 2120019330 }, "geometry": { "type": "LineString", "coordinates": [ [ -8.733333333333093, 42.15 ], [ -8.735416666666907, 42.147916666666184 ], [ -8.735416666666907, 42.13541666666621 ], [ -8.743750000000233, 42.127083333332884 ], [ -8.747916666666924, 42.127083333332884 ], [ -8.752083333333587, 42.122916666666178 ], [ -8.75625000000025, 42.122916666666178 ], [ -8.760416666666941, 42.11874999999953 ], [ -8.760416666666941, 42.114583333332867 ], [ -8.764583333333576, 42.110416666666204 ] ] } },
{ "type": "Feature", "properties": { "HYRIV_ID": 20567226, "ORD_STRA": 1, "HYBAS_L12": 2120019330.0, "HYBAS_ID": 2120019330 }, "geometry": { "type": "LineString", "coordinates": [ [ -8.829166666666936, 42.104166666666224 ], [ -8.822916666666913, 42.110416666666204 ] ] } },
{ "type": "Feature", "properties": { "HYRIV_ID": 20567227, "ORD_STRA": 2, "HYBAS_L12": 2120019330.0, "HYBAS_ID": 2120019330 }, "geometry": { "type": "LineString", "coordinates": [ [ -8.752083333333587, 42.106249999999555 ], [ -8.75625000000025, 42.106249999999555 ], [ -8.760416666666941, 42.110416666666204 ], [ -8.764583333333576, 42.110416666666204 ] ] } },
{ "type": "Feature", "properties": { "HYRIV_ID": 20567151, "ORD_STRA": 2, "HYBAS_L12": 2120019330.0, "HYBAS_ID": 2120019330 }, "geometry": { "type": "LineString", "coordinates": [ [ -8.764583333333576, 42.110416666666204 ], [ -8.785416666666862, 42.110416666666204 ] ] } },
{ "type": "Feature", "properties": { "HYRIV_ID": 20567149, "ORD_STRA": 2, "HYBAS_L12": 2120019330.0, "HYBAS_ID": 2120019330 }, "geometry": { "type": "LineString", "coordinates": [ [ -8.822916666666913, 42.110416666666204 ], [ -8.827083333333604, 42.114583333332867 ] ] } },
{ "type": "Feature", "properties": { "HYRIV_ID": 20567150, "ORD_STRA": 2, "HYBAS_L12": 2120019330.0, "HYBAS_ID": 2120019330 }, "geometry": { "type": "LineString", "coordinates": [ [ -8.785416666666862, 42.110416666666204 ], [ -8.789583333333553, 42.110416666666204 ], [ -8.793750000000216, 42.114583333332867 ], [ -8.797916666666879, 42.110416666666204 ], [ -8.80208333333357, 42.114583333332867 ], [ -8.81875000000025, 42.114583333332867 ], [ -8.822916666666913, 42.11874999999953 ] ] } },
{ "type": "Feature", "properties": { "HYRIV_ID": 20566741, "ORD_STRA": 1, "HYBAS_L12": 2120019330.0, "HYBAS_ID": 2120019330 }, "geometry": { "type": "LineString", "coordinates": [ [ -8.762500000000244, 42.147916666666184 ], [ -8.768750000000267, 42.147916666666184 ], [ -8.781250000000256, 42.13541666666621 ], [ -8.793750000000216, 42.13541666666621 ], [ -8.797916666666879, 42.131249999999547 ], [ -8.80208333333357, 42.131249999999547 ], [ -8.806250000000233, 42.13541666666621 ], [ -8.810416666666896, 42.131249999999547 ], [ -8.814583333333587, 42.13541666666621 ], [ -8.81875000000025, 42.13541666666621 ] ] } },
{ "type": "Feature", "properties": { "HYRIV_ID": 20567337, "ORD_STRA": 2, "HYBAS_L12": 2120601810.0, "HYBAS_ID": 2120601810 }, "geometry": { "type": "LineString", "coordinates": [ [ -8.64791666666693, 42.106249999999555 ], [ -8.643750000000267, 42.106249999999555 ], [ -8.639583333333604, 42.102083333332892 ], [ -8.635416666666941, 42.102083333332892 ] ] } },
{ "type": "Feature", "properties": { "HYRIV_ID": 20567338, "ORD_STRA": 2, "HYBAS_L12": 2120601810.0, "HYBAS_ID": 2120601810 }, "geometry": { "type": "LineString", "coordinates": [ [ -8.63125000000025, 42.131249999999547 ], [ -8.627083333333587, 42.127083333332884 ], [ -8.627083333333587, 42.11874999999953 ], [ -8.635416666666941, 42.110416666666204 ], [ -8.635416666666941, 42.102083333332892 ] ] } },
{ "type": "Feature", "properties": { "HYRIV_ID": 20566894, "ORD_STRA": 1, "HYBAS_L12": 2120601810.0, "HYBAS_ID": 2120601810 }, "geometry": { "type": "LineString", "coordinates": [ [ -8.654166666666868, 42.137499999999527 ], [ -8.639583333333604, 42.122916666666178 ], [ -8.635416666666941, 42.122916666666178 ], [ -8.63125000000025, 42.127083333332884 ], [ -8.63125000000025, 42.131249999999547 ] ] } },
{ "type": "Feature", "properties": { "HYRIV_ID": 20566742, "ORD_STRA": 2, "HYBAS_L12": 2120601810.0, "HYBAS_ID": 2120601810 }, "geometry": { "type": "LineString", "coordinates": [ [ -8.627083333333587, 42.139583333332858 ], [ -8.63125000000025, 42.13541666666621 ], [ -8.63125000000025, 42.131249999999547 ] ] } },
{ "type": "Feature", "properties": { "HYRIV_ID": 20566604, "ORD_STRA": 1, "HYBAS_L12": 2120601810.0, "HYBAS_ID": 2120601810 }, "geometry": { "type": "LineString", "coordinates": [ [ -8.612500000000239, 42.145833333332853 ], [ -8.618750000000261, 42.139583333332858 ], [ -8.627083333333587, 42.139583333332858 ] ] } },
{ "type": "Feature", "properties": { "HYRIV_ID": 20566603, "ORD_STRA": 2, "HYBAS_L12": 2120601810.0, "HYBAS_ID": 2120601810 }, "geometry": { "type": "LineString", "coordinates": [ [ -8.622916666666924, 42.15 ], [ -8.622916666666924, 42.143749999999521 ], [ -8.627083333333587, 42.139583333332858 ] ] } },
{ "type": "Feature", "properties": { "HYRIV_ID": 20571648, "ORD_STRA": 2, "HYBAS_L12": 2120605420.0, "HYBAS_ID": 2120605422 }, "geometry": { "type": "LineString", "coordinates": [ [ -8.127083333333559, 41.914583333332878 ], [ -8.127083333333559, 41.897916666666212 ] ] } },
{ "type": "Feature", "properties": { "HYRIV_ID": 20571650, "ORD_STRA": 4, "HYBAS_L12": 2120605420.0, "HYBAS_ID": 2129283831 }, "geometry": { "type": "LineString", "coordinates": [ [ -8.1, 41.90416666666647 ], [ -8.10208333333361, 41.902083333332861 ], [ -8.106250000000273, 41.902083333332861 ], [ -8.110416666666936, 41.897916666666212 ] ] } },
{ "type": "Feature", "properties": { "HYRIV_ID": 20571307, "ORD_STRA": 2, "HYBAS_L12": 2120605420.0, "HYBAS_ID": 2120605422 }, "geometry": { "type": "LineString", "coordinates": [ [ -8.122916666666953, 41.918749999999541 ], [ -8.127083333333559, 41.914583333332878 ] ] } },
{ "type": "Feature", "properties": { "HYRIV_ID": 20571306, "ORD_STRA": 1, "HYBAS_L12": 2120605420.0, "HYBAS_ID": 2120605422 }, "geometry": { "type": "LineString", "coordinates": [ [ -8.150000000000261, 41.922916666666204 ], [ -8.143750000000239, 41.922916666666204 ], [ -8.135416666666913, 41.914583333332878 ], [ -8.127083333333559, 41.914583333332878 ] ] } },
{ "type": "Feature", "properties": { "HYRIV_ID": 20571217, "ORD_STRA": 2, "HYBAS_L12": 2120605420.0, "HYBAS_ID": 2120605422 }, "geometry": { "type": "LineString", "coordinates": [ [ -8.127083333333559, 41.927083333332867 ], [ -8.122916666666953, 41.922916666666204 ], [ -8.122916666666953, 41.918749999999541 ] ] } },
{ "type": "Feature", "properties": { "HYRIV_ID": 20571026, "ORD_STRA": 1, "HYBAS_L12": 2120605420.0, "HYBAS_ID": 2120605422 }, "geometry": { "type": "LineString", "coordinates": [ [ -8.127083333333559, 41.933333333332889 ], [ -8.127083333333559, 41.927083333332867 ] ] } },
{ "type": "Feature", "properties": { "HYRIV_ID": 20571025, "ORD_STRA": 1, "HYBAS_L12": 2120605420.0, "HYBAS_ID": 2120605422 }, "geometry": { "type": "LineString", "coordinates": [ [ -8.139583333333576, 41.991666666666198 ], [ -8.139583333333576, 41.977083333332892 ], [ -8.143750000000239, 41.972916666666187 ], [ -8.143750000000239, 41.968749999999524 ], [ -8.14791666666693, 41.964583333332875 ], [ -8.135416666666913, 41.952083333332858 ], [ -8.135416666666913, 41.943749999999532 ], [ -8.139583333333576, 41.939583333332884 ], [ -8.127083333333559, 41.927083333332867 ] ] } },
{ "type": "Feature", "properties": { "HYRIV_ID": 20571218, "ORD_STRA": 1, "HYBAS_L12": 2120605420.0, "HYBAS_ID": 2120605422 }, "geometry": { "type": "MultiLineString", "coordinates": [ [ [ -8.1, 41.987499999999798 ], [ -8.10208333333361, 41.985416666666204 ], [ -8.10208333333361, 41.972916666666187 ], [ -8.1, 41.970833333332592 ] ], [ [ -8.1, 41.929166666666475 ], [ -8.106250000000273, 41.922916666666204 ], [ -8.110416666666936, 41.922916666666204 ], [ -8.114583333333599, 41.918749999999541 ], [ -8.122916666666953, 41.918749999999541 ] ] ] } },
{ "type": "Feature", "properties": { "HYRIV_ID": 20570254, "ORD_STRA": 1, "HYBAS_L12": 2120605320.0, "HYBAS_ID": 2120605322 }, "geometry": { "type": "LineString", "coordinates": [ [ -8.181250000000261, 41.974999999999561 ], [ -8.181250000000261, 41.968749999999524 ], [ -8.177083333333599, 41.964583333332875 ], [ -8.172916666666936, 41.964583333332875 ] ] } },
{ "type": "Feature", "properties": { "HYRIV_ID": 20570255, "ORD_STRA": 2, "HYBAS_L12": 2120605320.0, "HYBAS_ID": 2120605322 }, "geometry": { "type": "LineString", "coordinates": [ [ -8.152083333333593, 42.027083333332875 ], [ -8.152083333333593, 42.018749999999507 ], [ -8.156250000000256, 42.014583333332858 ], [ -8.160416666666947, 42.014583333332858 ], [ -8.164583333333582, 42.010416666666195 ], [ -8.164583333333582, 42.006249999999532 ], [ -8.160416666666947, 42.002083333332884 ], [ -8.160416666666947, 41.989583333332867 ], [ -8.164583333333582, 41.985416666666204 ], [ -8.164583333333582, 41.968749999999524 ], [ -8.168750000000273, 41.964583333332875 ], [ -8.172916666666936, 41.964583333332875 ] ] } },
{ "type": "Feature", "properties": { "HYRIV_ID": 20571645, "ORD_STRA": 3, "HYBAS_L12": 2120605320.0, "HYBAS_ID": 2120605322 }, "geometry": { "type": "LineString", "coordinates": [ [ -8.210416666666902, 41.922916666666204 ], [ -8.210416666666902, 41.918749999999541 ], [ -8.214583333333593, 41.914583333332878 ], [ -8.214583333333593, 41.902083333332861 ], [ -8.210416666666902, 41.897916666666212 ] ] } },
{ "type": "Feature", "properties": { "HYRIV_ID": 20571122, "ORD_STRA": 2, "HYBAS_L12": 2120605320.0, "HYBAS_ID": 2120605322 }, "geometry": { "type": "LineString", "coordinates": [ [ -8.235416666666936, 41.939583333332884 ], [ -8.222916666666919, 41.927083333332867 ], [ -8.218750000000256, 41.927083333332867 ], [ -8.214583333333593, 41.922916666666204 ], [ -8.210416666666902, 41.922916666666204 ] ] } },
{ "type": "Feature", "properties": { "HYRIV_ID": 20570759, "ORD_STRA": 2, "HYBAS_L12": 2120605320.0, "HYBAS_ID": 2120605322 }, "geometry": { "type": "LineString", "coordinates": [ [ -8.247916666666953, 41.947916666666195 ], [ -8.243750000000261, 41.943749999999532 ], [ -8.243750000000261, 41.939583333332884 ], [ -8.235416666666936, 41.939583333332884 ] ] } },
{ "type": "Feature", "properties": { "HYRIV_ID": 20571123, "ORD_STRA": 2, "HYBAS_L12": 2120605320.0, "HYBAS_ID": 2120605322 }, "geometry": { "type": "LineString", "coordinates": [ [ -8.172916666666936, 41.964583333332875 ], [ -8.172916666666936, 41.960416666666212 ], [ -8.189583333333616, 41.943749999999532 ], [ -8.193750000000279, 41.943749999999532 ], [ -8.197916666666885, 41.939583333332884 ], [ -8.197916666666885, 41.935416666666221 ], [ -8.210416666666902, 41.922916666666204 ] ] } },
{ "type": "Feature", "properties": { "HYRIV_ID": 20570668, "ORD_STRA": 1, "HYBAS_L12": 2120605320.0, "HYBAS_ID": 2120605322 }, "geometry": { "type": "LineString", "coordinates": [ [ -8.266666666666907, 41.943749999999532 ], [ -8.256250000000279, 41.943749999999532 ], [ -8.25208333333353, 41.947916666666195 ], [ -8.247916666666953, 41.947916666666195 ] ] } },
{ "type": "Feature", "properties": { "HYRIV_ID": 20570582, "ORD_STRA": 1, "HYBAS_L12": 2120605320.0, "HYBAS_ID": 2120605322 }, "geometry": { "type": "LineString", "coordinates": [ [ -8.247916666666953, 41.991666666666198 ], [ -8.247916666666953, 41.972916666666187 ], [ -8.25208333333353, 41.968749999999524 ], [ -8.25208333333353, 41.964583333332875 ], [ -8.247916666666953, 41.960416666666212 ], [ -8.247916666666953, 41.947916666666195 ] ] } },
{ "type": "Feature", "properties": { "HYRIV_ID": 20570760, "ORD_STRA": 1, "HYBAS_L12": 2120605320.0, "HYBAS_ID": 2120605322 }, "geometry": { "type": "LineString", "coordinates": [ [ -8.210416666666902, 41.999999999999552 ], [ -8.210416666666902, 41.993749999999515 ], [ -8.214583333333593, 41.989583333332867 ], [ -8.214583333333593, 41.985416666666204 ], [ -8.218750000000256, 41.981249999999541 ], [ -8.218750000000256, 41.977083333332892 ], [ -8.222916666666919, 41.972916666666187 ], [ -8.222916666666919, 41.968749999999524 ], [ -8.22708333333361, 41.964583333332875 ], [ -8.22708333333361, 41.960416666666212 ], [ -8.231250000000273, 41.956249999999507 ], [ -8.231250000000273, 41.947916666666195 ], [ -8.235416666666936, 41.943749999999532 ], [ -8.235416666666936, 41.939583333332884 ] ] } },
{ "type": "Feature", "properties": { "HYRIV_ID": 20569719, "ORD_STRA": 1, "HYBAS_L12": 2121210530.0, "HYBAS_ID": 2121210530 }, "geometry": { "type": "LineString", "coordinates": [ [ -8.283333333333587, 41.995833333332847 ], [ -8.289583333333582, 41.989583333332867 ] ] } },
{ "type": "Feature", "properties": { "HYRIV_ID": 20568996, "ORD_STRA": 1, "HYBAS_L12": 2120601440.0, "HYBAS_ID": 2120601440 }, "geometry": { "type": "LineString", "coordinates": [ [ -8.218750000000256, 42.020833333332838 ], [ -8.218750000000256, 42.031249999999538 ], [ -8.222916666666919, 42.035416666666229 ] ] } },
{ "type": "Feature", "properties": { "HYRIV_ID": 20568705, "ORD_STRA": 1, "HYBAS_L12": 2120601440.0, "HYBAS_ID": 2120601440 }, "geometry": { "type": "LineString", "coordinates": [ [ -8.272916666666902, 42.033333333332855 ], [ -8.272916666666902, 42.043749999999555 ], [ -8.277083333333564, 42.047916666666204 ], [ -8.281250000000256, 42.047916666666204 ] ] } },
{ "type": "Feature", "properties": { "HYRIV_ID": 20568995, "ORD_STRA": 2, "HYBAS_L12": 2120601440.0, "HYBAS_ID": 2120601440 }, "geometry": { "type": "LineString", "coordinates": [ [ -8.352083333333582, 42.031249999999538 ], [ -8.356250000000273, 42.027083333332875 ], [ -8.368750000000261, 42.027083333332875 ], [ -8.372916666666953, 42.022916666666212 ], [ -8.381250000000279, 42.022916666666212 ] ] } },
{ "type": "Feature", "properties": { "HYRIV_ID": 20568806, "ORD_STRA": 1, "HYBAS_L12": 2120601440.0, "HYBAS_ID": 2120601440 }, "geometry": { "type": "LineString", "coordinates": [ [ -8.345833333333587, 42.031249999999538 ], [ -8.352083333333582, 42.031249999999538 ] ] } },
{ "type": "Feature", "properties": { "HYRIV_ID": 20568994, "ORD_STRA": 3, "HYBAS_L12": 2120601440.0, "HYBAS_ID": 2120601440 }, "geometry": { "type": "LineString", "coordinates": [ [ -8.381250000000279, 42.022916666666212 ], [ -8.385416666666941, 42.027083333332875 ], [ -8.385416666666941, 42.039583333332892 ] ] } },
{ "type": "Feature", "properties": { "HYRIV_ID": 20568807, "ORD_STRA": 1, "HYBAS_L12": 2120601440.0, "HYBAS_ID": 2120601440 }, "geometry": { "type": "LineString", "coordinates": [ [ -8.300000000000267, 42.029166666666207 ], [ -8.310416666666924, 42.039583333332892 ], [ -8.310416666666924, 42.043749999999555 ], [ -8.314583333333616, 42.043749999999555 ] ] } },
{ "type": "Feature", "properties": { "HYRIV_ID": 20568805, "ORD_STRA": 2, "HYBAS_L12": 2120601440.0, "HYBAS_ID": 2120601440 }, "geometry": { "type": "LineString", "coordinates": [ [ -8.314583333333616, 42.043749999999555 ], [ -8.331250000000239, 42.043749999999555 ], [ -8.335416666666902, 42.039583333332892 ], [ -8.343750000000256, 42.039583333332892 ], [ -8.352083333333582, 42.031249999999538 ] ] } },
{ "type": "Feature", "properties": { "HYRIV_ID": 20568535, "ORD_STRA": 2, "HYBAS_L12": 2120601440.0, "HYBAS_ID": 2120601440 }, "geometry": { "type": "LineString", "coordinates": [ [ -8.281250000000256, 42.047916666666204 ], [ -8.285416666666919, 42.052083333332867 ], [ -8.302083333333599, 42.052083333332867 ], [ -8.306250000000261, 42.047916666666204 ], [ -8.310416666666924, 42.047916666666204 ], [ -8.314583333333616, 42.043749999999555 ] ] } },
{ "type": "Feature", "properties": { "HYRIV_ID": 20568617, "ORD_STRA": 3, "HYBAS_L12": 2120601440.0, "HYBAS_ID": 2120601440 }, "geometry": { "type": "LineString", "coordinates": [ [ -8.385416666666941, 42.039583333332892 ], [ -8.385416666666941, 42.043749999999555 ], [ -8.389583333333604, 42.047916666666204 ], [ -8.389583333333604, 42.05624999999953 ] ] } },
{ "type": "Feature", "properties": { "HYRIV_ID": 20568287, "ORD_STRA": 1, "HYBAS_L12": 2120601440.0, "HYBAS_ID": 2120601440 }, "geometry": { "type": "LineString", "coordinates": [ [ -8.370833333333593, 42.05624999999953 ], [ -8.389583333333604, 42.05624999999953 ] ] } },
{ "type": "Feature", "properties": { "HYRIV_ID": 20567900, "ORD_STRA": 6, "HYBAS_L12": 2120601380.0, "HYBAS_ID": 2120601380 }, "geometry": { "type": "LineString", "coordinates": [ [ -8.322916666666941, 42.097916666666187 ], [ -8.322916666666941, 42.093749999999538 ], [ -8.331250000000239, 42.085416666666212 ], [ -8.343750000000256, 42.085416666666212 ], [ -8.347916666666919, 42.089583333332875 ], [ -8.368750000000261, 42.089583333332875 ], [ -8.381250000000279, 42.077083333332858 ], [ -8.389583333333604, 42.077083333332858 ] ] } },
{ "type": "Feature", "properties": { "HYRIV_ID": 20567439, "ORD_STRA": 6, "HYBAS_L12": 2120601380.0, "HYBAS_ID": 2120601380 }, "geometry": { "type": "LineString", "coordinates": [ [ -8.293750000000273, 42.110416666666204 ], [ -8.297916666666936, 42.106249999999555 ], [ -8.302083333333599, 42.106249999999555 ], [ -8.306250000000261, 42.102083333332892 ], [ -8.318750000000279, 42.102083333332892 ], [ -8.322916666666941, 42.097916666666187 ] ] } },
{ "type": "Feature", "properties": { "HYRIV_ID": 20568707, "ORD_STRA": 1, "HYBAS_L12": 2120601440.0, "HYBAS_ID": 2120601440 }, "geometry": { "type": "LineString", "coordinates": [ [ -8.200000000000244, 42.041666666666224 ], [ -8.206250000000239, 42.047916666666204 ], [ -8.210416666666902, 42.047916666666204 ], [ -8.222916666666919, 42.035416666666229 ] ] } },
{ "type": "Feature", "properties": { "HYRIV_ID": 20568706, "ORD_STRA": 2, "HYBAS_L12": 2120601440.0, "HYBAS_ID": 2120601440 }, "geometry": { "type": "LineString", "coordinates": [ [ -8.222916666666919, 42.035416666666229 ], [ -8.231250000000273, 42.043749999999555 ], [ -8.243750000000261, 42.043749999999555 ], [ -8.247916666666953, 42.047916666666204 ], [ -8.25208333333353, 42.047916666666204 ], [ -8.256250000000279, 42.052083333332867 ], [ -8.277083333333564, 42.052083333332867 ], [ -8.281250000000256, 42.047916666666204 ] ] } },
{ "type": "Feature", "properties": { "HYRIV_ID": 20567718, "ORD_STRA": 1, "HYBAS_L12": 2121209180.0, "HYBAS_ID": 2121209181 }, "geometry": { "type": "LineString", "coordinates": [ [ -8.260416666666941, 42.083333333332853 ], [ -8.260416666666941, 42.093749999999538 ], [ -8.268750000000239, 42.102083333332892 ], [ -8.277083333333564, 42.102083333332892 ], [ -8.281250000000256, 42.106249999999555 ] ] } },
{ "type": "Feature", "properties": { "HYRIV_ID": 20567717, "ORD_STRA": 1, "HYBAS_L12": 2121209180.0, "HYBAS_ID": 2121209181 }, "geometry": { "type": "LineString", "coordinates": [ [ -8.281250000000256, 42.083333333332853 ], [ -8.281250000000256, 42.106249999999555 ] ] } },
{ "type": "Feature", "properties": { "HYRIV_ID": 20567643, "ORD_STRA": 1, "HYBAS_L12": 2121209180.0, "HYBAS_ID": 2121209181 }, "geometry": { "type": "LineString", "coordinates": [ [ -8.229166666666941, 42.087499999999544 ], [ -8.239583333333599, 42.097916666666187 ], [ -8.247916666666953, 42.097916666666187 ], [ -8.25208333333353, 42.102083333332892 ], [ -8.256250000000279, 42.102083333332892 ], [ -8.264583333333547, 42.110416666666204 ], [ -8.264583333333547, 42.114583333332867 ] ] } },
{ "type": "Feature", "properties": { "HYRIV_ID": 20567901, "ORD_STRA": 1, "HYBAS_L12": 2121209180.0, "HYBAS_ID": 2121209181 }, "geometry": { "type": "LineString", "coordinates": [ [ -8.185416666666868, 42.074999999999527 ], [ -8.185416666666868, 42.106249999999555 ], [ -8.189583333333616, 42.110416666666204 ], [ -8.189583333333616, 42.11874999999953 ], [ -8.193750000000279, 42.122916666666178 ], [ -8.193750000000279, 42.131249999999547 ], [ -8.189583333333616, 42.13541666666621 ], [ -8.189583333333616, 42.139583333332858 ] ] } },
{ "type": "Feature", "properties": { "HYRIV_ID": 20567233, "ORD_STRA": 2, "HYBAS_L12": 2121209180.0, "HYBAS_ID": 2121209181 }, "geometry": { "type": "LineString", "coordinates": [ [ -8.281250000000256, 42.106249999999555 ], [ -8.285416666666919, 42.110416666666204 ], [ -8.285416666666919, 42.114583333332867 ], [ -8.289583333333582, 42.114583333332867 ] ] } },
{ "type": "Feature", "properties": { "HYRIV_ID": 20567155, "ORD_STRA": 1, "HYBAS_L12": 2121209180.0, "HYBAS_ID": 2121209181 }, "geometry": { "type": "LineString", "coordinates": [ [ -8.229166666666941, 42.110416666666204 ], [ -8.235416666666936, 42.110416666666204 ], [ -8.239583333333599, 42.114583333332867 ], [ -8.256250000000279, 42.114583333332867 ], [ -8.260416666666941, 42.110416666666204 ], [ -8.264583333333547, 42.114583333332867 ] ] } },
{ "type": "Feature", "properties": { "HYRIV_ID": 20567071, "ORD_STRA": 2, "HYBAS_L12": 2121209180.0, "HYBAS_ID": 2121209181 }, "geometry": { "type": "LineString", "coordinates": [ [ -8.264583333333547, 42.114583333332867 ], [ -8.268750000000239, 42.11874999999953 ], [ -8.268750000000239, 42.122916666666178 ] ] } },
{ "type": "Feature", "properties": { "HYRIV_ID": 20567070, "ORD_STRA": 6, "HYBAS_L12": 2121209180.0, "HYBAS_ID": 2121209182 }, "geometry": { "type": "LineString", "coordinates": [ [ -8.268750000000239, 42.122916666666178 ], [ -8.277083333333564, 42.122916666666178 ], [ -8.281250000000256, 42.11874999999953 ], [ -8.285416666666919, 42.11874999999953 ], [ -8.289583333333582, 42.114583333332867 ] ] } },
{ "type": "Feature", "properties": { "HYRIV_ID": 20568898, "ORD_STRA": 1, "HYBAS_L12": 2120605320.0, "HYBAS_ID": 2120605321 }, "geometry": { "type": "LineString", "coordinates": [ [ -8.139583333333576, 42.027083333332875 ], [ -8.143750000000239, 42.027083333332875 ] ] } },
{ "type": "Feature", "properties": { "HYRIV_ID": 20568897, "ORD_STRA": 2, "HYBAS_L12": 2120605320.0, "HYBAS_ID": 2120605321 }, "geometry": { "type": "LineString", "coordinates": [ [ -8.143750000000239, 42.027083333332875 ], [ -8.152083333333593, 42.027083333332875 ] ] } },
{ "type": "Feature", "properties": { "HYRIV_ID": 20568899, "ORD_STRA": 1, "HYBAS_L12": 2120605320.0, "HYBAS_ID": 2120605321 }, "geometry": { "type": "LineString", "coordinates": [ [ -8.125000000000227, 42.033333333332855 ], [ -8.131250000000279, 42.027083333332875 ], [ -8.135416666666913, 42.027083333332875 ], [ -8.139583333333576, 42.031249999999538 ], [ -8.143750000000239, 42.027083333332875 ] ] } },
{ "type": "Feature", "properties": { "HYRIV_ID": 20568896, "ORD_STRA": 1, "HYBAS_L12": 2120605320.0, "HYBAS_ID": 2120605322 }, "geometry": { "type": "LineString", "coordinates": [ [ -8.108333333333604, 42.052083333332867 ], [ -8.118750000000205, 42.052083333332867 ], [ -8.122916666666953, 42.05624999999953 ], [ -8.131250000000279, 42.05624999999953 ], [ -8.135416666666913, 42.052083333332867 ], [ -8.14791666666693, 42.052083333332867 ], [ -8.152083333333593, 42.047916666666204 ], [ -8.152083333333593, 42.043749999999555 ], [ -8.156250000000256, 42.039583333332892 ], [ -8.156250000000256, 42.031249999999538 ], [ -8.152083333333593, 42.027083333332875 ] ] } },
{ "type": "Feature", "properties": { "HYRIV_ID": 20567339, "ORD_STRA": 1, "HYBAS_L12": 2120599270.0, "HYBAS_ID": 2120599271 }, "geometry": { "type": "LineString", "coordinates": [ [ -8.108333333333604, 42.099999999999518 ], [ -8.10208333333361, 42.106249999999555 ], [ -8.1, 42.106249999999555 ] ] } },
{ "type": "Feature", "properties": { "HYRIV_ID": 20567644, "ORD_STRA": 1, "HYBAS_L12": 2120599270.0, "HYBAS_ID": 2120599271 }, "geometry": { "type": "LineString", "coordinates": [ [ -8.135416666666913, 42.087499999999544 ], [ -8.135416666666913, 42.093749999999538 ], [ -8.139583333333576, 42.097916666666187 ], [ -8.135416666666913, 42.102083333332892 ], [ -8.139583333333576, 42.106249999999555 ], [ -8.139583333333576, 42.110416666666204 ], [ -8.14791666666693, 42.11874999999953 ], [ -8.14791666666693, 42.13541666666621 ], [ -8.143750000000239, 42.139583333332858 ], [ -8.143750000000239, 42.143749999999521 ], [ -8.137499999999761, 42.15 ] ] } },
{ "type": "Feature", "properties": { "HYRIV_ID": 20566990, "ORD_STRA": 2, "HYBAS_L12": 2120599270.0, "HYBAS_ID": 2120599272 }, "geometry": { "type": "LineString", "coordinates": [ [ -8.1, 42.133333333332615 ], [ -8.106250000000273, 42.139583333332858 ] ] } },
{ "type": "Feature", "properties": { "HYRIV_ID": 20566609, "ORD_STRA": 1, "HYBAS_L12": 2120599270.0, "HYBAS_ID": 2120599272 }, "geometry": { "type": "LineString", "coordinates": [ [ -8.1, 42.143749999999521 ], [ -8.10208333333361, 42.143749999999521 ], [ -8.106250000000273, 42.139583333332858 ] ] } },
{ "type": "Feature", "properties": { "HYRIV_ID": 20566608, "ORD_STRA": 2, "HYBAS_L12": 2120599270.0, "HYBAS_ID": 2120599272 }, "geometry": { "type": "LineString", "coordinates": [ [ -8.106250000000273, 42.139583333332858 ], [ -8.114583333333599, 42.147916666666184 ], [ -8.118750000000205, 42.147916666666184 ], [ -8.120833333334048, 42.15 ] ] } },
{ "type": "Feature", "properties": { "HYRIV_ID": 20567232, "ORD_STRA": 1, "HYBAS_L12": 2120601350.0, "HYBAS_ID": 2120601350 }, "geometry": { "type": "LineString", "coordinates": [ [ -8.379166666666919, 42.112499999999535 ], [ -8.385416666666941, 42.106249999999555 ], [ -8.389583333333604, 42.106249999999555 ] ] } },
{ "type": "Feature", "properties": { "HYRIV_ID": 20567438, "ORD_STRA": 1, "HYBAS_L12": 2120601380.0, "HYBAS_ID": 2120601380 }, "geometry": { "type": "LineString", "coordinates": [ [ -8.337500000000233, 42.12499999999951 ], [ -8.331250000000239, 42.11874999999953 ], [ -8.327083333333547, 42.11874999999953 ], [ -8.327083333333547, 42.106249999999555 ], [ -8.322916666666941, 42.102083333332892 ], [ -8.322916666666941, 42.097916666666187 ] ] } },
{ "type": "Feature", "properties": { "HYRIV_ID": 20567154, "ORD_STRA": 6, "HYBAS_L12": 2121209180.0, "HYBAS_ID": 2120601380 }, "geometry": { "type": "LineString", "coordinates": [ [ -8.289583333333582, 42.114583333332867 ], [ -8.293750000000273, 42.110416666666204 ] ] } },
{ "type": "Feature", "properties": { "HYRIV_ID": 20567231, "ORD_STRA": 1, "HYBAS_L12": 2120601350.0, "HYBAS_ID": 2120601350 }, "geometry": { "type": "LineString", "coordinates": [ [ -8.375000000000256, 42.131249999999547 ], [ -8.385416666666941, 42.131249999999547 ], [ -8.39375000000021, 42.122916666666178 ], [ -8.389583333333604, 42.11874999999953 ], [ -8.389583333333604, 42.106249999999555 ] ] } },
{ "type": "Feature", "properties": { "HYRIV_ID": 20567153, "ORD_STRA": 2, "HYBAS_L12": 2120601380.0, "HYBAS_ID": 2120601380 }, "geometry": { "type": "LineString", "coordinates": [ [ -8.293750000000273, 42.15 ], [ -8.293750000000273, 42.110416666666204 ] ] } },
{ "type": "Feature", "properties": { "HYRIV_ID": 20566515, "ORD_STRA": 1, "HYBAS_L12": 2120601380.0, "HYBAS_ID": 2120601380 }, "geometry": { "type": "LineString", "coordinates": [ [ -8.316666666666862, 42.143749999999521 ], [ -8.306250000000261, 42.143749999999521 ], [ -8.299999999999805, 42.15 ] ] } },
{ "type": "Feature", "properties": { "HYRIV_ID": 20566895, "ORD_STRA": 6, "HYBAS_L12": 2121209180.0, "HYBAS_ID": 2121209182 }, "geometry": { "type": "LineString", "coordinates": [ [ -8.239583333333599, 42.139583333332858 ], [ -8.25208333333353, 42.139583333332858 ], [ -8.256250000000279, 42.13541666666621 ], [ -8.256250000000279, 42.127083333332884 ], [ -8.260416666666941, 42.122916666666178 ], [ -8.268750000000239, 42.122916666666178 ] ] } },
{ "type": "Feature", "properties": { "HYRIV_ID": 20566607, "ORD_STRA": 1, "HYBAS_L12": 2121209180.0, "HYBAS_ID": 2121209181 }, "geometry": { "type": "LineString", "coordinates": [ [ -8.183333333333593, 42.139583333332858 ], [ -8.189583333333616, 42.139583333332858 ] ] } },
{ "type": "Feature", "properties": { "HYRIV_ID": 20566743, "ORD_STRA": 6, "HYBAS_L12": 2121209180.0, "HYBAS_ID": 2121209182 }, "geometry": { "type": "LineString", "coordinates": [ [ -8.202083333333576, 42.147916666666184 ], [ -8.210416666666902, 42.139583333332858 ], [ -8.218750000000256, 42.139583333332858 ], [ -8.22708333333361, 42.131249999999547 ], [ -8.231250000000273, 42.131249999999547 ], [ -8.239583333333599, 42.139583333332858 ] ] } },
{ "type": "Feature", "properties": { "HYRIV_ID": 20566606, "ORD_STRA": 2, "HYBAS_L12": 2121209180.0, "HYBAS_ID": 2121209181 }, "geometry": { "type": "LineString", "coordinates": [ [ -8.189583333333616, 42.139583333332858 ], [ -8.189583333333616, 42.143749999999521 ], [ -8.193750000000279, 42.147916666666184 ], [ -8.202083333333576, 42.147916666666184 ] ] } },
{ "type": "Feature", "properties": { "HYRIV_ID": 20566605, "ORD_STRA": 2, "HYBAS_L12": 2121209180.0, "HYBAS_ID": 2121209182 }, "geometry": { "type": "LineString", "coordinates": [ [ -8.235416666666936, 42.15 ], [ -8.235416666666936, 42.147916666666184 ], [ -8.239583333333599, 42.143749999999521 ], [ -8.239583333333599, 42.139583333332858 ] ] } },
{ "type": "Feature", "properties": { "HYRIV_ID": 20566426, "ORD_STRA": 6, "HYBAS_L12": 2121209180.0, "HYBAS_ID": 2121209182 }, "geometry": { "type": "LineString", "coordinates": [ [ -8.199999999999775, 42.15 ], [ -8.202083333333576, 42.147916666666184 ] ] } }
]
}
