{"type": "FeatureCollection", "name": "apa_basins_rh1_viana", "features": [{"type": "Feature", "properties": {"name": "Costeiras", "code": "PT01_COSTEIRAS", "count": 5}, "geometry": {"type": "Polygon", "coordinates": [[[-8.807665110000016, 41.76308763899999], [-8.807035574999986, 41.76039044700002], [-8.809428400999991, 41.759251018999976], [-8.80787585600001, 41.75453359699998], [-8.811489677999987, 41.75518809800002], [-8.812680012999976, 41.754055687999994], [-8.81326206, 41.752251651999984], [-8.81234138000002, 41.75045594300002], [-8.814719423999975, 41.74796660300001], [-8.814700318999996, 41.746165561], [-8.816486672999986, 41.74457942499998], [-8.815265517, 41.74278608899999], [-8.816450777, 41.741203524000014], [-8.816436419000013, 41.739853160999985], [-8.81822975099999, 41.73894217999998], [-8.81818658100002, 41.734891656], [-8.817256441999973, 41.73219630199998], [-8.823221534000027, 41.72806481700002], [-8.823212343000023, 41.72720846200002], [-8.825004757999977, 41.726253482999994], [-8.825350336999975, 41.72512602900002], [-8.82768669799998, 41.72421162699999], [-8.828310729000009, 41.721056798000006], [-8.830687078999972, 41.71856656599999], [-8.831265894000012, 41.71653736799999], [-8.829453865999994, 41.71564806399999], [-8.830643151000004, 41.71451547700002], [-8.830616312000018, 41.71203978400001], [-8.833002055000009, 41.71044975699999], [-8.835658514999977, 41.706157099999984], [-8.835924436000028, 41.70300441799998], [-8.835008764999998, 41.70165955300001], [-8.834969506999983, 41.69805859799999], [-8.837054325999986, 41.696470311999974], [-8.839751959000012, 41.69600360800001], [-8.84421643600001, 41.69237485100001], [-8.843878921999988, 41.689000819], [-8.845370203000016, 41.68809127399999], [-8.844737384999974, 41.685169210000026], [-8.847492246000002, 41.68408409199998], [-8.84656590100002, 41.67923470300002], [-8.844451601000003, 41.67398131599998], [-8.835164210000016, 41.661575760000005], [-8.824365806999992, 41.661435579], [-8.824944308999989, 41.659406416000024], [-8.824041560000012, 41.65918677500002], [-8.824029499999995, 41.65806146900002], [-8.825217861999988, 41.656928935999986], [-8.824005382999985, 41.65581084600001], [-8.82428618199998, 41.654008550000015], [-8.823683598000002, 41.653787093999995], [-8.82456695899998, 41.652206252999974], [-8.823359403999973, 41.651538276], [-8.809832285000027, 41.64936799700001], [-8.805038233000005, 41.65007137600003], [-8.803207401000009, 41.64715607199997], [-8.803441361000012, 41.64629857], [-8.802241147000018, 41.646305568], [-8.802234140999985, 41.64563037200003], [-8.798917304999975, 41.644074144], [-8.799196431999974, 41.64204681899997], [-8.797386945000028, 41.64115701899999], [-8.797375357000021, 41.64003170400002], [-8.793456575999983, 41.63825372399998], [-8.792215105000025, 41.634209476000024], [-8.790405940000028, 41.63331955799998], [-8.789787623999985, 41.631522485000005], [-8.79307597799999, 41.63037820400001], [-8.792748382000013, 41.62767916199999], [-8.794598001999987, 41.626949095999976], [-8.795179471999973, 41.62514512199999], [-8.796676941999976, 41.62491138799999], [-8.798460449999993, 41.62332550100001], [-8.804757015000007, 41.62306374899998], [-8.808691652999983, 41.626416843000015], [-8.811386582000011, 41.62595080599999], [-8.813469686000019, 41.624362948], [-8.812555617999976, 41.623017886000014], [-8.812522455000021, 41.61986699200003], [-8.811313273999986, 41.61897382799998], [-8.811291996000023, 41.61694825000001], [-8.810068719000014, 41.61470468900001], [-8.810049843000002, 41.612904173000004], [-8.811561464000022, 41.611484013999984], [-8.833559904000026, 41.60912890499998], [-8.834941242000014, 41.614416429000016], [-8.838605044000019, 41.61802308799997], [-8.840883990000009, 41.622054843], [-8.84257872400002, 41.626964305], [-8.842405978999977, 41.63240042899997], [-8.845764110999994, 41.63774182899999], [-8.849563541000009, 41.648877227000014], [-8.85432530700001, 41.65312022699999], [-8.865211579999993, 41.668006271000024], [-8.868340616000012, 41.67584452599999], [-8.870085782999979, 41.68504905499998], [-8.877100982000002, 41.69310794400002], [-8.888287923999997, 41.71529040600001], [-8.892439649999972, 41.72008921899999], [-8.894363766000026, 41.72513223999999], [-8.894829393999999, 41.728711788], [-8.899715194999999, 41.738261851999994], [-8.900543464000009, 41.742716739], [-8.902358317999983, 41.74691575000003], [-8.903287764000027, 41.75367526100001], [-8.900999866999996, 41.76045179099998], [-8.900599746000012, 41.76526935700002], [-8.898105368000017, 41.772752810999975], [-8.894090799000026, 41.779603135], [-8.894788199999994, 41.78465534100002], [-8.89440775700001, 41.787916919], [-8.897090239000022, 41.79427767200002], [-8.89737523399998, 41.79981987399998], [-8.895656241999973, 41.80450382700002], [-8.891801800999986, 41.80915181400002], [-8.895530842000028, 41.81585177599999], [-8.899165208999989, 41.82855776299999], [-8.898300944000027, 41.841903613], [-8.895891880000022, 41.84820536299998], [-8.89616094500002, 41.858273322], [-8.895410920000018, 41.865531712000006], [-8.899195119000012, 41.86940907899998], [-8.872529602999975, 41.86958364499998], [-8.873872824999978, 41.85769455100001], [-8.873445440000012, 41.84344006200001], [-8.865088065999998, 41.837641726000015], [-8.863547456999981, 41.834500504999994], [-8.86352694499999, 41.83270004399998], [-8.860211735000007, 41.832270935], [-8.860201526000026, 41.83137070599997], [-8.85929623200002, 41.83115135000003], [-8.859265645999983, 41.828450664], [-8.858042205000004, 41.82670169199997], [-8.855886216999977, 41.82739049700001], [-8.853528826999991, 41.82673009199999], [-8.852887383999985, 41.828309632000014], [-8.849048132999997, 41.829684074], [-8.848468422999986, 41.831669464000015], [-8.847215412000025, 41.832396373999984], [-8.843604401999983, 41.83241877199998], [-8.843052442999976, 41.83174696399999], [-8.841858747999993, 41.83265463499998], [-8.841873193000026, 41.83396110199999], [-8.843032478999987, 41.83512319900001], [-8.837317239000015, 41.83538346300003], [-8.835200858000007, 41.83449611899999], [-8.831594621000022, 41.83496882899999], [-8.830082620999974, 41.83430222200002], [-8.82916028599999, 41.83250722600002], [-8.825243468999986, 41.83208131399999], [-8.824932831000012, 41.831182316000024], [-8.823127337000017, 41.83119317799998], [-8.821610684000007, 41.83007691199998], [-8.809858587000008, 41.82857124499998], [-8.808936899000003, 41.82677607199997], [-8.807448989000022, 41.82836034799999], [-8.804745597000021, 41.82882633700001], [-8.802009274, 41.82614196499998], [-8.796296908999977, 41.82662532400002], [-8.793903630999978, 41.82798961499998], [-8.792737067000019, 41.831596977000004], [-8.790040307000027, 41.83273785199998], [-8.790139543999999, 41.842416051999976], [-8.786543924, 41.84401157999997], [-8.783825944, 41.843126763999976], [-8.779019389999974, 41.844054271999994], [-8.777503161000027, 41.842937447], [-8.777487312999995, 41.84136201199999], [-8.77507730100001, 41.84115047300003], [-8.77328048999999, 41.842060828], [-8.772056399000007, 41.84004200099997], [-8.769332076000012, 41.838481645], [-8.766924437, 41.83849499899998], [-8.766329197999994, 41.83917352100002], [-8.761810383000011, 41.83874826700003], [-8.761498388999996, 41.83762461200001], [-8.756375623999986, 41.83697738799998], [-8.750620684000012, 41.83318230399999], [-8.749702726999999, 41.83161171799998], [-8.745474715, 41.83005889200001], [-8.74545105499999, 41.827583188000006], [-8.742143236000004, 41.82782647099998], [-8.73882047799998, 41.826493649999975], [-8.735811456000022, 41.826509531], [-8.734290052999995, 41.82471637200001], [-8.732783480000023, 41.82449918999998], [-8.731262211, 41.82270711199999], [-8.727636985999993, 41.821150476000014], [-8.725211245000025, 41.819136800000024], [-8.722804305000011, 41.819149224], [-8.721617358999993, 41.82095649500002], [-8.718008899999973, 41.82120007399999], [-8.716496301000006, 41.82030691900002], [-8.716486056999997, 41.81918159700001], [-8.71406891700002, 41.81806907800001], [-8.710765491000018, 41.81876046000002], [-8.71077360999999, 41.81966127800001], [-8.708374721999974, 41.82057309999999], [-8.707183310999994, 41.821929538000006], [-8.704764211999986, 41.82059118799998], [-8.70235519900001, 41.82037811599997], [-8.702044333000003, 41.819254288000025], [-8.698424009000007, 41.818147427999975], [-8.697501584999998, 41.815900666000005], [-8.695686603000013, 41.81478423599998], [-8.695961753000006, 41.811856896999984], [-8.693541322999977, 41.81029325600002], [-8.691704981999976, 41.80670103099999], [-8.69049783700001, 41.806256776], [-8.690790811, 41.80535504300002], [-8.692292855000005, 41.80512262899998], [-8.691671645999975, 41.802874906], [-8.693179536999992, 41.80331768399998], [-8.693187400999989, 41.80421795000001], [-8.694701244999976, 41.805336461000024], [-8.695296921000022, 41.804657744], [-8.700109700999974, 41.80463397], [-8.702800907999972, 41.80281998999999], [-8.704908462999981, 41.80303455500001], [-8.704886396000006, 41.80055941500001], [-8.706975761000024, 41.79874782000002], [-8.710282249999977, 41.79850612400003], [-8.712702658000012, 41.80006940200002], [-8.717525378000005, 41.801170238], [-8.722004094999988, 41.79754669900001], [-8.722593225000026, 41.796193238], [-8.727693640999973, 41.794816427], [-8.729178585, 41.792782493999994], [-8.731283792999989, 41.79277151399998], [-8.732476268000028, 41.79164047500001], [-8.732762283, 41.790062912999986], [-8.733958888000018, 41.789381983], [-8.734227988999976, 41.786003919999985], [-8.733319540000025, 41.78533347199999], [-8.733302709999975, 41.783533541], [-8.734204809999994, 41.78352880699998], [-8.736290683999982, 41.78149218599998], [-8.735968851999985, 41.77924315299998], [-8.73506259200002, 41.77879777499999], [-8.736866667000015, 41.77878827400002], [-8.73776021399999, 41.777882707], [-8.740771208000012, 41.77831690900001], [-8.741366168000013, 41.77763908700001], [-8.741937635999989, 41.77448503599999], [-8.743730878000008, 41.773350117999996], [-8.743110326000021, 41.77132720899999], [-8.744280763999996, 41.767944872999976], [-8.749393576999978, 41.76814253200001], [-8.755992099000025, 41.766531305], [-8.76111583300002, 41.767853762000016], [-8.762302895000005, 41.766271725000024], [-8.764398373999995, 41.76535989600001], [-8.766215369000008, 41.76670030299999], [-8.769221560999995, 41.76668364], [-8.770426282000017, 41.76690258000002], [-8.770735838000007, 41.767800592000015], [-8.772238954999978, 41.76779221100003], [-8.776422894999996, 41.765292966000004], [-8.778561120000006, 41.768657596000025], [-8.780367155000022, 41.76887191200001], [-8.784309570999994, 41.772225658000025], [-8.788520888999983, 41.772426704], [-8.790595444000019, 41.76948886100001], [-8.804419719000009, 41.76895856499999], [-8.805932278, 41.76985057000002], [-8.809236828999985, 41.769606092000004], [-8.81041559099998, 41.76734785299999], [-8.808611884000015, 41.767358473], [-8.807695845000012, 41.766013414999975], [-8.805887470000016, 41.765574437], [-8.806169210000007, 41.76377219699998], [-8.807665110000016, 41.76308763899999]]]}}, {"type": "Feature", "properties": {"name": "Lima", "code": "PT01_LIMA", "count": 36}, "geometry": {"type": "MultiPolygon", "coordinates": [[[[-8.732499130000008, 41.66514799800001], [-8.737603740999987, 41.66534624399998], [-8.740590363000024, 41.663754891999986], [-8.741182148999997, 41.662851449000016], [-8.739372855, 41.661960728], [-8.739366501999996, 41.66128552999999], [-8.741722906999996, 41.656546392999985], [-8.743517144999998, 41.65586161300001], [-8.744106682999984, 41.654733084999975], [-8.749787020999975, 41.652451868000014], [-8.753655642000012, 41.64905480800002], [-8.755156009000018, 41.649046672], [-8.759315474000005, 41.64474753899998], [-8.763509569000007, 41.64404930799998], [-8.764400911999985, 41.64314409299999], [-8.765901121000013, 41.64313581800002], [-8.766812304999974, 41.644256170000006], [-8.774915838000027, 41.644436144999986], [-8.775206921000006, 41.643534208000005], [-8.776404849000016, 41.643302413000015], [-8.776984717000005, 41.641273454999975], [-8.781753561000016, 41.63809547300002], [-8.782326418000025, 41.63539130800001], [-8.785312830999999, 41.63402388100002], [-8.785596897000005, 41.632446723999976], [-8.789185361000023, 41.63130084599999], [-8.790405940000028, 41.63331955799998], [-8.792215105000025, 41.634209476000024], [-8.793456575999983, 41.63825372399998], [-8.797375357000021, 41.64003170400002], [-8.797386945000028, 41.64115701899999], [-8.799196431999974, 41.64204681899997], [-8.798917304999975, 41.644074144], [-8.802234140999985, 41.64563037200003], [-8.802241147000018, 41.646305568], [-8.803441361000012, 41.64629857], [-8.803207401000009, 41.64715607199997], [-8.805038233000005, 41.65007137600003], [-8.809832285000027, 41.64936799700001], [-8.820349045, 41.65065602300001], [-8.820658716000025, 41.65155447199999], [-8.82456695899998, 41.652206252999974], [-8.823681188000023, 41.65356203599998], [-8.82428618199998, 41.654008550000015], [-8.824005382999985, 41.65581084600001], [-8.825217861999988, 41.656928935999986], [-8.824029499999995, 41.65806146900002], [-8.824041560000012, 41.65918677500002], [-8.824944308999989, 41.659406416000024], [-8.824365806999992, 41.661435579], [-8.835164210000016, 41.661575760000005], [-8.844451601000003, 41.67398131599998], [-8.84656590100002, 41.67923470300002], [-8.847492246000002, 41.68408409199998], [-8.844737384999974, 41.685169210000026], [-8.845370203000016, 41.68809127399999], [-8.843878921999988, 41.689000819], [-8.84421643600001, 41.69237485100001], [-8.839751959000012, 41.69600360800001], [-8.837054325999986, 41.696470311999974], [-8.834969506999983, 41.69805859799999], [-8.835008764999998, 41.70165955300001], [-8.835924436000028, 41.70300441799998], [-8.835658514999977, 41.706157099999984], [-8.833002055000009, 41.71044975699999], [-8.830616312000018, 41.71203978400001], [-8.830643151000004, 41.71451547700002], [-8.829453865999994, 41.71564806399999], [-8.831265894000012, 41.71653736799999], [-8.830687078999972, 41.71856656599999], [-8.828310729000009, 41.721056798000006], [-8.82768669799998, 41.72421162699999], [-8.825350336999975, 41.72512602900002], [-8.825004757999977, 41.726253482999994], [-8.823212343000023, 41.72720846200002], [-8.823221534000027, 41.72806481700002], [-8.817256441999973, 41.73219630199998], [-8.81818658100002, 41.734891656], [-8.81822975099999, 41.73894217999998], [-8.816436419000013, 41.739853160999985], [-8.815272689999972, 41.743461833000026], [-8.816486672999986, 41.74457942499998], [-8.814700318999996, 41.746165561], [-8.814719423999975, 41.74796660300001], [-8.81234138000002, 41.75045594300002], [-8.813266826000017, 41.75270177200002], [-8.811489677999987, 41.75518809800002], [-8.80787585600001, 41.75453359699998], [-8.809428400999991, 41.759251018999976], [-8.807035574999986, 41.76039044700002], [-8.807665110000016, 41.76308763899999], [-8.806169210000007, 41.76377219699998], [-8.805887470000016, 41.765574437], [-8.807695845000012, 41.766013414999975], [-8.808611884000015, 41.767358473], [-8.81041559099998, 41.76734785299999], [-8.809236828999985, 41.769606092000004], [-8.805932278, 41.76985057000002], [-8.804419719000009, 41.76895856499999], [-8.790595444000019, 41.76948886100001], [-8.788520888999983, 41.772426704], [-8.784309570999994, 41.772225658000025], [-8.780367155000022, 41.76887191200001], [-8.778561120000006, 41.768657596000025], [-8.776422894999996, 41.765292966000004], [-8.772238954999978, 41.76779221100003], [-8.770735838000007, 41.767800592000015], [-8.770426282000017, 41.76690258000002], [-8.769221560999995, 41.76668364], [-8.766215369000008, 41.76670030299999], [-8.764398373999995, 41.76535989600001], [-8.762302895000005, 41.766271725000024], [-8.76111583300002, 41.767853762000016], [-8.755992099000025, 41.766531305], [-8.749393576999978, 41.76814253200001], [-8.744280763999996, 41.767944872999976], [-8.743110326000021, 41.77132720899999], [-8.743730878000008, 41.773350117999996], [-8.741937635999989, 41.77448503599999], [-8.741366168000013, 41.77763908700001], [-8.740771208000012, 41.77831690900001], [-8.73776021399999, 41.777882707], [-8.736866667000015, 41.77878827400002], [-8.73506259200002, 41.77879777499999], [-8.735968851999985, 41.77924315299998], [-8.736290683999982, 41.78149218599998], [-8.734204809999994, 41.78352880699998], [-8.733302709999975, 41.783533541], [-8.733319540000025, 41.78533347199999], [-8.734227988999976, 41.786003919999985], [-8.733958888000018, 41.789381983], [-8.732762283, 41.790062912999986], [-8.732476268000028, 41.79164047500001], [-8.731283792999989, 41.79277151399998], [-8.729178585, 41.792782493999994], [-8.727693640999973, 41.794816427], [-8.722593225000026, 41.796193238], [-8.722004094999988, 41.79754669900001], [-8.717525378000005, 41.801170238], [-8.709379930000011, 41.798510668999995], [-8.706975761000024, 41.79874782000002], [-8.706384269000011, 41.799876143999995], [-8.705183159, 41.80010722700001], [-8.704908462999981, 41.80303455500001], [-8.701300934000017, 41.80327759900001], [-8.700109700999974, 41.80463397], [-8.695296921000022, 41.804657744], [-8.694701244999976, 41.805336461000024], [-8.693187400999989, 41.80421795000001], [-8.693179536999992, 41.80331768399998], [-8.691671645999975, 41.802874906], [-8.692292855000005, 41.80512262899998], [-8.690790811, 41.80535504300002], [-8.69049783700001, 41.806256776], [-8.691704981999976, 41.80670103099999], [-8.692326229999992, 41.80894875400003], [-8.695358113999987, 41.811634793999986], [-8.692666341999995, 41.813448600000015], [-8.69297898100001, 41.814797527999986], [-8.691478672000017, 41.81525501700003], [-8.689718546999984, 41.82044032800002], [-8.685795545000019, 41.819108915000015], [-8.68400002200002, 41.82024295299999], [-8.68341760200002, 41.822497075], [-8.678910112999972, 41.823193343000014], [-8.678624548000016, 41.82499531000002], [-8.679230193000024, 41.82544312900001], [-8.678335146999984, 41.82634713300001], [-8.678346642999998, 41.82769752500002], [-8.677447745999984, 41.82815195500001], [-8.677463047999993, 41.82995248399999], [-8.678066799000021, 41.830174682000006], [-8.678400294000028, 41.83399935699998], [-8.679630944999985, 41.83714452700002], [-8.678735747000019, 41.83804909899999], [-8.679061661999981, 41.840973510000026], [-8.674869032999993, 41.843469260999996], [-8.675183355000001, 41.845043284999974], [-8.673390709999978, 41.846627290000015], [-8.670384532000014, 41.84709159900001], [-8.668570997000018, 41.846199798999976], [-8.665579782999998, 41.84846450499998], [-8.663474598999983, 41.84869936199999], [-8.663500713000019, 41.85185026900001], [-8.662300351999988, 41.85230597399999], [-8.662326410999981, 41.85545688100001], [-8.659024237999972, 41.85659747300002], [-8.657531935999998, 41.85817984099998], [-8.655420903999982, 41.857739356000025], [-8.654807783000024, 41.856391711000015], [-8.653599953000025, 41.85594706699999], [-8.650892407000015, 41.85618442700002], [-8.645794525999975, 41.858683197000005], [-8.642457836999995, 41.85554708500001], [-8.640644458999986, 41.85465485899999], [-8.639141053000003, 41.854886591000025], [-8.636107691999996, 41.85197402599999], [-8.636100613999986, 41.85107376799999], [-8.634894757999973, 41.85085399500002], [-8.633975849000024, 41.84883236500002], [-8.627652929000021, 41.84863481299999], [-8.622217576000025, 41.846407467999995], [-8.619835271, 41.849793724999984], [-8.617736701000013, 41.85092800199999], [-8.617445905000011, 41.852279667000005], [-8.612355449000006, 41.85590227199998], [-8.61117145999998, 41.85860809600001], [-8.609674572000017, 41.85973969999998], [-8.610584469999992, 41.86063618999998], [-8.61029180700001, 41.86176277499999], [-8.607888259999982, 41.862447995000025], [-8.606106785999998, 41.865831448999984], [-8.600693752999973, 41.86675399400002], [-8.600106358000005, 41.868782044], [-8.600713509000002, 41.86945477199998], [-8.599222736000002, 41.87148650099999], [-8.591406559000006, 41.873318686999994], [-8.586273029999973, 41.87131352], [-8.576022529, 41.869553146999976], [-8.574811870000019, 41.86865755100001], [-8.571802348000006, 41.868894216], [-8.570003398999972, 41.870026465000024], [-8.565787817, 41.87004251000002], [-8.561883911999985, 41.87163272599997], [-8.56126961199999, 41.869835029], [-8.556444367999973, 41.868727095], [-8.555831736000016, 41.86715386399999], [-8.55281482700002, 41.866264704], [-8.550090293999972, 41.864024535], [-8.544371114, 41.86426977899998], [-8.544363878000013, 41.863144449], [-8.541054857999995, 41.863607022999986], [-8.538932988, 41.86136330800002], [-8.535624012000028, 41.861825162], [-8.535016208999991, 41.860927581], [-8.529301427999997, 41.861847275], [-8.527482485000007, 41.859828494], [-8.52746999599998, 41.857802891999995], [-8.525065677999976, 41.858485825], [-8.520872670000017, 41.86210184800001], [-8.518462695999972, 41.86188437499999], [-8.518172461000006, 41.863686488999974], [-8.519382233999977, 41.86458212299999], [-8.521489857999995, 41.864574972000014], [-8.520897230000003, 41.866152484], [-8.517597350000017, 41.868189848999975], [-8.515181779999978, 41.867072604999976], [-8.512779650000027, 41.86820541399999], [-8.513100818999987, 41.87158040899999], [-8.51491427100001, 41.872699711999985], [-8.51493308800002, 41.87585063900002], [-8.513134260000015, 41.87720706800002], [-8.510124098999995, 41.87744212199999], [-8.510129409000001, 41.878342386999975], [-8.507725446999984, 41.87925058299999], [-8.504137672000013, 41.88376371200002], [-8.502030712000021, 41.883995614000014], [-8.500832460000026, 41.885124831999974], [-8.49812178000002, 41.88513353600001], [-8.498442264000005, 41.888508564000006], [-8.496645290000004, 41.89031486599998], [-8.49424068799999, 41.891222782], [-8.492747280999993, 41.89347820199998], [-8.493959812000014, 41.89482479399999], [-8.493967440000006, 41.89617519000001], [-8.49247137399999, 41.89798047400001], [-8.490065164999976, 41.898663236000004], [-8.488272687000006, 41.901369671], [-8.487070130000006, 41.90182354900003], [-8.48768768399998, 41.904522488], [-8.48708512799999, 41.90452435899999], [-8.487093877999996, 41.90609982900003], [-8.489805445999991, 41.906091382], [-8.490716877000011, 41.90743895600002], [-8.489219220999985, 41.90901913900001], [-8.489226766000002, 41.91036954100002], [-8.487725249999983, 41.911274503000016], [-8.490440822999972, 41.91194124200001], [-8.48985709599998, 41.91531913199998], [-8.492885633000014, 41.91801046799998], [-8.493194603999996, 41.91935991700001], [-8.491994284999976, 41.92026398500002], [-8.49230325100001, 41.921613433999994], [-8.491703067999993, 41.922065463000024], [-8.493223863000026, 41.92453644699998], [-8.495937497, 41.924752918000024], [-8.496246564999979, 41.92610235500001], [-8.499583750999989, 41.929917878000026], [-8.501092035999989, 41.930138091], [-8.501991015999977, 41.92923490499999], [-8.501696134999975, 41.930361213000026], [-8.503207053999972, 41.93103153200002], [-8.503829506999978, 41.934405562999984], [-8.505037808999987, 41.93485177100001], [-8.505352387000016, 41.937101444999996], [-8.506563389999997, 41.93799776899999], [-8.502049681000017, 41.93936286799999], [-8.500558060000003, 41.942068518999974], [-8.50057624599998, 41.945219436], [-8.49847371200002, 41.94657660799999], [-8.496686710999995, 41.95040849999998], [-8.495185640999978, 41.951538621], [-8.495193323000024, 41.95288901399999], [-8.492188424999995, 41.954699069000014], [-8.491895795000005, 41.956275473999995], [-8.488293871999986, 41.959213213], [-8.483461862000013, 41.957877752], [-8.481658845000027, 41.959008059999974], [-8.475027495000006, 41.95947884499998], [-8.474431663000018, 41.96083104600001], [-8.46599667999999, 41.962431477999985], [-8.464495956999997, 41.96378626799998], [-8.464507683000022, 41.966036359999976], [-8.462705272999983, 41.967392002], [-8.452160301999982, 41.96944764199998], [-8.450965216999975, 41.971701670000016], [-8.448860755999988, 41.973057935999975], [-8.444030712000028, 41.972170948999974], [-8.441318513999988, 41.972629023000025], [-8.440418062999981, 41.97353116800002], [-8.431368856999995, 41.97333016499999], [-8.430174018999992, 41.97580960800002], [-8.427768403000016, 41.97739134], [-8.417218624999975, 41.978993084000024], [-8.416019118000008, 41.98057155499998], [-8.416324772999985, 41.98147162999999], [-8.413313309999978, 41.982604428], [-8.409392861000015, 41.98283908600001], [-8.407275484000024, 41.981493796999985], [-8.401240712000003, 41.98105748199998], [-8.397321244000011, 41.98151731500002], [-8.395219955000016, 41.983997348], [-8.394909945999984, 41.98197243999999], [-8.393699663999996, 41.981074933], [-8.393693195000026, 41.97949946799997], [-8.391276457000004, 41.97860524499998], [-8.390675934, 41.97928124200001], [-8.385546373000011, 41.97884312100001], [-8.385248314000023, 41.979743488999986], [-8.380722016999982, 41.97930325599998], [-8.380124006000017, 41.98065496100003], [-8.377412712000023, 41.98156163200002], [-8.37409461599998, 41.98156868199999], [-8.373185428, 41.980445255999996], [-8.369882510000025, 41.98450337999998], [-8.366567576000023, 41.98540991700003], [-8.366571718999978, 41.986535247999996], [-8.362356497999997, 41.988795031999985], [-8.35269963899998, 41.98791318000002], [-8.349994572000014, 41.99084423099998], [-8.34788122499998, 41.99039865499998], [-8.345171316000005, 41.99197919400001], [-8.340645891999998, 41.991987513000026], [-8.339141813000026, 41.99334064300001], [-8.336728923999999, 41.99356947899997], [-8.335828860999982, 41.995146551000005], [-8.333110627999986, 41.99425107799999], [-8.333114181999974, 41.995376410000006], [-8.330406502000017, 41.99785742500001], [-8.320149919000016, 41.99854933900002], [-8.318947641000022, 42.00012677199999], [-8.315326191999986, 41.99990754800001], [-8.313820739999983, 42.00103527599998], [-8.309898775000022, 42.00126648999998], [-8.306888817000015, 42.003971921000016], [-8.303872511000009, 42.004426611999975], [-8.301163920000022, 42.00713144299999], [-8.296640374999981, 42.008263363000026], [-8.293929613999978, 42.01029282500002], [-8.289705270000013, 42.010524342999986], [-8.286094828999978, 42.01503058999998], [-8.284585282000023, 42.014807538000014], [-8.283673967000027, 42.012333015000024], [-8.282464677000007, 42.01143377699998], [-8.278539916, 42.010764225], [-8.275515491000021, 42.00784217900002], [-8.259824015999982, 42.008085817999984], [-8.257105433999982, 42.00673841999998], [-8.253492465000022, 42.01101857499998], [-8.24927124200002, 42.013048003999984], [-8.247766384999977, 42.01530076400002], [-8.24837411599998, 42.017550253000024], [-8.245659808000028, 42.01867830499998], [-8.244148723000023, 42.017554464], [-8.239317788999983, 42.016434316000016], [-8.239315886999975, 42.01530898599998], [-8.240823750999994, 42.01463180500002], [-8.242027828000005, 42.01283012099998], [-8.240816033999977, 42.010130480999976], [-8.241414937999991, 42.007429108999986], [-8.237185364000027, 42.00450719899999], [-8.236276411000006, 42.00225736099998], [-8.232049900999982, 42.000910734], [-8.230844003000016, 42.00158697699999], [-8.230845405000025, 42.00248724300002], [-8.227827979999972, 42.00248980700002], [-8.225115925000011, 42.004968341999984], [-8.223004290999995, 42.005419609], [-8.222707680999974, 42.00902147599999], [-8.221200072999977, 42.00992236500002], [-8.219393433999983, 42.01284961900001], [-8.215472507000015, 42.014653076], [-8.211549380000008, 42.014881496999976], [-8.210043693999978, 42.017582764999986], [-8.208535165, 42.018034476000025], [-8.208536250999998, 42.018934177000006], [-8.203405040999996, 42.01871242499999], [-8.200383449000014, 42.01556334899999], [-8.198874424999985, 42.01556425299998], [-8.19736702900002, 42.017140600999994], [-8.195556153999974, 42.01714163499997], [-8.192239217000008, 42.02029437599998], [-8.191333949000011, 42.020519921000016], [-8.189823373000024, 42.01894524400001], [-8.18656215599998, 42.02025326699999], [-8.18565954799999, 42.02362967099998], [-8.187170722000019, 42.025879589], [-8.186870821000014, 42.02813038099998], [-8.188682400000005, 42.028579616], [-8.188381137000022, 42.02925496], [-8.185967151, 42.03038146], [-8.185063607000018, 42.032857596999975], [-8.179327113999989, 42.031959890999985], [-8.176006894000011, 42.032636430000025], [-8.175705477000008, 42.03331173999999], [-8.175404827000023, 42.03511236999998], [-8.176311145999989, 42.03601227399997], [-8.175707346000024, 42.03601250999998], [-8.175406683000006, 42.03781313899998], [-8.176011126999981, 42.038713160999976], [-8.174804239000025, 42.03983894700002], [-8.175409623000007, 42.042089353999984], [-8.174504744999979, 42.04344008300001], [-8.175410860999989, 42.04388986499998], [-8.175411942999972, 42.045465311999976], [-8.176922145999981, 42.04613991100001], [-8.17662083099998, 42.04704028499998], [-8.175111221999998, 42.047265935999974], [-8.175112141, 42.04861631799997], [-8.176319821999982, 42.04839078499998], [-8.176924378000024, 42.049290799000005], [-8.175717147, 42.05019152900002], [-8.173905343000001, 42.050192218999996], [-8.173905938000019, 42.05109247199999], [-8.172094534999985, 42.05176832400002], [-8.171796943000004, 42.05874539299998], [-8.17240110199998, 42.05897024000001], [-8.172402393000027, 42.06099580799997], [-8.169986650999988, 42.06167184399999], [-8.169381810999994, 42.06032167000001], [-8.166361904999974, 42.06077277000003], [-8.166362392999986, 42.061673023000026], [-8.164248928999996, 42.063024036], [-8.163646336, 42.06595003000001], [-8.160626422000007, 42.06707616900002], [-8.160325476000025, 42.069551940999986], [-8.161534027000016, 42.07022681199999], [-8.16153454900001, 42.07135212700001], [-8.159722338999984, 42.07180272400001], [-8.16002510200002, 42.07337808699998], [-8.153983711000024, 42.073829596999985], [-8.153077844999984, 42.07495509199998], [-8.153684006999981, 42.08080660600001], [-8.147641694000015, 42.080582600000014], [-8.145526150000023, 42.07698188799998], [-8.143411246000028, 42.07563176399998], [-8.137973617, 42.07518211500002], [-8.132233976000009, 42.07090613499997], [-8.129213259999972, 42.072031455], [-8.125286668000001, 42.06888045199997], [-8.120151700999998, 42.06888009800002], [-8.11833896600001, 42.070680428], [-8.115016245999982, 42.07068002400001], [-8.112600210999972, 42.06910422499999], [-8.112901720000025, 42.070904781000024], [-8.110786714000028, 42.07247988199998], [-8.104141341000002, 42.071803354999986], [-8.102328479999983, 42.07270317799998], [-8.10081898499999, 42.070902287000024], [-8.096589268000002, 42.07225149599998], [-8.09538253400001, 42.06955036800002], [-8.095082444000013, 42.066174316], [-8.094176575000006, 42.06572390500003], [-8.094781060000003, 42.06504890299999], [-8.094480352000005, 42.06279817000001], [-8.092970617999981, 42.06212249399999], [-8.093273469999986, 42.06077220899999], [-8.09176379500002, 42.06009651599999], [-8.092067371999974, 42.05762091399998], [-8.090859634000026, 42.05717037400001], [-8.088747431999991, 42.054468853], [-8.086935631000017, 42.05424311399997], [-8.087237737999999, 42.05334324900002], [-8.085426950999988, 42.05176708800002], [-8.08512628599999, 42.04996645099999], [-8.086033070999974, 42.04951641700001], [-8.086336012000004, 42.04816614600003], [-8.084526739000012, 42.04478946699999], [-8.079999332, 42.04253691600002], [-8.081509900000015, 42.04141224900002], [-8.080605002000027, 42.040286535999996], [-8.081514482999978, 42.03556056999997], [-8.082420540999976, 42.035110825000004], [-8.080912813999987, 42.03285953300002], [-8.080612536999979, 42.03083381800002], [-8.082727083999998, 42.029034201], [-8.084537496999985, 42.030160265999996], [-8.084837239000024, 42.03308622999998], [-8.09057161200002, 42.03556408700001], [-8.090268691000006, 42.03713943399998], [-8.091174143999979, 42.037589878000006], [-8.091172866000022, 42.039615459000004], [-8.094191814999988, 42.04006658700001], [-8.095398870999986, 42.041192287], [-8.097814531999973, 42.04074287499998], [-8.099022805999994, 42.039617892000024], [-8.102947674000006, 42.03984397099998], [-8.102045013000009, 42.03309181100002], [-8.096310718999973, 42.030164393999996], [-8.09540750399998, 42.025887884999975], [-8.099635690000014, 42.021387807999986], [-8.100542370000028, 42.01891233399999], [-8.104466807999984, 42.01711277800001], [-8.104467273000012, 42.01598745199999], [-8.105976756000018, 42.014862461999996], [-8.106581048999999, 42.01306206800001], [-8.109901384000011, 42.01126219499997], [-8.112617453999974, 42.011262656999975], [-8.116541306999977, 42.00833736300001], [-8.118050111999992, 42.00856260500001], [-8.120463874999984, 42.01103856899999], [-8.122576564999974, 42.00946328200001], [-8.12499081300001, 42.009013299], [-8.127706739000018, 42.00968860099999], [-8.130120923999982, 42.01148916400001], [-8.13494947700002, 42.01148909599999], [-8.137967176000018, 42.010138558999984], [-8.138268779999976, 42.00856308300001], [-8.140381174000026, 42.00856292899999], [-8.14128634399998, 42.007662589000006], [-8.140984473000003, 42.00698741999997], [-8.14279492999998, 42.006312052], [-8.142190904000017, 42.003386261], [-8.146415135999973, 42.00248550800001], [-8.146716383000012, 42.000459877000026], [-8.148224926000012, 42.00000952800002], [-8.148223901999984, 41.996183411000004], [-8.150033710999992, 41.994607664], [-8.151240531999974, 41.99460745699997], [-8.151540727999986, 41.989881018000005], [-8.153953788000024, 41.98875523100003], [-8.154555825999978, 41.985154049000016], [-8.157270129999972, 41.983577990000015], [-8.157872596999994, 41.98155224499999], [-8.159983797999985, 41.98087652999999], [-8.159681062000004, 41.978400866000015], [-8.158474071, 41.977275824], [-8.158171787000015, 41.975700424000024], [-8.159377167000002, 41.973224389999984], [-8.158470924000028, 41.969848594999974], [-8.159676778999994, 41.968722962000015], [-8.159676083000022, 41.96714748699998], [-8.160580707000008, 41.96692218999999], [-8.159674983999992, 41.964671743999986], [-8.16359520200001, 41.96444563099999], [-8.163892615999998, 41.95634312599998], [-8.166603596000016, 41.951390833999994], [-8.164191233999986, 41.95071635400001], [-8.162984232999975, 41.948691086999986], [-8.160270525999977, 41.94801660799999], [-8.157856759000026, 41.94351584399999], [-8.153634986999975, 41.939915668000026], [-8.152126640999995, 41.936539935999974], [-8.150016682, 41.936765374000004], [-8.147905525999988, 41.932489411000006], [-8.144288011000015, 41.92978907000003], [-8.140972499999975, 41.92911420399997], [-8.139465366000024, 41.927988984000024], [-8.138561084000003, 41.927088775000016], [-8.138560874999996, 41.92528822700001], [-8.136752638000019, 41.92573847], [-8.134040100999982, 41.92348789099998], [-8.132834616000025, 41.92348791799998], [-8.132533180999985, 41.920562030999974], [-8.13072503799998, 41.92011190599999], [-8.130725042999984, 41.919436700000006], [-8.128916928000024, 41.919436684000004], [-8.12891695799999, 41.91853640900001], [-8.126204807000022, 41.91876140099998], [-8.12379419299998, 41.917185797], [-8.122287637999989, 41.916060351], [-8.122287916999994, 41.914034731000015], [-8.120781535999981, 41.91245912699998], [-8.119576379000023, 41.911783807999996], [-8.111742014000015, 41.91223291], [-8.111440902000027, 41.91155765299999], [-8.10812626400002, 41.91200718499999], [-8.106318617999989, 41.911331605999976], [-8.105715362000012, 41.912906959], [-8.103907237999977, 41.91335668800002], [-8.103303708999988, 41.91538216499998], [-8.101797039000019, 41.915381793999984], [-8.102097759999992, 41.916732282], [-8.099082893999991, 41.919657382000025], [-8.099081430000012, 41.922583273999976], [-8.094860112999982, 41.926408193999976], [-8.094859604000021, 41.92730846799998], [-8.092447531999994, 41.92888316599999], [-8.092446037999991, 41.93135891700001], [-8.089732186999981, 41.933158526], [-8.090032882999992, 41.93428397399998], [-8.08943003500002, 41.93428375899998], [-8.088523070000008, 41.938334655000006], [-8.080983824999976, 41.942382857999974], [-8.080680411999992, 41.94485847200002], [-8.078868815000021, 41.94823368599998], [-8.074952016999987, 41.945305967000024], [-8.068319765000012, 41.94507748699999], [-8.067416234999996, 41.94417672100002], [-8.063799528999994, 41.94327439900002], [-8.058072431000028, 41.94259571600003], [-8.05686631499998, 41.942820014999995], [-8.056563013000016, 41.94439529499999], [-8.054752568000026, 41.945744519000016], [-8.049023026999976, 41.94686592599999], [-8.044797992999975, 41.95001379299998], [-8.035746973000016, 41.954057885], [-8.036060211000006, 41.94618076699999], [-8.034253373000013, 41.944828855000026], [-8.034857337999995, 41.944154157000014], [-8.033952924999994, 41.944153399000015], [-8.033954635999976, 41.94302806000002], [-8.03908506800002, 41.93920611300001], [-8.038785247000021, 41.938080532000015], [-8.042405369999983, 41.93605775999998], [-8.042709605000027, 41.93403237899997], [-8.045124322999982, 41.931558454000026], [-8.04603724399999, 41.92503214200002], [-8.042723607000028, 41.923904307999976], [-8.039107098999978, 41.923901478999994], [-8.03820493400002, 41.922550344], [-8.038511192999977, 41.91917456099998], [-8.034898677000001, 41.91669584599998], [-8.031885609000028, 41.91646822299998], [-8.030075785000008, 41.917591992999974], [-8.024350957000024, 41.91713669500001], [-8.023445029000015, 41.918261195000014], [-8.02223963199998, 41.918260062], [-8.020441661999996, 41.91240656000002], [-8.019538876000013, 41.911730481000006], [-8.020145419000016, 41.90948037700002], [-8.01924858000001, 41.90542826400002], [-8.013524503999975, 41.90519749499998], [-8.011409172000015, 41.90857135300001], [-8.007495264, 41.906991732999984], [-8.004178767999974, 41.90811346999999], [-8.002970855000001, 41.909462546999976], [-7.998451698999986, 41.909232358], [-7.996652375999986, 41.905179024999995], [-7.9933416040000225, 41.903599627000006], [-7.993647722999981, 41.90134930300002], [-7.9930476129999875, 41.900223238000024], [-7.9915417810000235, 41.899996353999995], [-7.99124544, 41.897745301999976], [-7.990343661999987, 41.896843924999985], [-7.990351093000015, 41.89346789299998], [-7.991255282999987, 41.893243927000015], [-7.9915594610000085, 41.89189387800002], [-7.988548711000021, 41.89121497899998], [-7.985542122000027, 41.88873545000001], [-7.983132958999988, 41.88850730799999], [-7.982534722000025, 41.88670597999999], [-7.980730162999976, 41.88557828699999], [-7.980732278000005, 41.884678011999995], [-7.978327584999988, 41.88264921799998], [-7.977128816999993, 41.880171854000025], [-7.97773655200001, 41.877921969], [-7.97714073100002, 41.875220335999984], [-7.975636638000026, 41.874543104], [-7.975939965000009, 41.873643233999985], [-7.977747339000018, 41.87342058600001], [-7.979557366999984, 41.87207256400001], [-7.980761366000024, 41.87229921300002], [-7.983475938000026, 41.87027717199999], [-7.985584098999993, 41.87027978100002], [-7.985586145000013, 41.869379503000005], [-7.987995602000012, 41.869157454], [-7.988600845000008, 41.86780778399998], [-7.994619243999978, 41.86961563699998], [-7.997021607000022, 41.872769441], [-7.998826559000008, 41.87367180899997], [-8.004544205000002, 41.875703864], [-8.008157562000008, 41.87593284799999], [-8.009359594999978, 41.87728454500001], [-8.010865799999976, 41.87706105699999], [-8.012072933000013, 41.87571189099998], [-8.014783274000024, 41.87571465899998], [-8.015689560999988, 41.87414007899997], [-8.017795558999978, 41.87526752000002], [-8.018094720000022, 41.87639316399998], [-8.019298541000012, 41.876844479], [-8.019596950999983, 41.878420258000006], [-8.020800435000012, 41.87909662599998], [-8.020496935999972, 41.88044675499998], [-8.021999721999975, 41.882248746000016], [-8.021094635999987, 41.88314816500002], [-8.021091539999986, 41.88494872000001], [-8.026810528999988, 41.887204736], [-8.026503072000025, 41.891030641999976], [-8.028307504999987, 41.89283282299999], [-8.034937259999992, 41.89103798899998], [-8.035839916999976, 41.89171394700003], [-8.035836565000011, 41.89396463999998], [-8.03824546200002, 41.89464181400001], [-8.044264107000004, 41.89914789300002], [-8.047578543999975, 41.898700202999976], [-8.052395054999977, 41.901629491999984], [-8.055709028000024, 41.901631705], [-8.05691254200002, 41.902982899999984], [-8.063239591000013, 41.902761725000005], [-8.066251890999979, 41.90321359400002], [-8.068961860999991, 41.904790569], [-8.073782219000009, 41.90501813100002], [-8.076495518999991, 41.902993822999974], [-8.07710092100001, 41.899618067999995], [-8.078005075000021, 41.89916834899998], [-8.078006010000024, 41.89804300200001], [-8.077102820999983, 41.89736737499999], [-8.078011984, 41.89084077899997], [-8.075302975999989, 41.88858880499998], [-8.075303956000027, 41.887463457000024], [-8.073497345000021, 41.88678736100002], [-8.073198590000004, 41.88408637200001], [-8.070489822000013, 41.88205935399998], [-8.070491740000023, 41.880033723999986], [-8.068385324000019, 41.87823203900001], [-8.067785674999982, 41.87553086899999], [-8.066280849999998, 41.87462975400001], [-8.064177083999994, 41.87057728799999], [-8.062973544999977, 41.869676302000016], [-8.061172725999995, 41.864273533000016], [-8.059067345000017, 41.86224660200003], [-8.057265248000022, 41.858419260999995], [-8.05515911499998, 41.85729254], [-8.055162585000005, 41.85436662000001], [-8.05335848499999, 41.85256485000002], [-8.052460064999991, 41.84873803300002], [-8.05005416900002, 41.84693579899999], [-8.04855403099998, 41.84310852300001], [-8.046751019999988, 41.84085650499998], [-8.04675279899999, 41.83950607700001], [-8.045549784999992, 41.83882997699999], [-8.04555399100002, 41.835678976999986], [-8.043450034999978, 41.83365175300003], [-8.043451265999977, 41.83275146699998], [-8.040744010000026, 41.83184909300002], [-8.039542487999995, 41.830272643], [-8.039846135999994, 41.828022272], [-8.041350764000015, 41.82802334399997], [-8.041654818999973, 41.825772975999996], [-8.041053942000019, 41.82509728100001], [-8.045870509999986, 41.823975469000004], [-8.049474797000016, 41.82915473100002], [-8.051279538000017, 41.82983120799997], [-8.051277574999972, 41.83140671000001], [-8.052180120000003, 41.831632402000025], [-8.05368020100002, 41.83545963900002], [-8.054883769000014, 41.835685512], [-8.054881894999994, 41.837261012], [-8.056385681999984, 41.838162281999985], [-8.057285224999987, 41.841088791000004], [-8.059089367000013, 41.84266543000001], [-8.061188947000005, 41.849418861000004], [-8.062692868, 41.850545118000014], [-8.063893446000009, 41.85392188899999], [-8.06690164600002, 41.85617430999997], [-8.067198659999974, 41.86022575099997], [-8.068101221999996, 41.860901458], [-8.068400536000013, 41.862702187000025], [-8.071709988999999, 41.86540478400002], [-8.071707483000012, 41.86810562900001], [-8.070502181999984, 41.869005286000004], [-8.070501116999992, 41.87013063799998], [-8.074413305999997, 41.87283346800001], [-8.074110769000015, 41.87440881200001], [-8.077421061999985, 41.87711123899999], [-8.078625864000003, 41.876886722999984], [-8.081033330000025, 41.87913849199998], [-8.082538978000002, 41.87936420400001], [-8.082535733999975, 41.883640533999994], [-8.083438618000002, 41.884541188000014], [-8.083135742000024, 41.88679176300002], [-8.084339720000003, 41.887917604999984], [-8.084337747000006, 41.890618441000015], [-8.089457865999975, 41.89152067600003], [-8.092167086000018, 41.894447523999986], [-8.094576328000016, 41.895573657], [-8.098493259999998, 41.893999339000004], [-8.104819529999986, 41.89310066500002], [-8.105422620000013, 41.89152531299999], [-8.104218016000004, 41.890849831000025], [-8.105121945999997, 41.89017482700001], [-8.105423974000018, 41.88814926700002], [-8.109339725999973, 41.88792499599998], [-8.111749977999978, 41.885899791999975], [-8.115063064000026, 41.886125365], [-8.115063571000007, 41.88409973500001], [-8.117172416000017, 41.88162423599999], [-8.123196244999974, 41.878923953000026], [-8.124702280999998, 41.876673341000014], [-8.124100150999993, 41.875097815000004], [-8.124100274, 41.87397246299997], [-8.125003756000012, 41.87329730099998], [-8.124702823999996, 41.87127165200002], [-8.126810904000024, 41.868345827999974], [-8.127413260000026, 41.86609514100002], [-8.127413443000023, 41.86294415200001], [-8.125305874999981, 41.86249392799999], [-8.125005027999975, 41.86001813299998], [-8.127714782999988, 41.85821767099998], [-8.128618085000028, 41.85551684000001], [-8.130725456999983, 41.854616577], [-8.134337829000003, 41.850565242000016], [-8.142766590000008, 41.85033960700002], [-8.143368088999978, 41.847413614999994], [-8.146678752000014, 41.84538756500001], [-8.147882185000014, 41.84313667700002], [-8.149086160000024, 41.843136491999985], [-8.149686655999972, 41.83795974499998], [-8.153297669999972, 41.836158522999995], [-8.153296817000012, 41.83368273100001], [-8.154500532999975, 41.83345741800002], [-8.154800323000018, 41.830306346999976], [-8.159312553999996, 41.82625402000002], [-8.162020245999997, 41.82512795700001], [-8.162922197, 41.82355220199997], [-8.162619645000007, 41.82017619700002], [-8.165627303000008, 41.817924600000026], [-8.165927206999982, 41.81612392699998], [-8.168333754999992, 41.815447948999974], [-8.169235415999992, 41.81387214199998], [-8.170438568999998, 41.81342158899997], [-8.171039023999981, 41.81139572400002], [-8.171941415999981, 41.81117033100003], [-8.171640147000005, 41.81049522000001], [-8.17314376600001, 41.809594385000025], [-8.173744397999997, 41.808018651], [-8.17765534199998, 41.808242199000006], [-8.179160333000027, 41.809366942], [-8.17946218100002, 41.81071725300001], [-8.18367562100002, 41.81274105099999], [-8.19029145899998, 41.80958679899999], [-8.193300912999973, 41.81071056899998], [-8.193000934999986, 41.81161102300001], [-8.195352539999988, 41.813904991000015], [-8.197157924999999, 41.814129037999976], [-8.197456930999977, 41.812328288], [-8.199261314000012, 41.81165143200002], [-8.199259885999993, 41.81030099999998], [-8.201064200000019, 41.809625256000004], [-8.201063221000027, 41.808724402999985], [-8.203169059000004, 41.80872309799997], [-8.204070030000025, 41.80737208599999], [-8.20497251400002, 41.807371509000006], [-8.205871593999973, 41.80444497100001], [-8.21369189500001, 41.803764949000026], [-8.213691030000007, 41.80308916500002], [-8.214593444000002, 41.80308851199999], [-8.214591402999986, 41.80151300699998], [-8.217597594999972, 41.800160328000004], [-8.21758883199999, 41.79363374899998], [-8.223002564000012, 41.793629536000026], [-8.224206588000015, 41.794303230000025], [-8.224205611999992, 41.793628565000006], [-8.229918036000015, 41.79227334000001], [-8.229917, 41.79159755799998], [-8.23473014000001, 41.79226909099998], [-8.234729051999977, 41.79159330900001], [-8.237736589999997, 41.79159055000002], [-8.238336973000003, 41.79091532899997], [-8.238638848999983, 41.791589708000004], [-8.240744130999985, 41.791587714], [-8.241344862000005, 41.791136988999995], [-8.240740300000027, 41.789337531], [-8.242544749999979, 41.789335790999985], [-8.244346828999994, 41.78798357900001], [-8.244344454999975, 41.786632575], [-8.245546982999997, 41.78640686099999], [-8.245545783000011, 41.785731078000026], [-8.249154486999998, 41.78572741900001], [-8.249153251999985, 41.78505275700002], [-8.251257054999996, 41.78437478799998], [-8.251254116999974, 41.782799263000015], [-8.252156250999974, 41.78279831399999], [-8.25215371500002, 41.781447868999976], [-8.251251178000018, 41.78122374499998], [-8.252452300000016, 41.780322743], [-8.251844996999978, 41.777171771999974], [-8.254249187000028, 41.776493989000016], [-8.255148212999984, 41.77491805], [-8.257550958000024, 41.773564412999974], [-8.261761691000004, 41.77423491500002], [-8.261759868000013, 41.773335179000014], [-8.265964510999993, 41.771078988], [-8.266563458999997, 41.76995347100001], [-8.268367366000007, 41.769951323999976], [-8.26836592699999, 41.769275537], [-8.269568047999996, 41.76904958], [-8.269564662999983, 41.76747404700001], [-8.271367521999991, 41.76702114300002], [-8.271366053000008, 41.766345919], [-8.274372406999987, 41.7663422], [-8.274370406999992, 41.765441900999974], [-8.27707454900002, 41.76476382599998], [-8.27707301800001, 41.76408802999998], [-8.280680514999972, 41.76408337800001], [-8.280435521000015, 41.76336457999997], [-8.281636963999972, 41.76291286600002], [-8.281634863000022, 41.76201256000002], [-8.284037639000019, 41.76110907200001], [-8.284930886999973, 41.757506663000015], [-8.289438140000016, 41.75682529599999], [-8.290941644999975, 41.75704828300002], [-8.290943319000007, 41.757723508000026], [-8.296354597999994, 41.75794090900001], [-8.29845702, 41.75726263400003], [-8.300865897999984, 41.758834621999995], [-8.30567367499998, 41.75815218399998], [-8.307779702000005, 41.758824189999984], [-8.307784636000008, 41.760624796], [-8.311095732000013, 41.76219518200003], [-8.318307907000019, 41.76128334700002], [-8.321318663, 41.76285392800003], [-8.321923232000017, 41.76397830799999], [-8.323726984000018, 41.76397529600001], [-8.325233490000016, 41.765098137999985], [-8.326436004000016, 41.765096098000015], [-8.328234278000025, 41.763292412], [-8.329439529000012, 41.76419064800001], [-8.332140947000028, 41.762835489], [-8.336653085000023, 41.763727801000016], [-8.338451759999998, 41.76214903900001], [-8.341756323000027, 41.761467799], [-8.344765419999987, 41.76236254000003], [-8.34776401900001, 41.760106158999974], [-8.349267043999987, 41.760103313], [-8.349560019000023, 41.75785200199999], [-8.352556692000007, 41.755145347999985], [-8.352545093999993, 41.75176922600002], [-8.351342062000015, 41.75154646499999], [-8.351335910999978, 41.749745871000016], [-8.35043269900001, 41.74929744100001], [-8.349814029000015, 41.74412186400002], [-8.352516492000007, 41.74344145800001], [-8.352202847000001, 41.73961575999999], [-8.355203244999984, 41.73825948299998], [-8.357896700000026, 41.73510312100001], [-8.362407259999998, 41.735994441], [-8.368702672999973, 41.731930213], [-8.369905410000001, 41.73215278700002], [-8.371416167999996, 41.73440041399999], [-8.374122220999993, 41.73484486799998], [-8.376824895000027, 41.73438897300002], [-8.384922042000028, 41.730319983000015], [-8.387031549000028, 41.73189084400002], [-8.393032774000005, 41.729851627000016], [-8.396941583, 41.73051787600002], [-8.40053119800001, 41.72668321200001], [-8.40293383400001, 41.726452478], [-8.403226684000003, 41.72465117500002], [-8.404721251000012, 41.722847005999995], [-8.408628781000004, 41.72328778899998], [-8.413744038999994, 41.725075945000015], [-8.416143583000007, 41.72416971400003], [-8.417349322000007, 41.72506702200002], [-8.41974379200002, 41.72303533899998], [-8.419739762999995, 41.72213504400003], [-8.420941471999981, 41.72213202099999], [-8.422736906000011, 41.72055194500001], [-8.429643439000017, 41.719858977], [-8.430541552000022, 41.71918141100002], [-8.430533192999974, 41.717380821999996], [-8.432935381999982, 41.71714946499998], [-8.436526361000006, 41.714213975999996], [-8.438327639000022, 41.713984100999994], [-8.439778987000011, 41.71537456200002], [-8.441582434999987, 41.71559478299997], [-8.444000897000024, 41.71873930200002], [-8.446708989000001, 41.719632203], [-8.448523678000015, 41.72210361399999], [-8.453630922000002, 41.72208939699999], [-8.454838269999982, 41.72321082100001], [-8.45454348200002, 41.724337030000015], [-8.459067208000022, 41.72770091899997], [-8.459380264000004, 41.73017530499999], [-8.458481161000009, 41.730628583], [-8.459086669999976, 41.73152659499999], [-8.462396472000023, 41.732417978], [-8.465115895999986, 41.73533608600002], [-8.468717027000025, 41.73442470100002], [-8.469308549000004, 41.73262235499999], [-8.47140355900001, 41.731041198000014], [-8.475909363000028, 41.73080269299999], [-8.476501853000002, 41.72922538199998], [-8.479802022000001, 41.72831454599998], [-8.480997736999996, 41.72718553300001], [-8.482800424999994, 41.72718003], [-8.483094730000005, 41.72605431300002], [-8.485802443000011, 41.72672121599999], [-8.488819399000022, 41.72896263000001], [-8.491820189999999, 41.72827745400002], [-8.493925895000018, 41.728720984000006], [-8.500492071999986, 41.721047476000024], [-8.506488658000023, 41.71900290999997], [-8.506179085999975, 41.71742838799997], [-8.507674522999991, 41.716298110000025], [-8.514582308000001, 41.716050172999985], [-8.514272550999976, 41.714475676999996], [-8.515468737999981, 41.713571367999975], [-8.521488664999993, 41.71557618999998], [-8.524779256999977, 41.71331475400001], [-8.528684227999975, 41.71330130199999], [-8.529268320000028, 41.71059836500001], [-8.532262218000028, 41.709012410000014], [-8.531936687999973, 41.70496160699997], [-8.534328191999975, 41.70315318799999], [-8.53703120199998, 41.703143667000006], [-8.538826101999973, 41.702011363999986], [-8.541231595, 41.70245295299998], [-8.550871461999975, 41.706919657000014], [-8.554170903999989, 41.70623231899998], [-8.555965590000028, 41.705100313], [-8.555959669000003, 41.70420059600002], [-8.561664601000018, 41.70395371400002], [-8.56377149399998, 41.70462158800001], [-8.564681584000027, 41.70596861199999], [-8.566787042999977, 41.706410233999975], [-8.568300982999972, 41.70820508999998], [-8.57130454899999, 41.708193617999996], [-8.572809423000024, 41.70863855599998], [-8.573115941000026, 41.709537118000014], [-8.574916567000002, 41.709305099999995], [-8.576404406999984, 41.70727422099998], [-8.578508437999972, 41.70749112200002], [-8.581524521000006, 41.70927937699997], [-8.583325117000015, 41.70904722400002], [-8.583619168999974, 41.708145761000026], [-8.586611616000027, 41.70655840500001], [-8.592327882000006, 41.70788604799998], [-8.594419056999982, 41.70630209799998], [-8.597122178000006, 41.70629116399999], [-8.596815348999996, 41.705392668], [-8.598906328999988, 41.70380807800001], [-8.598896551999985, 41.70245822200002], [-8.601591317999976, 41.70132183300001], [-8.600683789000016, 41.700424677], [-8.601881794000008, 41.69997017999998], [-8.601871948999985, 41.698619753], [-8.603974112999992, 41.69861110599999], [-8.60606470099998, 41.69702692599998], [-8.609371350000004, 41.69746277799999], [-8.61205229799998, 41.69452555999999], [-8.614152650999984, 41.694292218999976], [-8.61624453600001, 41.692932928999994], [-8.620755599000006, 41.69381407200001], [-8.622843891000002, 41.692003957], [-8.624642119999976, 41.69154607600001], [-8.630343896, 41.691071815999976], [-8.635755840000002, 41.691947888000016], [-8.638749768000025, 41.690809848000015], [-8.639941998999973, 41.689679180999974], [-8.640224526999987, 41.68742658299999], [-8.642018936999989, 41.68651858499999], [-8.642004697000004, 41.684718019], [-8.644991027000003, 41.68267897599998], [-8.644983867000008, 41.68177869800002], [-8.648881444999972, 41.68108594300003], [-8.655198969000025, 41.68263280999997], [-8.658796255000027, 41.68194108300003], [-8.65939303099998, 41.681488178999984], [-8.659083611000028, 41.680364216999976], [-8.660872020999989, 41.67878042299998], [-8.660860951000018, 41.67743000899998], [-8.665934697000012, 41.673805216999995], [-8.672251904999996, 41.67535115800001], [-8.674972637999986, 41.677589066999985], [-8.677978541000016, 41.67802493900001], [-8.67919465, 41.679819769000005], [-8.678907784999979, 41.681396674999974], [-8.681013194999991, 41.681836761], [-8.682829943999991, 41.68362866299998], [-8.68643664199999, 41.68406142399999], [-8.689425416999995, 41.68247137399999], [-8.69061269399998, 41.680890050000016], [-8.693008613000018, 41.680203108], [-8.692983173000016, 41.67727721900002], [-8.695975395999994, 41.676137143000005], [-8.702575835000005, 41.675654312999995], [-8.702569864999987, 41.674979103], [-8.707342872000027, 41.671579097999995], [-8.711843520999992, 41.67133135099999], [-8.712737973999992, 41.67065158999998], [-8.718145182, 41.67107424699998], [-8.719035469999994, 41.669944309000016], [-8.721134609999979, 41.66970847099998], [-8.721743176000018, 41.67060565000003], [-8.721153099999981, 41.671734078999975], [-8.72595180899998, 41.671259170999974], [-8.727765329000022, 41.67260023699998], [-8.72775909500001, 41.671925042], [-8.72985825500001, 41.671689042000025], [-8.729849915999978, 41.67078877], [-8.731644688000017, 41.67010417199998], [-8.732530537000002, 41.668523999], [-8.732499130000008, 41.66514799800001]]], [[[-8.09057161200002, 42.03556408700001], [-8.09087365900001, 42.035339127999976], [-8.090873515999988, 42.03556419199998], [-8.09057161200002, 42.03556408700001]]]]}}, {"type": "Feature", "properties": {"name": "Minho", "code": "PT01_MINHO", "count": 23}, "geometry": {"type": "Polygon", "coordinates": [[[-8.675170014000003, 41.84346783400002], [-8.679061661999981, 41.840973510000026], [-8.678735747000019, 41.83804909899999], [-8.679630944999985, 41.83714452700002], [-8.678400294000028, 41.83399935699998], [-8.678066799000021, 41.830174682000006], [-8.677463047999993, 41.82995248399999], [-8.677447745999984, 41.82815195500001], [-8.678346642999998, 41.82769752500002], [-8.678335146999984, 41.82634713300001], [-8.679230193000024, 41.82544312900001], [-8.678624548000016, 41.82499531000002], [-8.678910112999972, 41.823193343000014], [-8.68341760200002, 41.822497075], [-8.68400002200002, 41.82024295299999], [-8.685795545000019, 41.819108915000015], [-8.689718546999984, 41.82044032800002], [-8.691478672000017, 41.81525501700003], [-8.69297898100001, 41.814797527999986], [-8.692666341999995, 41.813448600000015], [-8.695656971000005, 41.81140824800002], [-8.695686603000013, 41.81478423599998], [-8.697501584999998, 41.815900666000005], [-8.698424009000007, 41.818147427999975], [-8.700834879000013, 41.81858507099997], [-8.70235519900001, 41.82037811599997], [-8.704764211999986, 41.82059118799998], [-8.706280665000008, 41.821934062000025], [-8.71077360999999, 41.81966127800001], [-8.710765491000018, 41.81876046000002], [-8.71406891700002, 41.81806907800001], [-8.716486056999997, 41.81918159700001], [-8.716496301000006, 41.82030691900002], [-8.718008899999973, 41.82120007399999], [-8.721617358999993, 41.82095649500002], [-8.722804305000011, 41.819149224], [-8.725211245000025, 41.819136800000024], [-8.727636985999993, 41.821150476000014], [-8.731262211, 41.82270711199999], [-8.732783480000023, 41.82449918999998], [-8.734290052999995, 41.82471637200001], [-8.735811456000022, 41.826509531], [-8.73882047799998, 41.826493649999975], [-8.742143236000004, 41.82782647099998], [-8.74545105499999, 41.827583188000006], [-8.745474715, 41.83005889200001], [-8.749702726999999, 41.83161171799998], [-8.750620684000012, 41.83318230399999], [-8.756375623999986, 41.83697738799998], [-8.761498388999996, 41.83762461200001], [-8.761810383000011, 41.83874826700003], [-8.766329197999994, 41.83917352100002], [-8.766924437, 41.83849499899998], [-8.769332076000012, 41.838481645], [-8.772056399000007, 41.84004200099997], [-8.77328048999999, 41.842060828], [-8.77507730100001, 41.84115047300003], [-8.777487312999995, 41.84136201199999], [-8.777503161000027, 41.842937447], [-8.779019389999974, 41.844054271999994], [-8.783825944, 41.843126763999976], [-8.786543924, 41.84401157999997], [-8.790139543999999, 41.842416051999976], [-8.790040307000027, 41.83273785199998], [-8.792737067000019, 41.831596977000004], [-8.793903630999978, 41.82798961499998], [-8.795697435000022, 41.826853309], [-8.801708382000015, 41.82614371699998], [-8.804745597000021, 41.82882633700001], [-8.807448989000022, 41.82836034799999], [-8.808936899000003, 41.82677607199997], [-8.809858587000008, 41.82857124499998], [-8.821610684000007, 41.83007691199998], [-8.823127337000017, 41.83119317799998], [-8.824932831000012, 41.831182316000024], [-8.825243468999986, 41.83208131399999], [-8.82916028599999, 41.83250722600002], [-8.830082620999974, 41.83430222200002], [-8.831594621000022, 41.83496882899999], [-8.835200858000007, 41.83449611899999], [-8.837317239000015, 41.83538346300003], [-8.843032478999987, 41.83512319900001], [-8.841873193000026, 41.83396110199999], [-8.841858747999993, 41.83265463499998], [-8.843052442999976, 41.83174696399999], [-8.843604401999983, 41.83241877199998], [-8.847215412000025, 41.832396373999984], [-8.848468422999986, 41.831669464000015], [-8.849048132999997, 41.829684074], [-8.852887383999985, 41.828309632000014], [-8.853528826999991, 41.82673009199999], [-8.855886216999977, 41.82739049700001], [-8.858042205000004, 41.82670169199997], [-8.859265645999983, 41.828450664], [-8.85929623200002, 41.83115135000003], [-8.860201526000026, 41.83137070599997], [-8.860211735000007, 41.832270935], [-8.86352694499999, 41.83270004399998], [-8.863547456999981, 41.834500504999994], [-8.865088065999998, 41.837641726000015], [-8.873445440000012, 41.84344006200001], [-8.873872824999978, 41.85769455100001], [-8.872380991, 41.86978426799999], [-8.873930676999976, 41.873596666000026], [-8.873671218000027, 41.87719950100001], [-8.872775628999989, 41.877880489000006], [-8.872804234, 41.88035609100001], [-8.871308922000026, 41.881266004999986], [-8.871117276999996, 41.890764133999994], [-8.869327748999979, 41.89230723899999], [-8.869353645999979, 41.89455778500002], [-8.867268454999987, 41.896596789], [-8.867286535999995, 41.89817217500001], [-8.865795873000025, 41.89953212900002], [-8.866462793999972, 41.905154665], [-8.867685892999987, 41.90672234200002], [-8.866789840000024, 41.90740328800001], [-8.867727210999988, 41.91032322900003], [-8.866836267999986, 41.91145428499999], [-8.86774270799998, 41.91167355699997], [-8.868085340999983, 41.91527252200001], [-8.872646529000008, 41.91884435399999], [-8.871477599999992, 41.922002874999976], [-8.871791916000006, 41.92312621299999], [-8.861543014999995, 41.92274066900001], [-8.860352997999996, 41.924098646000004], [-8.855858179999984, 41.92637777300001], [-8.855569534999972, 41.927504942999974], [-8.848037862000012, 41.92777723900002], [-8.847138781000012, 41.92823298500002], [-8.84744518299999, 41.92868121599997], [-8.844431444000008, 41.928699963999975], [-8.842912076000005, 41.927584034999995], [-8.842578229000026, 41.92466019300002], [-8.841676657999983, 41.92489084099998], [-8.839549748000024, 41.92332848299998], [-8.84013502099998, 41.921749380999984], [-8.839208618999976, 41.919729460999974], [-8.835281404, 41.91885331399999], [-8.834330507999994, 41.914582799000016], [-8.829186187000005, 41.91258853800002], [-8.826474478000023, 41.91260498499997], [-8.825915783000028, 41.916659634999974], [-8.82442865600001, 41.91846918300001], [-8.822324209999977, 41.91893200700002], [-8.820545276000018, 41.92164354099998], [-8.814850959000012, 41.92460348899999], [-8.812169836999999, 41.92754532499998], [-8.811885206, 41.929122500999995], [-8.81068923700002, 41.930029863000016], [-8.80887855100002, 41.929815495000014], [-8.808297197000002, 41.93184455099998], [-8.804998450000028, 41.933439443], [-8.804120264000005, 41.935920357999976], [-8.806244381999988, 41.93725830599999], [-8.805674736000014, 41.940412623999975], [-8.807196155999975, 41.941754092], [-8.807829955999978, 41.944676258000015], [-8.810870764000015, 41.94713405700003], [-8.810897051999973, 41.949609658999975], [-8.809411136999984, 41.951644063], [-8.810026042000004, 41.95276577200002], [-8.80976511900002, 41.95659347899999], [-8.807958450000001, 41.95682920799999], [-8.804969426000014, 41.959322536], [-8.804997868999976, 41.962023187], [-8.805923833000008, 41.96404336500001], [-8.80502631600001, 41.964723838], [-8.804154820999997, 41.96787990199999], [-8.802058056000021, 41.969242576], [-8.802095826000027, 41.97284344399998], [-8.801200503000018, 41.973748941], [-8.801841442000011, 41.977346286], [-8.800340480999978, 41.978030241], [-8.79945447199998, 41.97983593999999], [-8.79735253199999, 41.98074841900001], [-8.796770376999973, 41.98277740100002], [-8.794672975000026, 41.984139938], [-8.795009672999981, 41.98751399899999], [-8.793503740000006, 41.98774775700002], [-8.793531730999973, 41.99044839599998], [-8.792329720999987, 41.99090545299998], [-8.790245890999984, 41.993618226000024], [-8.790561509999975, 41.99496681400001], [-8.789361711000026, 41.99564889300001], [-8.78877917699998, 41.99767782700002], [-8.786975901000005, 41.998363333999976], [-8.786390960000006, 42.000167202], [-8.785193325000023, 42.00107429100001], [-8.785833669999988, 42.00467170000002], [-8.784935379999979, 42.00535201299999], [-8.784658972999978, 42.00782931100002], [-8.781652943999973, 42.00897169799998], [-8.778962266999997, 42.01146262200001], [-8.776552686000002, 42.011926313000004], [-8.776881769999989, 42.014625250999984], [-8.782343669999989, 42.017520280999975], [-8.78238040299999, 42.021121118999986], [-8.786018298999977, 42.02267590299999], [-8.785755716999972, 42.02650350900001], [-8.786672782999972, 42.027623608], [-8.78669127500001, 42.02942402399998], [-8.787603769999976, 42.03009401100002], [-8.788246867999987, 42.03391644200002], [-8.776455671999997, 42.03218272999999], [-8.774939542000027, 42.03151603800001], [-8.774932729999989, 42.03084088100002], [-8.770715747999986, 42.031764684999985], [-8.769828184999994, 42.033570138000016], [-8.767719580000005, 42.034031965], [-8.76165542199999, 42.03136461600002], [-8.758654523000018, 42.03318155699998], [-8.755924471000014, 42.031846040999994], [-8.755878184999972, 42.027119933999984], [-8.75222541300002, 42.02398882599999], [-8.751595495000004, 42.021291452000014], [-8.750685680000004, 42.02084623100001], [-8.750939397000025, 42.01589343400002], [-8.747587103, 42.01253549299997], [-8.745166416000018, 42.011873261000005], [-8.74515126, 42.010297885], [-8.743015182000022, 42.00783356400001], [-8.742967717999989, 42.00288237900003], [-8.74023497799999, 42.001096378], [-8.741125083999975, 41.99951619699999], [-8.741088526999988, 41.995690276000005], [-8.743499927000016, 41.99545238100001], [-8.740179146999992, 41.99524496999999], [-8.739560747999974, 41.99367278699998], [-8.737442536999993, 41.993008789999976], [-8.730811856999992, 41.99371879400002], [-8.731999538000025, 41.99168699699999], [-8.731685158000005, 41.99033824700001], [-8.729868807000003, 41.98967253000001], [-8.726864735999982, 41.991038543], [-8.726845835999995, 41.98901304899999], [-8.726232020999987, 41.987890902000004], [-8.724719542000003, 41.98744859499999], [-8.724709082000004, 41.98632331900001], [-8.719868130000009, 41.984772770000006], [-8.715308454000024, 41.98096992699999], [-8.714101947000017, 41.980976055999975], [-8.714713427999982, 41.981873216], [-8.714444695999987, 41.98547563400001], [-8.713843455000017, 41.98570375100002], [-8.714454976000013, 41.98660091099998], [-8.714520778999997, 41.99380267999999], [-8.715429960999984, 41.994248191], [-8.715444380999998, 41.99582357600002], [-8.713644467999984, 41.996958044999985], [-8.713654738000002, 41.99808331999998], [-8.710649921000027, 41.99944890900002], [-8.710058741000012, 42.000802281999995], [-8.708258591000003, 42.001936666000006], [-8.705239301000006, 42.00172672999997], [-8.70522513200001, 42.00015134300003], [-8.697366482000007, 41.99861488900001], [-8.696415515000012, 41.99344306199998], [-8.693682490000015, 41.991430885], [-8.688845816000025, 41.99032913799999], [-8.688861540000005, 41.992129589], [-8.68736293400002, 41.99326218499999], [-8.687376658000005, 41.99483757899998], [-8.684061912999994, 41.99530371499998], [-8.682265330000007, 41.996887809999976], [-8.682582583999988, 41.998686813999996], [-8.681681325999989, 41.99914126800002], [-8.681397068000024, 42.001168221], [-8.678708565000022, 42.00433198899998], [-8.680840128, 42.00657246100002], [-8.682956273999991, 42.007012444], [-8.682368320000023, 42.00881579000003], [-8.683275551000008, 42.00903649700001], [-8.683296971000004, 42.01151211199999], [-8.680579066000007, 42.011300081], [-8.679679550000003, 42.01197957699998], [-8.679700833000027, 42.014455192000014], [-8.678197680999972, 42.015137557], [-8.678814787000022, 42.01671007099998], [-8.678228557000011, 42.01873845], [-8.676133201000027, 42.02077399699999], [-8.676144738000005, 42.022124330999986], [-8.67708488400001, 42.02617103099999], [-8.679515116000005, 42.027959968000005], [-8.67928871800001, 42.036738559000014], [-8.680198276999988, 42.03718434199999], [-8.681133090000003, 42.04055582900003], [-8.682042715000023, 42.04100159699999], [-8.68236409299999, 42.043250693999994], [-8.683879569999988, 42.043918599999984], [-8.683289364000018, 42.04549688700001], [-8.684512739000013, 42.04729150700001], [-8.684234237999988, 42.04999361300003], [-8.683030310999982, 42.050449533999995], [-8.683038108999995, 42.051349749999986], [-8.684559652000019, 42.05269280700003], [-8.683059555, 42.05382534500001], [-8.683369332999973, 42.054724109999995], [-8.680363127000021, 42.05631397399998], [-8.680078594999998, 42.05834090500002], [-8.681300186999977, 42.05991050099999], [-8.683422016000009, 42.06080056600001], [-8.682827748000022, 42.061928738999995], [-8.683433725999976, 42.06215088800002], [-8.683153170000026, 42.06462793100002], [-8.684078788000022, 42.066874106], [-8.687724863000028, 42.069332179000014], [-8.689235101000008, 42.06932484700002], [-8.68986092099999, 42.07179749300002], [-8.691979301999993, 42.072237288999986], [-8.692597315, 42.073809708], [-8.691704985000001, 42.075389503999986], [-8.692348820000007, 42.079887609000025], [-8.691446491000022, 42.08034214000003], [-8.692376604000003, 42.08303834499998], [-8.688147027000014, 42.083058946999984], [-8.685747773999992, 42.08509612400002], [-8.682408823999992, 42.08331171100002], [-8.68120425699999, 42.083767615], [-8.680292081000005, 42.08309679500002], [-8.679089438999995, 42.08377773000001], [-8.676966898999979, 42.08288759300001], [-8.677249700000004, 42.080635624000024], [-8.675733412, 42.07996764000001], [-8.676331828000002, 42.07928961099998], [-8.676004685999999, 42.07636535099999], [-8.674482751000028, 42.07502218899998], [-8.675067673000001, 42.07276879099999], [-8.673853657999985, 42.072099347999995], [-8.674140365000028, 42.070297488999984], [-8.672924492999982, 42.069402981999986], [-8.667470530000003, 42.067403033000005], [-8.66445011899998, 42.06741710900002], [-8.66414054400002, 42.06651829499998], [-8.660512358000005, 42.06608496199999], [-8.659598782999979, 42.065188920000026], [-8.65628015499999, 42.06565427999999], [-8.654742232999979, 42.06228535700001], [-8.652311361999978, 42.06049591499999], [-8.652298470999995, 42.05892052899998], [-8.651073930999985, 42.05690051099998], [-8.647137086999976, 42.05556790100002], [-8.647731935000024, 42.05443990600003], [-8.649241840999991, 42.054433098000004], [-8.650140448999991, 42.053528782], [-8.649229029000026, 42.05285770900002], [-8.649219877999997, 42.051732431999994], [-8.644672212999978, 42.04950223499998], [-8.643473429999972, 42.050632914000005], [-8.63925491499998, 42.051776991999986], [-8.635325756999976, 42.051344196], [-8.633501532000025, 42.04977674899999], [-8.631387813999993, 42.04978598399998], [-8.629888584000014, 42.05114289599999], [-8.629598941999973, 42.052719603000014], [-8.628089072000023, 42.05272615199999], [-8.627195416000006, 42.054305467999995], [-8.620865907999985, 42.05590810799998], [-8.613619857000003, 42.05616387600003], [-8.612734304000014, 42.05886836399998], [-8.608224479, 42.06158797299997], [-8.606440936000013, 42.06542146200002], [-8.608877473000007, 42.06811210699999], [-8.611894548999999, 42.067649374999974], [-8.612512247999973, 42.069447294999975], [-8.609206551, 42.07171175799999], [-8.604989369000009, 42.07330470400001], [-8.603490694000016, 42.074886332000005], [-8.603809481999974, 42.077135655000006], [-8.601716472000021, 42.080070089], [-8.601728118999972, 42.08164548600001], [-8.59961499000002, 42.08187920199998], [-8.59931949899999, 42.082780662000005], [-8.595694087000027, 42.08279540500001], [-8.593605421999996, 42.08640486500002], [-8.58908958500001, 42.08867362699999], [-8.590921960999992, 42.09136705899999], [-8.590636045999986, 42.093618839999976], [-8.587313800999993, 42.09385716999998], [-8.587323476999984, 42.09520751299999], [-8.585814202999984, 42.09543857199998], [-8.585794914000019, 42.09273788500002], [-8.583676560000015, 42.092296137999995], [-8.583665361999977, 42.09072073700003], [-8.582148207999978, 42.089826458999994], [-8.582133859999999, 42.08780094000002], [-8.575768454000013, 42.084899968], [-8.575445903999992, 42.081975387], [-8.57122253, 42.08289192900003], [-8.57058411600002, 42.07794296600002], [-8.566951277999976, 42.07683150899999], [-8.565430086999982, 42.075261829], [-8.566630718999988, 42.074131953000006], [-8.566615328000012, 42.071881366000014], [-8.564500866000003, 42.07188937500001], [-8.562377260000005, 42.070546992000004], [-8.561762489999978, 42.068973847999985], [-8.562343740000017, 42.065595691], [-8.559922904000018, 42.06492957099999], [-8.559903206000001, 42.06200380199999], [-8.56110520599998, 42.061099044], [-8.561082419000002, 42.05772315399997], [-8.555312970999978, 42.05301825599997], [-8.555037947000017, 42.05707044899998], [-8.553527968000026, 42.057076016999986], [-8.551126837000027, 42.059335487], [-8.550220818000014, 42.059338803], [-8.549929168999995, 42.060915325999986], [-8.546917843000017, 42.062276681000014], [-8.543639335000023, 42.069040485000016], [-8.542121811000015, 42.06792061099998], [-8.539101334999998, 42.06793140399998], [-8.538490043000024, 42.06680825299998], [-8.535471046999987, 42.06704401000002], [-8.534269993999999, 42.068173566999974], [-8.535790244999987, 42.06974366600002], [-8.535805971999991, 42.07221932700003], [-8.536712177000027, 42.072216122999976], [-8.537323489000016, 42.073339283999985], [-8.53732779500001, 42.074014464000015], [-8.535220397999979, 42.07514723899999], [-8.535853165999981, 42.07964630399999], [-8.534661864999975, 42.08235128299998], [-8.535896082000022, 42.086398092000024], [-8.532578262000015, 42.087310023999976], [-8.528951178, 42.087097615999994], [-8.527753836999977, 42.08890228400003], [-8.526236117999986, 42.08778220900001], [-8.526513108000017, 42.083730091999996], [-8.521977118999985, 42.083070470999985], [-8.52197159299999, 42.08217023100002], [-8.52106249100001, 42.08172320099999], [-8.521346676000007, 42.078796392000015], [-8.518927137999981, 42.078354483], [-8.518336626000007, 42.080607128999986], [-8.516834263000021, 42.08196258700002], [-8.515021574000002, 42.081968679], [-8.511417698999992, 42.08558173799997], [-8.509309456999972, 42.08671404400002], [-8.505985943999974, 42.08672497700002], [-8.505997864999983, 42.088750516000005], [-8.502379969999993, 42.09011269299998], [-8.503295637000008, 42.091685168000026], [-8.502700507999975, 42.093262548999974], [-8.496063111000012, 42.095084414999974], [-8.495173306000027, 42.09801307800001], [-8.495786711999983, 42.099586570999975], [-8.495184887999983, 42.10003861400003], [-8.489455734999979, 42.102307327000005], [-8.488243098999988, 42.10163592499998], [-8.48492130400001, 42.10209636600001], [-8.482487467999988, 42.09917803500002], [-8.482477532000019, 42.097377557000016], [-8.480344929000012, 42.09423318900002], [-8.478834059000008, 42.094237788999976], [-8.473370734000014, 42.08975297699999], [-8.46974011200001, 42.08886351699999], [-8.469430789, 42.087514046000024], [-8.467008903000021, 42.086620918999984], [-8.46669846200001, 42.085046380999984], [-8.46397222600001, 42.083703953999986], [-8.46365952299999, 42.081679286999986], [-8.462752006000017, 42.081456855], [-8.46275903999998, 42.08280721900002], [-8.461253106000015, 42.08371182500002], [-8.461263608000024, 42.08573737099999], [-8.458248045999994, 42.08687134500002], [-8.456150299, 42.09025327699999], [-8.45282999699998, 42.090937844999985], [-8.44982305000002, 42.093872077000015], [-8.44861548, 42.094100491999995], [-8.446191401000021, 42.09275679799998], [-8.442566483999997, 42.09299176899998], [-8.443197305000012, 42.09839158199998], [-8.445923736999987, 42.099734506999994], [-8.445927077000022, 42.10040968800001], [-8.445630434000009, 42.10153581899999], [-8.444120492000025, 42.101765016], [-8.443221587999972, 42.103342912000016], [-8.441107155999987, 42.10357371399999], [-8.441123601000015, 42.10694961899998], [-8.439919025999984, 42.10785312500002], [-8.439627694000023, 42.11010454199999], [-8.438122957000019, 42.11145896199997], [-8.437230259999978, 42.114387170999976], [-8.427894508000008, 42.121838798], [-8.424874558999988, 42.122521758999994], [-8.419750609999994, 42.12591070799999], [-8.417345146000002, 42.128842539999994], [-8.414631096999983, 42.13042471199998], [-8.410082064999983, 42.12728498199999], [-8.41006035700002, 42.12233365499998], [-8.409144561000005, 42.12031030100002], [-8.410650137999994, 42.118956275000016], [-8.410643212000025, 42.11738084900003], [-8.411547099000018, 42.11670346], [-8.411819579999985, 42.109950887000025], [-8.413927331000025, 42.10814520399998], [-8.410590790000015, 42.105452602000014], [-8.411485579999976, 42.102749663], [-8.412991679000015, 42.10162065999998], [-8.413277918999995, 42.098018937999996], [-8.412369345999991, 42.09757103999999], [-8.41236238099998, 42.09599560999999], [-8.406923029999973, 42.09600878100002], [-8.40631573600001, 42.095335044000024], [-8.405994109000005, 42.09083453400001], [-8.404478466, 42.08971282499999], [-8.404470732999982, 42.087912330999984], [-8.403252518999977, 42.08566457699999], [-8.403545023999982, 42.08341324600002], [-8.399000811999997, 42.08049808499999], [-8.397193777999973, 42.08185266200002], [-8.393569274000015, 42.082086050999976], [-8.392972439999994, 42.083887921999974], [-8.389048404999983, 42.084797030999994], [-8.387847129000022, 42.086600224999984], [-8.385731231000022, 42.08637985500002], [-8.383630521999976, 42.08998549900002], [-8.378508685999975, 42.09382268799999], [-8.376705173999994, 42.096302243000025], [-8.376713857000027, 42.098552858999994], [-8.371574757000019, 42.09811356300003], [-8.370070525000017, 42.09991719300001], [-8.367352337, 42.10037291399999], [-8.366751250999982, 42.10127439500002], [-8.367061804999992, 42.10352439299999], [-8.36495202499998, 42.105104127000004], [-8.364956984000003, 42.106454496000026], [-8.363148475000003, 42.10780852200003], [-8.362549709999996, 42.109385164], [-8.359232997999982, 42.11164239200002], [-8.358935566000014, 42.112993356000004], [-8.356522987000005, 42.114573527999994], [-8.356542106000006, 42.11997499300003], [-8.353530869999986, 42.12335676599997], [-8.352635654999972, 42.12673441999999], [-8.353244245999974, 42.12785856199997], [-8.35900239, 42.13167340199999], [-8.359004804999984, 42.13234858300001], [-8.358100127, 42.13302555000001], [-8.35660582600002, 42.13797983699999], [-8.355700248000005, 42.138431724999975], [-8.355705802999978, 42.140007146000016], [-8.354197753999983, 42.14113537700001], [-8.353903222999975, 42.14338656199999], [-8.352394280999988, 42.144289707999974], [-8.352719390999994, 42.15081586399998], [-8.350299796999991, 42.15082048099998], [-8.346662035999998, 42.148351648000016], [-8.346657471000015, 42.14700128800001], [-8.34210908099999, 42.143408695999995], [-8.33635813799998, 42.14184361600002], [-8.327265157, 42.13510753700001], [-8.319100381999988, 42.134896024], [-8.315454980000027, 42.129050269000004], [-8.315449774000001, 42.127249776999975], [-8.313933570000017, 42.125676743999975], [-8.309084985000027, 42.12163317300002], [-8.301819293999984, 42.117818039999975], [-8.301815076000025, 42.116242607000004], [-8.300301263999984, 42.115344574999995], [-8.299691349, 42.11331990000002], [-8.298176457000011, 42.11197171600003], [-8.29636462000002, 42.112649499999975], [-8.294245293000017, 42.11130212400002], [-8.291828903999999, 42.11198068499999], [-8.29213798699999, 42.11468100899998], [-8.291537393999988, 42.11625728000001], [-8.290027654000028, 42.11693454499999], [-8.290333874999988, 42.118509562999975], [-8.283093801999996, 42.12482101299997], [-8.28279896700002, 42.127972277000026], [-8.283707063999998, 42.128421213000024], [-8.283710831999997, 42.129996646999984], [-8.282806993000008, 42.131348206999974], [-8.280994438999983, 42.13202574899998], [-8.281602873999987, 42.13360039999998], [-8.281303157000025, 42.13472610100001], [-8.27949101500002, 42.135628681000014], [-8.279799161000028, 42.13810397399999], [-8.277081268000018, 42.139682859000004], [-8.274965000999998, 42.139910563], [-8.271039760000008, 42.14261610800003], [-8.271351073000005, 42.146666856000024], [-8.270444768000004, 42.14711807200001], [-8.269844308000017, 42.14914435700001], [-8.267427665000014, 42.15049759599998], [-8.26773396599998, 42.152297737000026], [-8.265621044, 42.154325769000025], [-8.263806718000012, 42.154552920000015], [-8.262901640999985, 42.155679264000014], [-8.256249458000013, 42.15681194000001], [-8.254138622000028, 42.16019013599998], [-8.252322377999974, 42.15951685900001], [-8.252319812999986, 42.15816648499998], [-8.249292061000006, 42.156594170999995], [-8.24415116199998, 42.157274486000006], [-8.240519482000025, 42.156152652], [-8.240818090999994, 42.153901738], [-8.243536299000027, 42.15164850399998], [-8.242626583999993, 42.150299002], [-8.244740105000005, 42.14827138200002], [-8.244735701000025, 42.14579568900001], [-8.242312383000012, 42.143547403000014], [-8.242611260999979, 42.141521547000025], [-8.241400477000013, 42.14084751199999], [-8.240792967999994, 42.13927264300003], [-8.237772789000019, 42.141526086], [-8.234747647999995, 42.14085362899999], [-8.23172540600001, 42.14198159900002], [-8.22507277699998, 42.14221227600001], [-8.225074098999983, 42.143112530999986], [-8.226285088999987, 42.144011793999994], [-8.225075419999996, 42.14401278700001], [-8.223264159999985, 42.14626488699997], [-8.222663177000015, 42.148966127999984], [-8.220547038000007, 42.14964298000001], [-8.219642517000011, 42.15166924699997], [-8.218129943000008, 42.151445335000005], [-8.217526868999983, 42.15279616700002], [-8.215409955999974, 42.153022796000016], [-8.212690123000016, 42.154825254], [-8.212994326, 42.156175415999996], [-8.210576491999973, 42.157752555], [-8.210880383000017, 42.158877657000005], [-8.208462113999985, 42.16022970099999], [-8.208766250999986, 42.161579871000015], [-8.207254279999972, 42.16203101799999], [-8.206956848000004, 42.16630741], [-8.203934403999995, 42.16878508100001], [-8.204533036999976, 42.16315811999999], [-8.198781562000022, 42.159560677], [-8.198775631999979, 42.15393409699999], [-8.194540694000011, 42.153486405000024], [-8.192421109000009, 42.151011864], [-8.190606209999999, 42.15078776299998], [-8.189999263999994, 42.148537439999984], [-8.188788914999975, 42.147862868999994], [-8.184251308, 42.14651470000001], [-8.17971507499999, 42.146741797000004], [-8.17759503000002, 42.142466479999996], [-8.166706298999998, 42.13864436099999], [-8.167308977000005, 42.13481808900002], [-8.16488909100002, 42.133018333999985], [-8.164584794999996, 42.12919234200001], [-8.16337487300001, 42.128067378000026], [-8.164583772000015, 42.127166767999995], [-8.164582399999972, 42.12446600999999], [-8.166395475999991, 42.12289001800002], [-8.166394744999991, 42.121539644999984], [-8.168207947999974, 42.12041374900002], [-8.168207436999978, 42.11951349999998], [-8.170322297999974, 42.117487220999976], [-8.16941516999998, 42.11703740899998], [-8.169111309000016, 42.11433676199999], [-8.164877746999991, 42.110962175], [-8.165178597000022, 42.108261330999994], [-8.163364136999974, 42.10623630200001], [-8.16306113500002, 42.10466095200002], [-8.169404584000006, 42.099032419000025], [-8.169705582999995, 42.09700675800002], [-8.171517603999973, 42.095205626999984], [-8.170609558000024, 42.09273026300002], [-8.171212509999975, 42.09047942799998], [-8.170305762999988, 42.090029620999985], [-8.170002262000025, 42.087779101000024], [-8.167886352999972, 42.08620437100001], [-8.161238893000018, 42.08530608900003], [-8.157613555000012, 42.085982188], [-8.156102526999973, 42.08508228400001], [-8.153080303000024, 42.08238216400002], [-8.153684006999981, 42.08080660600001], [-8.153077844999984, 42.07495509199998], [-8.154285712999979, 42.07360447299999], [-8.157608755000012, 42.07405386800002], [-8.16002510200002, 42.07337808699998], [-8.159722338999984, 42.07180272400001], [-8.16153454900001, 42.07135212700001], [-8.161534027000016, 42.07022681199999], [-8.160325476000025, 42.069551940999986], [-8.160626422000007, 42.06707616900002], [-8.163646336, 42.06595003000001], [-8.164248928999996, 42.063024036], [-8.166362392999986, 42.061673023000026], [-8.166361904999974, 42.06077277000003], [-8.169381810999994, 42.06032167000001], [-8.169986650999988, 42.06167184399999], [-8.172402393000027, 42.06099580799997], [-8.17240110199998, 42.05897024000001], [-8.171796943000004, 42.05874539299998], [-8.172094534999985, 42.05176832400002], [-8.173905938000019, 42.05109247199999], [-8.173905343000001, 42.050192218999996], [-8.175717147, 42.05019152900002], [-8.176924378000024, 42.049290799000005], [-8.176319821999982, 42.04839078499998], [-8.175112141, 42.04861631799997], [-8.175111221999998, 42.047265935999974], [-8.17662083099998, 42.04704028499998], [-8.176922145999981, 42.04613991100001], [-8.175411942999972, 42.045465311999976], [-8.175410860999989, 42.04388986499998], [-8.174504744999979, 42.04344008300001], [-8.175409623000007, 42.042089353999984], [-8.174804239000025, 42.03983894700002], [-8.176011126999981, 42.038713160999976], [-8.175406683000006, 42.03781313899998], [-8.175707346000024, 42.03601250999998], [-8.176311145999989, 42.03601227399997], [-8.175404827000023, 42.03511236999998], [-8.175705477000008, 42.03331173999999], [-8.176006894000011, 42.032636430000025], [-8.179327113999989, 42.031959890999985], [-8.185063607000018, 42.032857596999975], [-8.185967151, 42.03038146], [-8.188381137000022, 42.02925496], [-8.188682400000005, 42.028579616], [-8.186870821000014, 42.02813038099998], [-8.187170722000019, 42.025879589], [-8.18565954799999, 42.02362967099998], [-8.18656215599998, 42.02025326699999], [-8.189823373000024, 42.01894524400001], [-8.191333949000011, 42.020519921000016], [-8.192239217000008, 42.02029437599998], [-8.195556153999974, 42.01714163499997], [-8.19736702900002, 42.017140600999994], [-8.198874424999985, 42.01556425299998], [-8.200383449000014, 42.01556334899999], [-8.203405040999996, 42.01871242499999], [-8.208536250999998, 42.018934177000006], [-8.208535165, 42.018034476000025], [-8.210043693999978, 42.017582764999986], [-8.211549380000008, 42.014881496999976], [-8.215472507000015, 42.014653076], [-8.219393433999983, 42.01284961900001], [-8.221200072999977, 42.00992236500002], [-8.222707680999974, 42.00902147599999], [-8.223004290999995, 42.005419609], [-8.225115925000011, 42.004968341999984], [-8.227827979999972, 42.00248980700002], [-8.230845405000025, 42.00248724300002], [-8.230844003000016, 42.00158697699999], [-8.232049900999982, 42.000910734], [-8.236276411000006, 42.00225736099998], [-8.237185364000027, 42.00450719899999], [-8.241414937999991, 42.007429108999986], [-8.240816033999977, 42.010130480999976], [-8.242027828000005, 42.01283012099998], [-8.240823750999994, 42.01463180500002], [-8.239315886999975, 42.01530898599998], [-8.239317788999983, 42.016434316000016], [-8.244148723000023, 42.017554464], [-8.245659808000028, 42.01867830499998], [-8.24837411599998, 42.017550253000024], [-8.247766384999977, 42.01530076400002], [-8.24927124200002, 42.013048003999984], [-8.253492465000022, 42.01101857499998], [-8.257105433999982, 42.00673841999998], [-8.259824015999982, 42.008085817999984], [-8.275515491000021, 42.00784217900002], [-8.278539916, 42.010764225], [-8.282464677000007, 42.01143377699998], [-8.283673967000027, 42.012333015000024], [-8.284585282000023, 42.014807538000014], [-8.286094828999978, 42.01503058999998], [-8.289705270000013, 42.010524342999986], [-8.293929613999978, 42.01029282500002], [-8.296640374999981, 42.008263363000026], [-8.301163920000022, 42.00713144299999], [-8.303872511000009, 42.004426611999975], [-8.306888817000015, 42.003971921000016], [-8.309898775000022, 42.00126648999998], [-8.313820739999983, 42.00103527599998], [-8.315326191999986, 41.99990754800001], [-8.318947641000022, 42.00012677199999], [-8.320149919000016, 41.99854933900002], [-8.330406502000017, 41.99785742500001], [-8.333114181999974, 41.995376410000006], [-8.333110627999986, 41.99425107799999], [-8.335828860999982, 41.995146551000005], [-8.336728923999999, 41.99356947899997], [-8.339141813000026, 41.99334064300001], [-8.340645891999998, 41.991987513000026], [-8.345171316000005, 41.99197919400001], [-8.34788122499998, 41.99039865499998], [-8.349994572000014, 41.99084423099998], [-8.35269963899998, 41.98791318000002], [-8.362356497999997, 41.988795031999985], [-8.366571718999978, 41.986535247999996], [-8.366567576000023, 41.98540991700003], [-8.369882510000025, 41.98450337999998], [-8.373185428, 41.980445255999996], [-8.37409461599998, 41.98156868199999], [-8.377412712000023, 41.98156163200002], [-8.380124006000017, 41.98065496100003], [-8.380722016999982, 41.97930325599998], [-8.385248314000023, 41.979743488999986], [-8.385546373000011, 41.97884312100001], [-8.390675934, 41.97928124200001], [-8.391276457000004, 41.97860524499998], [-8.393693195000026, 41.97949946799997], [-8.393699663999996, 41.981074933], [-8.394909945999984, 41.98197243999999], [-8.395219955000016, 41.983997348], [-8.397321244000011, 41.98151731500002], [-8.401240712000003, 41.98105748199998], [-8.407275484000024, 41.981493796999985], [-8.409392861000015, 41.98283908600001], [-8.413313309999978, 41.982604428], [-8.416324772999985, 41.98147162999999], [-8.416019118000008, 41.98057155499998], [-8.417218624999975, 41.978993084000024], [-8.427768403000016, 41.97739134], [-8.430174018999992, 41.97580960800002], [-8.431368856999995, 41.97333016499999], [-8.440418062999981, 41.97353116800002], [-8.441318513999988, 41.972629023000025], [-8.444030712000028, 41.972170948999974], [-8.448860755999988, 41.973057935999975], [-8.450965216999975, 41.971701670000016], [-8.452160301999982, 41.96944764199998], [-8.462705272999983, 41.967392002], [-8.464507683000022, 41.966036359999976], [-8.464495956999997, 41.96378626799998], [-8.46599667999999, 41.962431477999985], [-8.474431663000018, 41.96083104600001], [-8.475027495000006, 41.95947884499998], [-8.481658845000027, 41.959008059999974], [-8.483461862000013, 41.957877752], [-8.488293871999986, 41.959213213], [-8.491895795000005, 41.956275473999995], [-8.492188424999995, 41.954699069000014], [-8.495193323000024, 41.95288901399999], [-8.495185640999978, 41.951538621], [-8.496686710999995, 41.95040849999998], [-8.49847371200002, 41.94657660799999], [-8.50057624599998, 41.945219436], [-8.500558060000003, 41.942068518999974], [-8.502049681000017, 41.93936286799999], [-8.506563389999997, 41.93799776899999], [-8.505352387000016, 41.937101444999996], [-8.505037808999987, 41.93485177100001], [-8.503829506999978, 41.934405562999984], [-8.503207053999972, 41.93103153200002], [-8.501696134999975, 41.930361213000026], [-8.501991015999977, 41.92923490499999], [-8.501092035999989, 41.930138091], [-8.499583750999989, 41.929917878000026], [-8.496246564999979, 41.92610235500001], [-8.495937497, 41.924752918000024], [-8.493223863000026, 41.92453644699998], [-8.491703067999993, 41.922065463000024], [-8.49230325100001, 41.921613433999994], [-8.491994284999976, 41.92026398500002], [-8.493194603999996, 41.91935991700001], [-8.492885633000014, 41.91801046799998], [-8.48985709599998, 41.91531913199998], [-8.490440822999972, 41.91194124200001], [-8.487725249999983, 41.911274503000016], [-8.489226766000002, 41.91036954100002], [-8.489219220999985, 41.90901913900001], [-8.490716877000011, 41.90743895600002], [-8.489805445999991, 41.906091382], [-8.487093877999996, 41.90609982900003], [-8.48708512799999, 41.90452435899999], [-8.48768768399998, 41.904522488], [-8.487070130000006, 41.90182354900003], [-8.488272687000006, 41.901369671], [-8.490065164999976, 41.898663236000004], [-8.49247137399999, 41.89798047400001], [-8.493967440000006, 41.89617519000001], [-8.493959812000014, 41.89482479399999], [-8.492747280999993, 41.89347820199998], [-8.49424068799999, 41.891222782], [-8.496645290000004, 41.89031486599998], [-8.498442264000005, 41.888508564000006], [-8.49812178000002, 41.88513353600001], [-8.500832460000026, 41.885124831999974], [-8.502030712000021, 41.883995614000014], [-8.504137672000013, 41.88376371200002], [-8.507725446999984, 41.87925058299999], [-8.510129409000001, 41.878342386999975], [-8.510124098999995, 41.87744212199999], [-8.513134260000015, 41.87720706800002], [-8.51493308800002, 41.87585063900002], [-8.51491427100001, 41.872699711999985], [-8.513100818999987, 41.87158040899999], [-8.512779650000027, 41.86820541399999], [-8.515181779999978, 41.867072604999976], [-8.517597350000017, 41.868189848999975], [-8.520897230000003, 41.866152484], [-8.521489857999995, 41.864574972000014], [-8.519382233999977, 41.86458212299999], [-8.518172461000006, 41.863686488999974], [-8.518462695999972, 41.86188437499999], [-8.520872670000017, 41.86210184800001], [-8.523266186, 41.85961790800002], [-8.52746999599998, 41.857802891999995], [-8.527482485000007, 41.859828494], [-8.529301427999997, 41.861847275], [-8.535016208999991, 41.860927581], [-8.535624012000028, 41.861825162], [-8.538932988, 41.86136330800002], [-8.541054857999995, 41.863607022999986], [-8.544363878000013, 41.863144449], [-8.544371114, 41.86426977899998], [-8.550090293999972, 41.864024535], [-8.55281482700002, 41.866264704], [-8.555831736000016, 41.86715386399999], [-8.556444367999973, 41.868727095], [-8.56126961199999, 41.869835029], [-8.561883911999985, 41.87163272599997], [-8.565787817, 41.87004251000002], [-8.570003398999972, 41.870026465000024], [-8.571802348000006, 41.868894216], [-8.574811870000019, 41.86865755100001], [-8.576022529, 41.869553146999976], [-8.582954400999995, 41.870426348000024], [-8.592309941999986, 41.87331505999998], [-8.595311446999972, 41.871952529], [-8.599222736000002, 41.87148650099999], [-8.600713509000002, 41.86945477199998], [-8.600106358000005, 41.868782044], [-8.600693752999973, 41.86675399400002], [-8.606106785999998, 41.865831448999984], [-8.607888259999982, 41.862447995000025], [-8.61029180700001, 41.86176277499999], [-8.610584469999992, 41.86063618999998], [-8.609674572000017, 41.85973969999998], [-8.61117145999998, 41.85860809600001], [-8.612355449000006, 41.85590227199998], [-8.617445905000011, 41.852279667000005], [-8.617736701000013, 41.85092800199999], [-8.619835271, 41.849793724999984], [-8.622217576000025, 41.846407467999995], [-8.627652929000021, 41.84863481299999], [-8.633975849000024, 41.84883236500002], [-8.634894757999973, 41.85085399500002], [-8.636100613999986, 41.85107376799999], [-8.636107691999996, 41.85197402599999], [-8.639141053000003, 41.854886591000025], [-8.640644458999986, 41.85465485899999], [-8.642457836999995, 41.85554708500001], [-8.645794525999975, 41.858683197000005], [-8.650892407000015, 41.85618442700002], [-8.653599953000025, 41.85594706699999], [-8.654807783000024, 41.856391711000015], [-8.655420903999982, 41.857739356000025], [-8.657531935999998, 41.85817984099998], [-8.659024237999972, 41.85659747300002], [-8.662326410999981, 41.85545688100001], [-8.662300351999988, 41.85230597399999], [-8.663500713000019, 41.85185026900001], [-8.663474598999983, 41.84869936199999], [-8.665579782999998, 41.84846450499998], [-8.668570997000018, 41.846199798999976], [-8.670384532000014, 41.84709159900001], [-8.673390709999978, 41.846627290000015], [-8.675183355000001, 41.845043284999974], [-8.675170014000003, 41.84346783400002]]]}}, {"type": "Feature", "properties": {"name": "Neiva", "code": "PT01_NEIVA", "count": 6}, "geometry": {"type": "Polygon", "coordinates": [[[-8.684454766999977, 41.58611721800003], [-8.684137695000004, 41.584093026000005], [-8.685636564999982, 41.58408579600001], [-8.685607672000003, 41.58070972600001], [-8.697260907999976, 41.57637633600001], [-8.701121876999991, 41.57230578999997], [-8.701703482000028, 41.570277180000005], [-8.707703658000014, 41.57092251099999], [-8.709489871000017, 41.56956306799998], [-8.711585800000023, 41.56932743200002], [-8.713088356000014, 41.56977000699999], [-8.713400191000005, 41.571118910999985], [-8.716421707999984, 41.57380454999998], [-8.718813376000014, 41.573117120999996], [-8.720316079999975, 41.573559596999985], [-8.721837257000004, 41.576027685999975], [-8.72424130799999, 41.576690568000004], [-8.725150842999994, 41.577811269999984], [-8.726633005999986, 41.576002969], [-8.733533151000017, 41.57664229599999], [-8.734423977000006, 41.575737308999976], [-8.734430262999979, 41.576412514000026], [-8.735931053999991, 41.576629717], [-8.736538931999974, 41.577526836000004], [-8.736564167999973, 41.58022766800002], [-8.738354243999993, 41.579317917000026], [-8.74077765200002, 41.58200605500002], [-8.744670283999994, 41.58153520600001], [-8.746494482000003, 41.58422642599999], [-8.749498639000024, 41.584885557999996], [-8.750710646000016, 41.58622950300003], [-8.753682482999977, 41.58351252199998], [-8.756373877999977, 41.582822695000004], [-8.756349985999975, 41.580346941000016], [-8.75844824799998, 41.580335520999995], [-8.759929542999998, 41.57852680399998], [-8.762327491000008, 41.578513676], [-8.762638209999977, 41.579637359], [-8.764136950000022, 41.579629126999976], [-8.76444329200001, 41.58030268099998], [-8.767440806000025, 41.58028614300002], [-8.767762672999993, 41.58253516100001], [-8.769874324, 41.583873933999996], [-8.76899718499999, 41.58612957899999], [-8.77142210300002, 41.58881708000001], [-8.77322753499999, 41.589482256999986], [-8.773862857999973, 41.59307997399998], [-8.775370873999975, 41.59397185300003], [-8.777163031999976, 41.593286568999986], [-8.780167903000006, 41.59394489099998], [-8.785560009999983, 41.59346419000002], [-8.791595253000025, 41.59725602999998], [-8.793092093999974, 41.597022349999975], [-8.797326725999994, 41.600599171], [-8.804218430999981, 41.60010892600002], [-8.804560391999985, 41.60415833799999], [-8.808201038999982, 41.60818840899998], [-8.808526810999979, 41.61066235999999], [-8.811577607999993, 41.611545686], [-8.810049843000002, 41.612904173000004], [-8.810068719000014, 41.61470468900001], [-8.811291996000023, 41.61694825000001], [-8.811313273999986, 41.61897382799998], [-8.812522455000021, 41.61986699200003], [-8.812555617999976, 41.623017886000014], [-8.813469686000019, 41.624362948], [-8.811386582000011, 41.62595080599999], [-8.808691652999983, 41.626416843000015], [-8.804757015000007, 41.62306374899998], [-8.798460449999993, 41.62332550100001], [-8.796676941999976, 41.62491138799999], [-8.795179471999973, 41.62514512199999], [-8.794598001999987, 41.626949095999976], [-8.792748382000013, 41.62767916199999], [-8.79307597799999, 41.63037820400001], [-8.785596897000005, 41.632446723999976], [-8.785312830999999, 41.63402388100002], [-8.782326418000025, 41.63539130800001], [-8.781753561000016, 41.63809547300002], [-8.776984717000005, 41.641273454999975], [-8.776404849000016, 41.643302413000015], [-8.775206921000006, 41.643534208000005], [-8.774915838000027, 41.644436144999986], [-8.766812304999974, 41.644256170000006], [-8.765901121000013, 41.64313581800002], [-8.764400911999985, 41.64314409299999], [-8.763509569000007, 41.64404930799998], [-8.759315474000005, 41.64474753899998], [-8.755156009000018, 41.649046672], [-8.753655642000012, 41.64905480800002], [-8.749787020999975, 41.652451868000014], [-8.744106682999984, 41.654733084999975], [-8.743517144999998, 41.65586161300001], [-8.741722906999996, 41.656546392999985], [-8.739366501999996, 41.66128552999999], [-8.741184268999973, 41.663076510999986], [-8.737603740999987, 41.66534624399998], [-8.732499130000008, 41.66514799800001], [-8.732236652999973, 41.669200767999996], [-8.729849915999978, 41.67078877], [-8.72985825500001, 41.671689042000025], [-8.72775909500001, 41.671925042], [-8.727765329000022, 41.67260023699998], [-8.72595180899998, 41.671259170999974], [-8.721153099999981, 41.671734078999975], [-8.721743176000018, 41.67060565000003], [-8.721134609999979, 41.66970847099998], [-8.719035469999994, 41.669944309000016], [-8.718145182, 41.67107424699998], [-8.712737973999992, 41.67065158999998], [-8.711843520999992, 41.67133135099999], [-8.707342872000027, 41.671579097999995], [-8.702569864999987, 41.674979103], [-8.702575835000005, 41.675654312999995], [-8.695975395999994, 41.676137143000005], [-8.692983173000016, 41.67727721900002], [-8.693008613000018, 41.680203108], [-8.69061269399998, 41.680890050000016], [-8.689425416999995, 41.68247137399999], [-8.68643664199999, 41.68406142399999], [-8.682829943999991, 41.68362866299998], [-8.681013194999991, 41.681836761], [-8.678907784999979, 41.681396674999974], [-8.67919465, 41.679819769000005], [-8.677978541000016, 41.67802493900001], [-8.674972637999986, 41.677589066999985], [-8.672251904999996, 41.67535115800001], [-8.665934697000012, 41.673805216999995], [-8.660860951000018, 41.67743000899998], [-8.660872020999989, 41.67878042299998], [-8.659083611000028, 41.680364216999976], [-8.65939303099998, 41.681488178999984], [-8.658796255000027, 41.68194108300003], [-8.655198969000025, 41.68263280999997], [-8.648881444999972, 41.68108594300003], [-8.644983867000008, 41.68177869800002], [-8.644991027000003, 41.68267897599998], [-8.642004697000004, 41.684718019], [-8.642018936999989, 41.68651858499999], [-8.640224526999987, 41.68742658299999], [-8.639941998999973, 41.689679180999974], [-8.638749768000025, 41.690809848000015], [-8.635755840000002, 41.691947888000016], [-8.630343896, 41.691071815999976], [-8.624642119999976, 41.69154607600001], [-8.622843891000002, 41.692003957], [-8.620755599000006, 41.69381407200001], [-8.61624453600001, 41.692932928999994], [-8.614152650999984, 41.694292218999976], [-8.61205229799998, 41.69452555999999], [-8.609371350000004, 41.69746277799999], [-8.60606470099998, 41.69702692599998], [-8.603974112999992, 41.69861110599999], [-8.601871948999985, 41.698619753], [-8.601881794000008, 41.69997017999998], [-8.600683789000016, 41.700424677], [-8.601591317999976, 41.70132183300001], [-8.598896551999985, 41.70245822200002], [-8.598906328999988, 41.70380807800001], [-8.596815348999996, 41.705392668], [-8.597122178000006, 41.70629116399999], [-8.594419056999982, 41.70630209799998], [-8.592327882000006, 41.70788604799998], [-8.586611616000027, 41.70655840500001], [-8.583619168999974, 41.708145761000026], [-8.583325117000015, 41.70904722400002], [-8.581524521000006, 41.70927937699997], [-8.578508437999972, 41.70749112200002], [-8.576404406999984, 41.70727422099998], [-8.574916567000002, 41.709305099999995], [-8.573115941000026, 41.709537118000014], [-8.572809423000024, 41.70863855599998], [-8.57130454899999, 41.708193617999996], [-8.568300982999972, 41.70820508999998], [-8.566787042999977, 41.706410233999975], [-8.564681584000027, 41.70596861199999], [-8.562867464000021, 41.70417483599999], [-8.556859196000005, 41.70397162699999], [-8.554170903999989, 41.70623231899998], [-8.550871461999975, 41.706919657000014], [-8.548158122000018, 41.705354005000004], [-8.545452125999986, 41.70491364600002], [-8.543037891999973, 41.70312228099999], [-8.538826101999973, 41.702011363999986], [-8.53703120199998, 41.703143667000006], [-8.534328191999975, 41.70315318799999], [-8.531936687999973, 41.70496160699997], [-8.532262218000028, 41.709012410000014], [-8.529268320000028, 41.71059836500001], [-8.528684227999975, 41.71330130199999], [-8.524779256999977, 41.71331475400001], [-8.521488664999993, 41.71557618999998], [-8.515468737999981, 41.713571367999975], [-8.514272550999976, 41.714475676999996], [-8.514582308000001, 41.716050172999985], [-8.507674522999991, 41.716298110000025], [-8.506179085999975, 41.71742838799997], [-8.506488658000023, 41.71900290999997], [-8.500492071999986, 41.721047476000024], [-8.493925895000018, 41.728720984000006], [-8.491820189999999, 41.72827745400002], [-8.488819399000022, 41.72896263000001], [-8.485802443000011, 41.72672121599999], [-8.483094730000005, 41.72605431300002], [-8.482800424999994, 41.72718003], [-8.480997736999996, 41.72718553300001], [-8.479802022000001, 41.72831454599998], [-8.476501853000002, 41.72922538199998], [-8.475909363000028, 41.73080269299999], [-8.47140355900001, 41.731041198000014], [-8.469308549000004, 41.73262235499999], [-8.468717027000025, 41.73442470100002], [-8.465115895999986, 41.73533608600002], [-8.462396472000023, 41.732417978], [-8.459086669999976, 41.73152659499999], [-8.458481161000009, 41.730628583], [-8.459380264000004, 41.73017530499999], [-8.459067208000022, 41.72770091899997], [-8.45454348200002, 41.724337030000015], [-8.454234023000026, 41.72253729200003], [-8.448523678000015, 41.72210361399999], [-8.446708989000001, 41.719632203], [-8.444000897000024, 41.71873930200002], [-8.441582434999987, 41.71559478299997], [-8.438574194000012, 41.71470312399998], [-8.441631901999983, 41.71397522199999], [-8.441617818999987, 41.711049256000024], [-8.443114260000016, 41.70991981899999], [-8.44459969799999, 41.70653962099999], [-8.44728965600001, 41.70383132400002], [-8.44938870499999, 41.703150300999994], [-8.449680156, 41.70134887199998], [-8.451478774999998, 41.70066864500001], [-8.45386788799999, 41.697961039000006], [-8.453254906999973, 41.69548691599999], [-8.454759801000023, 41.69615792100001], [-8.455357017999972, 41.69548100700001], [-8.458060880999994, 41.695698427000025], [-8.458356621999997, 41.69479727200002], [-8.46165875700001, 41.69456274999999], [-8.461953288000018, 41.69343651899999], [-8.464653589000022, 41.692978563999986], [-8.46793917299999, 41.68959282899999], [-8.47812430099998, 41.68506099199999], [-8.47841850399999, 41.68393470799998], [-8.482011698999997, 41.68212318399998], [-8.481701691000012, 41.68032350300001], [-8.484680587000014, 41.676037905999976], [-8.484370533999993, 41.67423824100001], [-8.490974993999998, 41.67421775600002], [-8.493080186999975, 41.674886378999986], [-8.496675012000026, 41.67352453900003], [-8.499963057000002, 41.671038177000014], [-8.502369730999987, 41.67193073499999], [-8.504166974999976, 41.671249676], [-8.508373545999973, 41.671911163999994], [-8.509270166000022, 41.671232981], [-8.510179977999996, 41.672805525], [-8.51196655299998, 41.670323758999984], [-8.509856044000003, 41.66875519299998], [-8.512252135999972, 41.66784695000001], [-8.51194400999998, 41.666497506999974], [-8.514636155999995, 41.664912991999984], [-8.514629479999996, 41.66378762400001], [-8.517019948999973, 41.66197898399997], [-8.520614900999988, 41.66084145299999], [-8.522103345000005, 41.65881068200002], [-8.52570627, 41.659023443000024], [-8.525994030999982, 41.656996741], [-8.527785086999984, 41.65541502100001], [-8.527180726999973, 41.65474186199998], [-8.527768519999995, 41.65271412999999], [-8.53076397000001, 41.651803427000004], [-8.534066440000004, 41.652016960000026], [-8.537354778000008, 41.64997965499998], [-8.537950706999993, 41.649302310999985], [-8.537633648999986, 41.64660248199999], [-8.539424145999988, 41.64502057599998], [-8.542097558000023, 41.64073452100001], [-8.542681897000023, 41.63825655900001], [-8.543876297999986, 41.63735195300001], [-8.543854764999992, 41.63397583400001], [-8.542956145000005, 41.63420414000001], [-8.541447514000026, 41.632859059], [-8.539647468999988, 41.63286548100001], [-8.538140339999984, 41.631745439999975], [-8.536341732999972, 41.631976882000004], [-8.535127666999983, 41.629730361999975], [-8.536916340999994, 41.62792341699998], [-8.537197966000008, 41.62499637899998], [-8.539287847000026, 41.623413407999976], [-8.540466356000024, 41.620033009], [-8.542257472000017, 41.61867611600002], [-8.542240323999977, 41.615975219000006], [-8.543431453999972, 41.61462045799999], [-8.547030529999972, 41.61460747199999], [-8.549735671999997, 41.615497957], [-8.554533036999999, 41.61525527800001], [-8.555141731999981, 41.616603521], [-8.557244219999973, 41.617045894], [-8.562638548999985, 41.616350495999995], [-8.564441142000021, 41.61679386399999], [-8.565652952999983, 41.61858992100002], [-8.568055528999992, 41.619030963], [-8.569847558999982, 41.61789872600002], [-8.570735151999997, 41.61609468900002], [-8.573734447999982, 41.616083161000006], [-8.577321196000014, 41.61426862100001], [-8.578530208000018, 41.61561440600002], [-8.581231107999997, 41.615828926000006], [-8.582449655000005, 41.61852510099999], [-8.585766372000023, 41.620987904], [-8.586659902000008, 41.620084039999995], [-8.591462259000025, 41.620515040999976], [-8.596533894000004, 41.61666821699998], [-8.601627813999983, 41.615972209000006], [-8.601618002999999, 41.61462175899999], [-8.604007501000012, 41.613261455999975], [-8.603995998000016, 41.611685927999986], [-8.613256239000009, 41.60669561399999], [-8.61686327199999, 41.60780580599999], [-8.617779842000004, 41.610052741000004], [-8.619880833000025, 41.61026889300001], [-8.619874039000024, 41.60936860100003], [-8.621070216000021, 41.608913336], [-8.620744806000005, 41.605538509999974], [-8.621337747999974, 41.60463565600003], [-8.623736728999972, 41.604625383999974], [-8.624929362999978, 41.603719926], [-8.62883283399998, 41.604378306], [-8.634502419, 41.600752280999984], [-8.636301543999991, 41.60074437600002], [-8.639576970999997, 41.597803871999986], [-8.639853829000003, 41.59487659199999], [-8.640749766999988, 41.594422458999986], [-8.643748018999986, 41.59440910799998], [-8.645536240000013, 41.59305061600003], [-8.646744468999998, 41.59417060599998], [-8.649125065000021, 41.591909078000015], [-8.656622200000015, 41.59210008299999], [-8.66078829700001, 41.58825456599999], [-8.663793657999975, 41.589140982], [-8.665264815, 41.58575793799997], [-8.668277584999998, 41.58754453], [-8.670979451999983, 41.58798201799999], [-8.67576479600001, 41.586608936000005], [-8.684454766999977, 41.58611721800003]]]}}]}