{"type": "FeatureCollection", "name": "apa_subbasins_rh1_viana", "features": [{"type": "Feature", "properties": {"name": "CWB-I-1A", "subBasin": "Costeiras entre o Minho e o Lima", "basin": "PT01_COSTEIRAS", "code": "PT01COST1N"}, "geometry": {"type": "Polygon", "coordinates": [[[-8.858042205000004, 41.82670169199997], [-8.85835787100001, 41.828006254], [-8.859265645999983, 41.828450664], [-8.85929623200002, 41.83115135000003], [-8.860201526000026, 41.83137070599997], [-8.860211735000007, 41.832270935], [-8.86352694499999, 41.83270004399998], [-8.863547456999981, 41.834500504999994], [-8.865088065999998, 41.837641726000015], [-8.87328103499999, 41.843441122], [-8.898032553000007, 41.84327940700001], [-8.898831159999986, 41.837565735], [-8.89900931699998, 41.827472822999994], [-8.895530842000028, 41.81585177599999], [-8.891801800999986, 41.80915181400002], [-8.895656241999973, 41.80450382700002], [-8.89737523399998, 41.79981987399998], [-8.897090239000022, 41.79427767200002], [-8.89440775700001, 41.787916919], [-8.894788199999994, 41.78465534100002], [-8.894090799000026, 41.779603135], [-8.894535055000006, 41.777905952000026], [-8.898105368000017, 41.772752810999975], [-8.900599746000012, 41.76526935700002], [-8.900999866999996, 41.76045179099998], [-8.903157828000019, 41.754762114000016], [-8.902932571999997, 41.749475502999985], [-8.900543464000009, 41.742716739], [-8.899715194999999, 41.738261851999994], [-8.894829393999999, 41.728711788], [-8.894363766000026, 41.72513223999999], [-8.892964629000005, 41.721107027000016], [-8.891129245000002, 41.718141968], [-8.888287923999997, 41.71529040600001], [-8.877100982000002, 41.69310794400002], [-8.870085782999979, 41.68504905499998], [-8.868340616000012, 41.67584452599999], [-8.864923724999983, 41.667471861000024], [-8.85432530700001, 41.65312022699999], [-8.849563541000009, 41.648877227000014], [-8.848784952000017, 41.64525468599999], [-8.845764110999994, 41.63774182899999], [-8.842405978999977, 41.63240042899997], [-8.84257872400002, 41.626964305], [-8.840883990000009, 41.622054843], [-8.838605044000019, 41.61802308799997], [-8.834941242000014, 41.614416429000016], [-8.833559904000026, 41.60912890499998], [-8.811561464000022, 41.611484013999984], [-8.810049843000002, 41.612904173000004], [-8.810068719000014, 41.61470468900001], [-8.81068978799999, 41.616726726000024], [-8.811291996000023, 41.61694825000001], [-8.811313273999986, 41.61897382799998], [-8.812522455000021, 41.61986699200003], [-8.812555617999976, 41.623017886000014], [-8.813469686000019, 41.624362948], [-8.811386582000011, 41.62595080599999], [-8.808691652999983, 41.626416843000015], [-8.805961500000024, 41.62350685500002], [-8.804757015000007, 41.62306374899998], [-8.798460449999993, 41.62332550100001], [-8.796676941999976, 41.62491138799999], [-8.795179471999973, 41.62514512199999], [-8.794598001999987, 41.626949095999976], [-8.792748382000013, 41.62767916199999], [-8.793362141999978, 41.629026092000004], [-8.79307597799999, 41.63037820400001], [-8.789787623999985, 41.631522485000005], [-8.789794495000024, 41.632197674], [-8.790405940000028, 41.63331955799998], [-8.792215105000025, 41.634209476000024], [-8.792542718999982, 41.636908525000024], [-8.793442753000022, 41.63690334400002], [-8.793456575999983, 41.63825372399998], [-8.797073005000016, 41.639808378], [-8.797386945000028, 41.64115701899999], [-8.798296321999999, 41.642052046], [-8.799196431999974, 41.64204681899997], [-8.798917304999975, 41.644074144], [-8.799826739000025, 41.64496915699999], [-8.802234140999985, 41.64563037200003], [-8.802241147000018, 41.646305568], [-8.803441361000012, 41.64629857], [-8.803207401000009, 41.64715607199997], [-8.80411460099998, 41.64782600699999], [-8.804128651999974, 41.64917638100002], [-8.805031197000005, 41.649396180999986], [-8.805038233000005, 41.65007137600003], [-8.809832285000027, 41.64936799700001], [-8.820349045, 41.65065602300001], [-8.820658716000025, 41.65155447199999], [-8.823359403999973, 41.651538276], [-8.823666726999988, 41.652211668999996], [-8.82456695899998, 41.652206252999974], [-8.823683598000002, 41.653787093999995], [-8.82428618199998, 41.654008550000015], [-8.824005382999985, 41.65581084600001], [-8.825217861999988, 41.656928935999986], [-8.824029499999995, 41.65806146900002], [-8.824041560000012, 41.65918677500002], [-8.824944308999989, 41.659406416000024], [-8.824365806999992, 41.661435579], [-8.835164210000016, 41.661575760000005], [-8.844451601000003, 41.67398131599998], [-8.84656590100002, 41.67923470300002], [-8.847457098000007, 41.683838707999996], [-8.844737384999974, 41.685169210000026], [-8.845370203000016, 41.68809127399999], [-8.843878921999988, 41.689000819], [-8.84421643600001, 41.69237485100001], [-8.839751959000012, 41.69600360800001], [-8.837054325999986, 41.696470311999974], [-8.834969506999983, 41.69805859799999], [-8.835008764999998, 41.70165955300001], [-8.835924436000028, 41.70300441799998], [-8.835658514999977, 41.706157099999984], [-8.833002055000009, 41.71044975699999], [-8.830616312000018, 41.71203978400001], [-8.830643151000004, 41.71451547700002], [-8.829446557999972, 41.714972875], [-8.829453865999994, 41.71564806399999], [-8.830960618000006, 41.71608906199998], [-8.831270777999976, 41.716987485000004], [-8.83067487599999, 41.71744125700002], [-8.830687078999972, 41.71856656599999], [-8.829495284000018, 41.71947409799998], [-8.829505030000007, 41.72037433899999], [-8.828310729000009, 41.721056798000006], [-8.828620876999992, 41.721955218000005], [-8.828029782999977, 41.72285910300002], [-8.828883967000024, 41.723798121000016], [-8.835195091000003, 41.723984796000025], [-8.835786085999985, 41.72308144200002], [-8.839378635999992, 41.721934034000014], [-8.839368745000002, 41.72103323099998], [-8.840269945999978, 41.72102768600001], [-8.840260055999977, 41.720128009999996], [-8.84236281699998, 41.72011504599999], [-8.843249097000012, 41.71875911699999], [-8.845351814000026, 41.718746098], [-8.846568343000001, 41.72008900100002], [-8.847462022000002, 41.719407655], [-8.85437353499998, 41.719589542999984], [-8.855865386999994, 41.71868042800003], [-8.85585779500002, 41.71800468399999], [-8.856758947999992, 41.71799901000003], [-8.856751359999976, 41.71732439700003], [-8.859154407000005, 41.71730923400003], [-8.859747535999986, 41.716629693000016], [-8.864556130999972, 41.71682425], [-8.86307978299999, 41.719084958999986], [-8.863092552000012, 41.720210253999994], [-8.860111495000012, 41.722254276], [-8.855305030000011, 41.72228459500002], [-8.853813103999983, 41.723194827999976], [-8.852010654000026, 41.72320612300001], [-8.85021572300002, 41.72389200700002], [-8.849937888, 41.725919980000015], [-8.847534515999996, 41.72593495299998], [-8.84816037600001, 41.72818124600002], [-8.84906668100001, 41.72862575099998], [-8.849387176999983, 41.73042491699999], [-8.849990570999978, 41.73064622800001], [-8.850010637000025, 41.732446141000025], [-8.85122250400002, 41.73333943199998], [-8.851030105999996, 41.743018284000016], [-8.848633618000008, 41.743709024], [-8.848348138999995, 41.745061249], [-8.846858082999972, 41.746195887], [-8.847504141000002, 41.75024264899997], [-8.846307002000003, 41.750700800000004], [-8.845735880000007, 41.75340523199998], [-8.841242512000008, 41.75478290199999], [-8.84245964500002, 41.75612583499998], [-8.844265517999986, 41.756340308999995], [-8.844588509999994, 41.758363971999984], [-8.846993091999991, 41.758349055], [-8.848503467, 41.75901431800003], [-8.84851099299999, 41.75969005500002], [-8.849412726000025, 41.759684435], [-8.849422764999986, 41.760584669000025], [-8.850332047999984, 41.76125365399997], [-8.853348007000022, 41.762135641999976], [-8.852764476000004, 41.76371481699999], [-8.853370713999993, 41.764160602000004], [-8.85667730199998, 41.764139822000004], [-8.857286111000008, 41.764811205], [-8.858488518999991, 41.76480361900002], [-8.859711301000004, 41.76659704399998], [-8.863932644999977, 41.76769563300002], [-8.871204300999977, 41.772600759], [-8.870328217000008, 41.774856554999985], [-8.870641793000004, 41.77597990999999], [-8.871846994000009, 41.77619724099998], [-8.871857352000006, 41.77709746599999], [-8.870081820999985, 41.77958523699999], [-8.862272050000001, 41.78030973099999], [-8.861683473000028, 41.781438829000024], [-8.858979902999977, 41.78168101900002], [-8.855391993000012, 41.78350421699997], [-8.855429989000015, 41.78688063499999], [-8.854831105000017, 41.787108907000004], [-8.855154594999988, 41.78913253100001], [-8.854573404999996, 41.790936758999976], [-8.857904254000005, 41.79294145099999], [-8.857919505999973, 41.79429178700002], [-8.85852352500001, 41.79451304700001], [-8.858559148999973, 41.797663837000016], [-8.857677222000007, 41.79946998600002], [-8.858893002999991, 41.80058767000003], [-8.864620435000006, 41.801676703], [-8.866448225999989, 41.80369073000003], [-8.864682002999984, 41.80707811299999], [-8.865003335999972, 41.808876661], [-8.86381548899999, 41.81023467699998], [-8.864141938999978, 41.81248334000003], [-8.86233955900002, 41.81271986899998], [-8.861149017999992, 41.813852801999985], [-8.861194993000026, 41.81790385199997], [-8.862411193000014, 41.81902150500002], [-8.862423987999989, 41.82014679100001], [-8.861822265, 41.820150609999985], [-8.861238422999975, 41.82172984099998], [-8.85943067300002, 41.82151621100002], [-8.858538259, 41.82242214600001], [-8.858884971000009, 41.82647129100002], [-8.858042205000004, 41.82670169199997]]]}}, {"type": "Feature", "properties": {"name": "Internacional-Minho", "subBasin": "Costeiras do Minho Internacional", "basin": "PT01_COSTEIRAS", "code": "PT01COST20"}, "geometry": {"type": "Polygon", "coordinates": [[[-8.872529602999975, 41.86958364499998], [-8.899195119000012, 41.86940907899998], [-8.895410920000018, 41.865531712000006], [-8.89616094500002, 41.858273322], [-8.895891880000022, 41.84820536299998], [-8.898032553000007, 41.84327940700001], [-8.873444957000004, 41.84344056100002], [-8.873872824999978, 41.85769455100001], [-8.872529602999975, 41.86958364499998]]]}}, {"type": "Feature", "properties": {"name": "Rio Castro Laboreiro", "subBasin": "Lima", "basin": "PT01_LIMA", "code": "PT01LIM0024I"}, "geometry": {"type": "Polygon", "coordinates": [[[-8.159380616000021, 41.981101748000015], [-8.15938110899998, 41.98222708399999], [-8.160286353999993, 41.982902059000025], [-8.162699662000023, 41.983126485000014], [-8.165112275000013, 41.982000458000016], [-8.17325611199999, 41.981097481999996], [-8.173559978000014, 41.98447337800002], [-8.174465403, 41.98514824099999], [-8.174466316000007, 41.98649863999998], [-8.173561912000025, 41.98739924199998], [-8.175976537999986, 41.989198853000005], [-8.177183738999986, 41.98987357300001], [-8.179597197000021, 41.98987258], [-8.180804798999986, 41.990997393999976], [-8.182614924999996, 41.990996596], [-8.182917885999984, 41.99257192099998], [-8.184426361000021, 41.992571231], [-8.184426735999978, 41.993021363000025], [-8.186235564000015, 41.99144504700001], [-8.18623498300002, 41.99076985800002], [-8.187743017999992, 41.99031899099998], [-8.18895117599999, 41.991893842000025], [-8.191063019000012, 41.991892758999995], [-8.190463387000023, 41.99594425800001], [-8.191067230999977, 41.996394076], [-8.191370849000009, 41.99841950899997], [-8.191070178000018, 41.999544996], [-8.189561949999984, 41.999995904], [-8.189864919000001, 42.001346144000024], [-8.191072496000004, 42.002020716000004], [-8.190469641999982, 42.002696232000005], [-8.190772224, 42.00359633199997], [-8.193790133999983, 42.004044857999986], [-8.193787492000013, 42.001344071999995], [-8.194692479000025, 42.001118510000026], [-8.194691361000025, 41.999993182000026], [-8.201327450000008, 41.99818879700001], [-8.201022781000006, 41.99548819199998], [-8.199814498000023, 41.99413852399999], [-8.201020571000015, 41.993462599], [-8.200717403999988, 41.99211238700002], [-8.20162099700002, 41.99076144000003], [-8.201016149999987, 41.98941141300003], [-8.202221122000026, 41.987835210000014], [-8.20191870299999, 41.987160198000026], [-8.203727190999984, 41.98580867200002], [-8.203725916999986, 41.984683338000025], [-8.202517784999998, 41.983333691999974], [-8.202818432000015, 41.98243323600002], [-8.201912498000013, 41.98153352899999], [-8.204022210999995, 41.979956738], [-8.20190902600001, 41.97838258799999], [-8.202509532000022, 41.975906474], [-8.201602954000009, 41.974331560999985], [-8.202204677999987, 41.972980785000004], [-8.203410582000004, 41.972529898000005], [-8.204313845000001, 41.97117892], [-8.20431230600002, 41.96982851400003], [-8.205216550999978, 41.96937780000002], [-8.205516052000007, 41.96757706400001], [-8.212145915999997, 41.96374643299998], [-8.214251864000005, 41.95991878500001], [-8.216663589999996, 41.959466881000026], [-8.216658783000014, 41.955865803999984], [-8.217863955999974, 41.955189699000016], [-8.217862432999993, 41.95406436100001], [-8.216053054999975, 41.953840644000024], [-8.216654276999975, 41.952489791999994], [-8.216645867000011, 41.946187897000016], [-8.214534361000005, 41.94528917700001], [-8.214533189999997, 41.94438890499998], [-8.212724381999976, 41.944390204], [-8.212120024, 41.94326529099999], [-8.211511454000004, 41.93876435599998], [-8.212108652999973, 41.93426256999999], [-8.210599039999977, 41.932238009], [-8.209992621000026, 41.929312536], [-8.208182884999985, 41.928188422999995], [-8.208784851000019, 41.927512810999986], [-8.209382136999977, 41.92301103199998], [-8.207272029000023, 41.92256231499999], [-8.204556647999993, 41.91986325900001], [-8.201843232999977, 41.91873962], [-8.195213134000028, 41.91829337799999], [-8.19401194400001, 41.92257034900001], [-8.193108282000026, 41.92302097800001], [-8.191603989999976, 41.925722603999986], [-8.185275757, 41.926626043], [-8.185276897999984, 41.927976453999975], [-8.183770494999976, 41.92865236099999], [-8.183471858000019, 41.93202852500002], [-8.180459488999986, 41.934280543], [-8.18076195499998, 41.93563082200001], [-8.178050263999978, 41.937207441], [-8.177150648999998, 41.94373477800002], [-8.175945575000014, 41.94486059500002], [-8.172628959999997, 41.94418664], [-8.172931603999984, 41.945987073000026], [-8.17353470400002, 41.94621191900001], [-8.172329085000001, 41.94666249400001], [-8.171425639999995, 41.94823828900002], [-8.17052117999998, 41.94823860499997], [-8.169316305999985, 41.950039554], [-8.166904846000023, 41.95094060399998], [-8.165398433000007, 41.95296667399998], [-8.165700429000026, 41.95386685300002], [-8.164796007000007, 41.95409218999998], [-8.164796717000002, 41.95544259500002], [-8.163892615999998, 41.95634312599998], [-8.16359520200001, 41.96444563099999], [-8.159674983999992, 41.964671743999986], [-8.160580707000008, 41.96692218999999], [-8.159676083000022, 41.96714748699998], [-8.159676778999994, 41.968722962000015], [-8.158772125999974, 41.96894825200002], [-8.158470924000028, 41.969848594999974], [-8.158471306000024, 41.97074886600001], [-8.15907458800001, 41.97097378699999], [-8.158773669000027, 41.97254933400001], [-8.159377167000002, 41.973224389999984], [-8.158171504999984, 41.975025222], [-8.158474071, 41.977275824], [-8.159681062000004, 41.978400866000015], [-8.159379926999975, 41.97952627799998], [-8.159983295000018, 41.979751194000016], [-8.159983797999985, 41.98087652999999], [-8.159380616000021, 41.981101748000015]]]}}, {"type": "Feature", "properties": {"name": "Rio Castro Laboreiro", "subBasin": "Lima", "basin": "PT01_LIMA", "code": "PT01LIM0024N"}, "geometry": {"type": "MultiPolygon", "coordinates": [[[[-8.09057161200002, 42.03556408700001], [-8.084837239000024, 42.03308622999998], [-8.084234784999978, 42.03128547], [-8.084537496999985, 42.030160265999996], [-8.082727083999998, 42.029034201], [-8.080612536999979, 42.03083381800002], [-8.080912813999987, 42.03285953300002], [-8.082420540999976, 42.035110825000004], [-8.081514482999978, 42.03556056999997], [-8.081209564000005, 42.03938654000001], [-8.080605002000027, 42.040286535999996], [-8.081509900000015, 42.04141224900002], [-8.079999332, 42.04253691600002], [-8.082111675000021, 42.04411327899999], [-8.084526739000012, 42.04478946699999], [-8.086336012000004, 42.04816614600003], [-8.086033070999974, 42.04951641700001], [-8.08512628599999, 42.04996645099999], [-8.085426950999988, 42.05176708800002], [-8.087237737999999, 42.05334324900002], [-8.086935631000017, 42.05424311399997], [-8.088747431999991, 42.054468853], [-8.090859634000026, 42.05717037400001], [-8.092067371999974, 42.05762091399998], [-8.09176379500002, 42.06009651599999], [-8.093273469999986, 42.06077220899999], [-8.092970617999981, 42.06212249399999], [-8.094480352000005, 42.06279817000001], [-8.094781060000003, 42.06504890299999], [-8.094176575000006, 42.06572390500003], [-8.095082444000013, 42.066174316], [-8.09538253400001, 42.06955036800002], [-8.096589900000026, 42.071126177999986], [-8.096589268000002, 42.07225149599998], [-8.09749536999999, 42.07247682399998], [-8.099610709999979, 42.07090196799999], [-8.10081898499999, 42.070902287000024], [-8.102328479999983, 42.07270317799998], [-8.103234711000027, 42.07270339799999], [-8.104141341000002, 42.071803354999986], [-8.110786714000028, 42.07247988199998], [-8.112901720000025, 42.070904781000024], [-8.112600210999972, 42.06910422499999], [-8.115016245999982, 42.07068002400001], [-8.11833896600001, 42.070680428], [-8.119849467999984, 42.06978032500001], [-8.120151700999998, 42.06888009800002], [-8.125286668000001, 42.06888045199997], [-8.129213259999972, 42.072031455], [-8.132233976000009, 42.07090613499997], [-8.137973617, 42.07518211500002], [-8.143411246000028, 42.07563176399998], [-8.145526150000023, 42.07698188799998], [-8.147641694000015, 42.080582600000014], [-8.153684006999981, 42.08080660600001], [-8.153683547000014, 42.079456230000005], [-8.153079261000016, 42.07923128599998], [-8.153077844999984, 42.07495509199998], [-8.153983944999993, 42.07450478599998], [-8.153983711000024, 42.073829596999985], [-8.157608755000012, 42.07405386800002], [-8.16002510200002, 42.07337808699998], [-8.159722338999984, 42.07180272400001], [-8.16153454900001, 42.07135212700001], [-8.161534027000016, 42.07022681199999], [-8.160325476000025, 42.069551940999986], [-8.160626422000007, 42.06707616900002], [-8.163646336, 42.06595003000001], [-8.164551303999986, 42.063699138000004], [-8.164248928999996, 42.063024036], [-8.166362392999986, 42.061673023000026], [-8.166361904999974, 42.06077277000003], [-8.169381810999994, 42.06032167000001], [-8.169986650999988, 42.06167184399999], [-8.172402393000027, 42.06099580799997], [-8.17240110199998, 42.05897024000001], [-8.171796943000004, 42.05874539299998], [-8.17239880599999, 42.05536922900001], [-8.172398088000023, 42.054243912000004], [-8.171793974000025, 42.05401906499998], [-8.172094534999985, 42.05176832400002], [-8.173905938000019, 42.05109247199999], [-8.173905343000001, 42.050192218999996], [-8.175717147, 42.05019152900002], [-8.176924378000024, 42.049290799000005], [-8.176319821999982, 42.04839078499998], [-8.175112141, 42.04861631799997], [-8.175111221999998, 42.047265935999974], [-8.17662083099998, 42.04704028499998], [-8.176922145999981, 42.04613991100001], [-8.175411942999972, 42.045465311999976], [-8.175410860999989, 42.04388986499998], [-8.174504744999979, 42.04344008300001], [-8.175409623000007, 42.042089353999984], [-8.174804239000025, 42.03983894700002], [-8.176011126999981, 42.038713160999976], [-8.175406683000006, 42.03781313899998], [-8.175707346000024, 42.03601250999998], [-8.176311145999989, 42.03601227399997], [-8.175404827000023, 42.03511236999998], [-8.176006894000011, 42.032636430000025], [-8.17842196700002, 42.032635460999984], [-8.179628994999973, 42.031959762999975], [-8.18355436500002, 42.03308335999998], [-8.185063607000018, 42.032857596999975], [-8.185967151, 42.03038146], [-8.188682600999982, 42.02880468000001], [-8.188078271999984, 42.02812978899999], [-8.186870821000014, 42.02813038099998], [-8.187170722000019, 42.025879589], [-8.18565954799999, 42.02362967099998], [-8.185658973999978, 42.022954476999985], [-8.186262651999982, 42.02295418800003], [-8.185959274000027, 42.02115381499999], [-8.18656215599998, 42.02025326699999], [-8.189579385999991, 42.01912644599997], [-8.18927695299999, 42.01845140400002], [-8.189879763000022, 42.01755083799998], [-8.191991812000026, 42.01687454299997], [-8.191386077999994, 42.014624212], [-8.193798711999989, 42.01282240199998], [-8.194399185000009, 42.00967115999998], [-8.193492326000012, 42.008096197999976], [-8.193793434999975, 42.00742083799997], [-8.192887706000022, 42.006971196999984], [-8.193488386000013, 42.004045022000014], [-8.190470268000013, 42.003371422999976], [-8.191072496000004, 42.002020716000004], [-8.189562771999988, 42.00089616700001], [-8.189561949999984, 41.999995904], [-8.191070178000018, 41.999544996], [-8.191370849000009, 41.99841950899997], [-8.191067230999977, 41.996394076], [-8.190463387000023, 41.99594425800001], [-8.191063019000012, 41.991892758999995], [-8.18895117599999, 41.991893842000025], [-8.187743017999992, 41.99031899099998], [-8.18623498300002, 41.99076985800002], [-8.186235564000015, 41.99144504700001], [-8.184426735999978, 41.993021363000025], [-8.184426361000021, 41.992571231], [-8.182917885999984, 41.99257192099998], [-8.182614924999996, 41.990996596], [-8.180804798999986, 41.990997393999976], [-8.179597197000021, 41.98987258], [-8.177183738999986, 41.98987357300001], [-8.175976537999986, 41.989198853000005], [-8.173561912000025, 41.98739924199998], [-8.174466316000007, 41.98649863999998], [-8.174465403, 41.98514824099999], [-8.173559978000014, 41.98447337800002], [-8.17325611199999, 41.981097481999996], [-8.165112275000013, 41.982000458000016], [-8.162699662000023, 41.983126485000014], [-8.160286353999993, 41.982902059000025], [-8.15938110899998, 41.98222708399999], [-8.159380616000021, 41.981101748000015], [-8.158777333999979, 41.981101895999984], [-8.157269675000009, 41.982452653999985], [-8.157270129999972, 41.983577990000015], [-8.153952826000022, 41.98605443700001], [-8.153953788000024, 41.98875523100003], [-8.151540727999986, 41.989881018000005], [-8.150938198999995, 41.992581916999995], [-8.151240531999974, 41.99460745699997], [-8.150033710999992, 41.994607664], [-8.149430623, 41.99573309200002], [-8.148223901999984, 41.996183411000004], [-8.148224926000012, 42.00000952800002], [-8.146716383000012, 42.000459877000026], [-8.146415135999973, 42.00248550800001], [-8.142190904000017, 42.003386261], [-8.142794561000017, 42.00428646199998], [-8.14279492999998, 42.006312052], [-8.140984473000003, 42.00698741999997], [-8.14128634399998, 42.007662589000006], [-8.140381076999972, 42.00788773300002], [-8.140381174000026, 42.00856292899999], [-8.138268779999976, 42.00856308300001], [-8.137665421000008, 42.010363643000005], [-8.13494947700002, 42.01148909599999], [-8.130120923999982, 42.01148916400001], [-8.127706739000018, 42.00968860099999], [-8.124689038999975, 42.00901328399999], [-8.122576564999974, 42.00946328200001], [-8.120463874999984, 42.01103856899999], [-8.118050111999992, 42.00856260500001], [-8.116541306999977, 42.00833736300001], [-8.112617453999974, 42.011262656999975], [-8.109901384000011, 42.01126219499997], [-8.107184804999974, 42.012612063000006], [-8.105976756000018, 42.014862461999996], [-8.104467273000012, 42.01598745199999], [-8.104466807999984, 42.01711277800001], [-8.100542370000028, 42.01891233399999], [-8.099635690000014, 42.021387807999986], [-8.09570985900001, 42.02498771699999], [-8.095407122999973, 42.02656308000002], [-8.096310718999973, 42.030164393999996], [-8.09842338499999, 42.031065265999985], [-8.099630231999981, 42.032415989000015], [-8.102045013000009, 42.03309181100002], [-8.102947674000006, 42.03984397099998], [-8.099022805999994, 42.039617892000024], [-8.097814531999973, 42.04074287499998], [-8.095398870999986, 42.041192287], [-8.094191814999988, 42.04006658700001], [-8.091172866000022, 42.039615459000004], [-8.091174143999979, 42.037589878000006], [-8.090268691000006, 42.03713943399998], [-8.09057161200002, 42.03556408700001]]], [[[-8.09057161200002, 42.03556408700001], [-8.09087365900001, 42.035339127999976], [-8.090571755999974, 42.035339023000006], [-8.09057161200002, 42.03556408700001]]]]}}, {"type": "Feature", "properties": {"name": "Rio da Peneda", "subBasin": "Lima", "basin": "PT01_LIMA", "code": "PT01LIM0025"}, "geometry": {"type": "Polygon", "coordinates": [[[-8.189579220999974, 42.018945368999994], [-8.191635775000009, 42.02051976199999], [-8.195556153999974, 42.01714163499997], [-8.19736702900002, 42.017140600999994], [-8.198874424999985, 42.01556425299998], [-8.200383449000014, 42.01556334899999], [-8.203405040999996, 42.01871242499999], [-8.208536250999998, 42.018934177000006], [-8.208535165, 42.018034476000025], [-8.210043693999978, 42.017582764999986], [-8.211549380000008, 42.014881496999976], [-8.215472507000015, 42.014653076], [-8.219393433999983, 42.01284961900001], [-8.221200072999977, 42.00992236500002], [-8.222707680999974, 42.00902147599999], [-8.223308961999976, 42.007444969000005], [-8.223004290999995, 42.005419609], [-8.225115925000011, 42.004968341999984], [-8.227827979999972, 42.00248980700002], [-8.230845405000025, 42.00248724300002], [-8.230844003000016, 42.00158697699999], [-8.232049900999982, 42.000910734], [-8.236276411000006, 42.00225736099998], [-8.237185364000027, 42.00450719899999], [-8.241414937999991, 42.007429108999986], [-8.240812561999974, 42.008104882], [-8.240816033999977, 42.010130480999976], [-8.242027828000005, 42.01283012099998], [-8.240823750999994, 42.01463180500002], [-8.239315886999975, 42.01530898599998], [-8.239317788999983, 42.016434316000016], [-8.244148723000023, 42.017554464], [-8.245659808000028, 42.01867830499998], [-8.248073126999998, 42.01800125], [-8.248372879999977, 42.01687561199998], [-8.247766384999977, 42.01530076400002], [-8.248668898999995, 42.01372438599998], [-8.250476735999996, 42.012147062], [-8.251985677999983, 42.01214549299999], [-8.255601004000027, 42.00899071800001], [-8.256201467999972, 42.00741403799998], [-8.258309796999981, 42.00538612999998], [-8.25890971199999, 42.003585498999996], [-8.261019660999978, 42.00245724199999], [-8.261017374999994, 42.00133191100002], [-8.263426148000008, 41.99885400699998], [-8.263721810999982, 41.995927807999976], [-8.261304456000005, 41.994129465000015], [-8.263715746999992, 41.99300194900002], [-8.264919713999973, 41.99165015699998], [-8.264607216000002, 41.98647342100003], [-8.265509387000009, 41.985121977999995], [-8.26489101300001, 41.97792055100001], [-8.26851052500001, 41.97791629300002], [-8.270617501999993, 41.975888715999986], [-8.271823471999994, 41.975662183], [-8.272724830000016, 41.97408504700002], [-8.274232869999992, 41.974083183999994], [-8.276046092000001, 41.97565694899998], [-8.277251524000008, 41.97520473200001], [-8.277853719999996, 41.97475439499999], [-8.277248955000005, 41.974079398000015], [-8.277244844999984, 41.97227886100001], [-8.279050803000018, 41.970701088], [-8.281161947999976, 41.970698357], [-8.281158256000026, 41.969122884], [-8.283868222000024, 41.96731934500002], [-8.283559679999996, 41.96439330700002], [-8.281445046999977, 41.96282117200002], [-8.285356050000019, 41.958989281000015], [-8.282034898999996, 41.957193700999994], [-8.28233217799999, 41.955392201999985], [-8.279614845000026, 41.95382026300001], [-8.280216299000017, 41.95314428400002], [-8.280210537000016, 41.95066853499998], [-8.281415471999992, 41.95021739399999], [-8.281413358999998, 41.949316563000025], [-8.28442289200001, 41.94706246800001], [-8.28562393499999, 41.94503468400001], [-8.285014503000014, 41.94233524200001], [-8.283506133000003, 41.94188654599998], [-8.284701718999997, 41.93760864500001], [-8.284988564999992, 41.93153139999998], [-8.282876043999977, 41.93040885300002], [-8.282570385999975, 41.92860870800001], [-8.281967072999976, 41.92838499300001], [-8.282265282000026, 41.92703418999997], [-8.28105763100001, 41.926134923000006], [-8.277137607999975, 41.925240255000006], [-8.277139144999978, 41.925914896999984], [-8.275634781999997, 41.92704271299999], [-8.273827451999978, 41.92749454599999], [-8.272925278000002, 41.928396496999994], [-8.270514139, 41.928399445000025], [-8.269005710999977, 41.927725495999994], [-8.267197853000027, 41.92795328], [-8.266596498000013, 41.92862863300002], [-8.263883012000008, 41.928182220999986], [-8.260570885999982, 41.92976147600001], [-8.256652685000006, 41.92976581800002], [-8.254544179999982, 41.930442742000025], [-8.252734911000005, 41.929994534], [-8.249414515000012, 41.927297173], [-8.24760618800002, 41.927299017999985], [-8.246097152000004, 41.92613110100001], [-8.24314039699999, 41.92590895400002], [-8.238320182999985, 41.92703889799998], [-8.236509646999991, 41.925690159], [-8.234399626000027, 41.92546700700001], [-8.233494053000015, 41.92456754300002], [-8.230177540999989, 41.92367017599997], [-8.229875130999972, 41.922995230000026], [-8.226256385999989, 41.92142280500002], [-8.217516336000017, 41.920979578000015], [-8.213903232000007, 41.923457998], [-8.212699470000018, 41.924809272000005], [-8.213007166000011, 41.929760563], [-8.211199614000009, 41.93043704399997], [-8.210599039999977, 41.932238009], [-8.212108652999973, 41.93426256999999], [-8.211511454000004, 41.93876435599998], [-8.212120024, 41.94326529099999], [-8.212724381999976, 41.944390204], [-8.214533189999997, 41.94438890499998], [-8.214534361000005, 41.94528917700001], [-8.216645867000011, 41.946187897000016], [-8.216654276999975, 41.952489791999994], [-8.216053054999975, 41.953840644000024], [-8.217862432999993, 41.95406436100001], [-8.217863955999974, 41.955189699000016], [-8.216658783000014, 41.955865803999984], [-8.216964225000027, 41.95879145499998], [-8.216362351999976, 41.95969217300001], [-8.214251864000005, 41.95991878500001], [-8.212145915999997, 41.96374643299998], [-8.205516052000007, 41.96757706400001], [-8.205216550999978, 41.96937780000002], [-8.20431230600002, 41.96982851400003], [-8.204313845000001, 41.97117892], [-8.203410582000004, 41.972529898000005], [-8.202204677999987, 41.972980785000004], [-8.201602954000009, 41.974331560999985], [-8.202509532000022, 41.975906474], [-8.20190902600001, 41.97838258799999], [-8.204022210999995, 41.979956738], [-8.201912498000013, 41.98153352899999], [-8.202818432000015, 41.98243323600002], [-8.202517784999998, 41.983333691999974], [-8.203725916999986, 41.984683338000025], [-8.203727190999984, 41.98580867200002], [-8.20191870299999, 41.987160198000026], [-8.202221122000026, 41.987835210000014], [-8.201016149999987, 41.98941141300003], [-8.20162099700002, 41.99076144000003], [-8.200717403999988, 41.99211238700002], [-8.201020571000015, 41.993462599], [-8.199814498000023, 41.99413852399999], [-8.201022781000006, 41.99548819199998], [-8.201327450000008, 41.99818879700001], [-8.194691361000025, 41.999993182000026], [-8.194692479000025, 42.001118510000026], [-8.193787492000013, 42.001344071999995], [-8.194090556999981, 42.00269429999997], [-8.192887706000022, 42.006971196999984], [-8.193793434999975, 42.00742083799997], [-8.193794974000014, 42.008996294999974], [-8.194398740999986, 42.00922102999999], [-8.194099841000025, 42.01214704199998], [-8.19289355699999, 42.013047957000026], [-8.19259284399999, 42.014173443000004], [-8.191386077999994, 42.014624212], [-8.191991812000026, 42.01687454299997], [-8.189578154999992, 42.01777605699999], [-8.189579220999974, 42.018945368999994]]]}}, {"type": "Feature", "properties": {"name": "Rio Vez", "subBasin": "Lima", "basin": "PT01_LIMA", "code": "PT01LIM0026"}, "geometry": {"type": "Polygon", "coordinates": [[[-8.257407195999974, 42.006738085999984], [-8.259824015999982, 42.008085817999984], [-8.275515491000021, 42.00784217900002], [-8.278539916, 42.010764225], [-8.282464677000007, 42.01143377699998], [-8.283673967000027, 42.012333015000024], [-8.284585282000023, 42.014807538000014], [-8.286094828999978, 42.01503058999998], [-8.289705270000013, 42.010524342999986], [-8.293929613999978, 42.01029282500002], [-8.296640374999981, 42.008263363000026], [-8.301163920000022, 42.00713144299999], [-8.303872511000009, 42.004426611999975], [-8.306888817000015, 42.003971921000016], [-8.309898775000022, 42.00126648999998], [-8.313820739999983, 42.00103527599998], [-8.315326191999986, 41.99990754800001], [-8.318947641000022, 42.00012677199999], [-8.318945658000018, 41.99945157500002], [-8.320149919000016, 41.99854933900002], [-8.32437272300001, 41.99809220399999], [-8.325882716000024, 41.99853979699998], [-8.327690301000018, 41.99763702199999], [-8.330406502000017, 41.99785742500001], [-8.333114181999974, 41.995376410000006], [-8.333110627999986, 41.99425107799999], [-8.335828860999982, 41.995146551000005], [-8.336728923999999, 41.99356947899997], [-8.339141813000026, 41.99334064300001], [-8.340645891999998, 41.991987513000026], [-8.345171316000005, 41.99197919400001], [-8.345771680999974, 41.991077245999975], [-8.34788122499998, 41.99039865499998], [-8.349994572000014, 41.99084423099998], [-8.351199006999991, 41.99016729599998], [-8.35269963899998, 41.98791318000002], [-8.362356497999997, 41.988795031999985], [-8.363859982999998, 41.987441596], [-8.36536834200001, 41.98743853799999], [-8.366571718999978, 41.986535247999996], [-8.366567576000023, 41.98540991700003], [-8.369882510000025, 41.98450337999998], [-8.371681457000022, 41.981573749000006], [-8.373185428, 41.980445255999996], [-8.37409461599998, 41.98156868199999], [-8.377412712000023, 41.98156163200002], [-8.380124006000017, 41.98065496100003], [-8.380722016999982, 41.97930325599998], [-8.384944894, 41.979294021999976], [-8.385248314000023, 41.979743488999986], [-8.385546373000011, 41.97884312100001], [-8.390675934, 41.97928124200001], [-8.391276457000004, 41.97860524499998], [-8.391882468999995, 41.979278514999976], [-8.393693195000026, 41.97949946799997], [-8.393699663999996, 41.981074933], [-8.394909945999984, 41.98197243999999], [-8.395219955000016, 41.983997348], [-8.395817679000004, 41.982646123999984], [-8.397321244000011, 41.98151731500002], [-8.399735340000007, 41.98173677400001], [-8.401240712000003, 41.98105748199998], [-8.403352198999983, 41.98105248500002], [-8.404260012000009, 41.98172609300002], [-8.407275484000024, 41.981493796999985], [-8.409392861000015, 41.98283908600001], [-8.413313309999978, 41.982604428], [-8.413913616999992, 41.981927180000014], [-8.416324772999985, 41.98147162999999], [-8.416019118000008, 41.98057155499998], [-8.417218624999975, 41.978993084000024], [-8.423249189999979, 41.97852829499999], [-8.427768403000016, 41.97739134], [-8.430174018999992, 41.97580960800002], [-8.431368856999995, 41.97333016499999], [-8.440418062999981, 41.97353116800002], [-8.441318513999988, 41.972629023000025], [-8.444030712000028, 41.972170948999974], [-8.448860755999988, 41.973057935999975], [-8.449459476000015, 41.972155999999984], [-8.450965216999975, 41.971701670000016], [-8.452160301999982, 41.96944764199998], [-8.455778182000017, 41.96921238300001], [-8.458183947999999, 41.96785513200001], [-8.462705272999983, 41.967392002], [-8.464507683000022, 41.966036359999976], [-8.464495956999997, 41.96378626799998], [-8.467802432999974, 41.96175042099998], [-8.474431663000018, 41.96083104600001], [-8.475027495000006, 41.95947884499998], [-8.481658845000027, 41.959008059999974], [-8.483461862000013, 41.957877752], [-8.488293871999986, 41.959213213], [-8.491895795000005, 41.956275473999995], [-8.492188424999995, 41.954699069000014], [-8.495193323000024, 41.95288901399999], [-8.495185640999978, 41.951538621], [-8.496686710999995, 41.95040849999998], [-8.496979195999984, 41.948832079], [-8.498179981000021, 41.94792796399997], [-8.49847371200002, 41.94657660799999], [-8.499371662999977, 41.945448381000006], [-8.50057624599998, 41.945219436], [-8.500558060000003, 41.942068518999974], [-8.502049681000017, 41.93936286799999], [-8.506563389999997, 41.93799776899999], [-8.505352387000016, 41.937101444999996], [-8.505037808999987, 41.93485177100001], [-8.503829506999978, 41.934405562999984], [-8.502910879000012, 41.93193277300003], [-8.503207053999972, 41.93103153200002], [-8.501696134999975, 41.930361213000026], [-8.501991015999977, 41.92923490499999], [-8.501088134999975, 41.92946289399998], [-8.501092035999989, 41.930138091], [-8.499583750999989, 41.929917878000026], [-8.496246564999979, 41.92610235500001], [-8.495937497, 41.924752918000024], [-8.493223863000026, 41.92453644699998], [-8.492004426999983, 41.92206451599998], [-8.488694486999975, 41.922975166000015], [-8.488398143999973, 41.923876371000006], [-8.486294797000028, 41.92500825600001], [-8.48660741499998, 41.92703291999999], [-8.485411838999994, 41.928837182999985], [-8.476075933999994, 41.93021606899998], [-8.474577382999996, 41.93179605900002], [-8.473064341999986, 41.930675228999974], [-8.469750110999996, 41.93091013600002], [-8.46793696100002, 41.93001519500001], [-8.461307346000012, 41.930259546], [-8.46010521400001, 41.93093821299999], [-8.460410089999982, 41.931612547999976], [-8.45860165099998, 41.93161772799999], [-8.456490656000028, 41.931398666999996], [-8.453461876000006, 41.928481304], [-8.452254052, 41.928034552999975], [-8.452248411000028, 41.92690921600001], [-8.450134235999997, 41.92601483599998], [-8.450129752999999, 41.92511456599999], [-8.448021234999999, 41.925345483], [-8.447411811999984, 41.923996742999975], [-8.445598061999988, 41.92287637700002], [-8.439568576, 41.922442613999976], [-8.438661240999977, 41.92176983899998], [-8.438656921000018, 41.92086956700001], [-8.436845561999974, 41.920199196], [-8.436247143000003, 41.92110107399998], [-8.433537046000026, 41.92155839600002], [-8.432640380999999, 41.923136254999974], [-8.43023154299999, 41.92359270600002], [-8.427510889000018, 41.921799204000024], [-8.424495214999979, 41.92135681899998], [-8.423585998000021, 41.92023378499999], [-8.421475502000021, 41.920014079], [-8.421768687999986, 41.91821276799999], [-8.416943161999995, 41.917324613999995], [-8.414834772999995, 41.917554920999976], [-8.413033653000014, 41.91913486300001], [-8.41274318699999, 41.92161135700002], [-8.411844033000023, 41.92273891899998], [-8.40883134400002, 41.92297132700003], [-8.407630736999977, 41.924099583999975], [-8.405820570999992, 41.92365379500001], [-8.405811888000017, 41.92162817500002], [-8.402488337000023, 41.91961045099998], [-8.40068022700001, 41.91961471399998], [-8.399769567000021, 41.918041346999985], [-8.397060268000018, 41.91872286199998], [-8.394948976000023, 41.91827758599999], [-8.393749125999989, 41.91963076100001], [-8.392543717000024, 41.919633508000004], [-8.392540043999986, 41.91873323300001], [-8.390732866000008, 41.91896239900001], [-8.389825185999996, 41.91806416200001], [-8.388921153000013, 41.918066193000016], [-8.388624327000002, 41.91919221500001], [-8.385915753000006, 41.92009853500002], [-8.385620652, 41.92167468399998], [-8.384720130999995, 41.922576959000025], [-8.381399822999981, 41.92123380999999], [-8.37778609999998, 41.921917397000016], [-8.377189425999973, 41.923494172999995], [-8.374781024000015, 41.92417395199999], [-8.37147687800001, 41.92710682400002], [-8.361833267000009, 41.92735164999999], [-8.359119161000024, 41.926907486999994], [-8.358217390999982, 41.92758392000002], [-8.354599131999976, 41.92714086900003], [-8.352189576, 41.92759566699999], [-8.350077536000015, 41.92692506100002], [-8.349168775999999, 41.925575803000015], [-8.344948690000024, 41.92535922299999], [-8.343147851000026, 41.92761269599998], [-8.34043680100001, 41.92806836699998], [-8.338323412000022, 41.926946842999996], [-8.338018388000023, 41.925821480000025], [-8.337117136000018, 41.92672394099998], [-8.334707466999987, 41.927177809], [-8.32897690499999, 41.925837392999995], [-8.326872719999983, 41.927641553], [-8.323258725000017, 41.928547928], [-8.322659296999973, 41.92967483799998], [-8.321152955000002, 41.92990184500002], [-8.318136305999985, 41.92900651100001], [-8.317229499999996, 41.92810826599998], [-8.315722532999985, 41.928110694], [-8.312401468000019, 41.92608978499999], [-8.311190872999987, 41.92429113100002], [-8.309080618999985, 41.92406990799998], [-8.307574983999984, 41.92452180499998], [-8.307578700000022, 41.925872217999995], [-8.30457278, 41.92880269400001], [-8.299751026000024, 41.929034935000004], [-8.296431606999988, 41.927464267999994], [-8.293718538000007, 41.927243067000006], [-8.290111939999974, 41.931299362999994], [-8.284686083999986, 41.931082229000026], [-8.284701718999997, 41.93760864500001], [-8.283506133000003, 41.94188654599998], [-8.285014503000014, 41.94233524200001], [-8.28562393499999, 41.94503468400001], [-8.28442289200001, 41.94706246800001], [-8.281413358999998, 41.949316563000025], [-8.281415471999992, 41.95021739399999], [-8.280210537000016, 41.95066853499998], [-8.280216299000017, 41.95314428400002], [-8.279613801999972, 41.95337012900001], [-8.28233217799999, 41.955392201999985], [-8.282034898999996, 41.957193700999994], [-8.285356050000019, 41.958989281000015], [-8.281445046999977, 41.96282117200002], [-8.283559679999996, 41.96439330700002], [-8.283868222000024, 41.96731934500002], [-8.281158256000026, 41.969122884], [-8.281161947999976, 41.970698357], [-8.279050803000018, 41.970701088], [-8.277244844999984, 41.97227886100001], [-8.277248955000005, 41.974079398000015], [-8.277853719999996, 41.97475439499999], [-8.277251524000008, 41.97520473200001], [-8.276046092000001, 41.97565694899998], [-8.274232869999992, 41.974083183999994], [-8.272724830000016, 41.97408504700002], [-8.271823471999994, 41.975662183], [-8.270617501999993, 41.975888715999986], [-8.26851052500001, 41.97791629300002], [-8.26489101300001, 41.97792055100001], [-8.265509387000009, 41.985121977999995], [-8.264607216000002, 41.98647342100003], [-8.264919713999973, 41.99165015699998], [-8.263715746999992, 41.99300194900002], [-8.261304456000005, 41.994129465000015], [-8.263419165000016, 41.99547745900003], [-8.263725543000021, 41.99772833100002], [-8.26312535400001, 41.99930448800001], [-8.261017374999994, 42.00133191100002], [-8.261019660999978, 42.00245724199999], [-8.25890971199999, 42.003585498999996], [-8.257407195999974, 42.006738085999984]]]}}, {"type": "Feature", "properties": {"name": "Albufeira do Alto Lindoso", "subBasin": "Lima", "basin": "PT01_LIMA", "code": "PT01LIM0028"}, "geometry": {"type": "Polygon", "coordinates": [[[-8.03820656900001, 41.92142500199998], [-8.039107098999978, 41.923901478999994], [-8.042723607000028, 41.923904307999976], [-8.04603724399999, 41.92503214200002], [-8.046034249000002, 41.92728282600001], [-8.045129167000027, 41.92795736099998], [-8.045124322999982, 41.931558454000026], [-8.042709605000027, 41.93403237899997], [-8.042405369999983, 41.93605775999998], [-8.038785247000021, 41.938080532000015], [-8.03908506800002, 41.93920611300001], [-8.033954635999976, 41.94302806000002], [-8.033952924999994, 41.944153399000015], [-8.034857337999995, 41.944154157000014], [-8.034253373000013, 41.944828855000026], [-8.036060211000006, 41.94618076699999], [-8.035746973000016, 41.954057885], [-8.036652526000012, 41.953383427999995], [-8.038160101000017, 41.95338465200001], [-8.039669930999992, 41.95181038499999], [-8.04117746999998, 41.95181157000002], [-8.044797992999975, 41.95001379299998], [-8.049023026999976, 41.94686592599999], [-8.052641113999982, 41.94664337500001], [-8.054752568000026, 41.945744519000016], [-8.056563013000016, 41.94439529499999], [-8.05686631499998, 41.942820014999995], [-8.058072431000028, 41.94259571600003], [-8.063799528999994, 41.94327439900002], [-8.064703228999974, 41.943950126999994], [-8.067416234999996, 41.94417672100002], [-8.068319765000012, 41.94507748699999], [-8.074952016999987, 41.945305967000024], [-8.078868815000021, 41.94823368599998], [-8.080680411999992, 41.94485847200002], [-8.080983824999976, 41.942382857999974], [-8.088523070000008, 41.938334655000006], [-8.08943003500002, 41.93428375899998], [-8.090032882999992, 41.93428397399998], [-8.089732186999981, 41.933158526], [-8.092446037999991, 41.93135891700001], [-8.092447531999994, 41.92888316599999], [-8.094859604000021, 41.92730846799998], [-8.094860112999982, 41.926408193999976], [-8.097272033000024, 41.924833444], [-8.099081430000012, 41.922583273999976], [-8.099082893999991, 41.919657382000025], [-8.102097759999992, 41.916732282], [-8.101797039000019, 41.915381793999984], [-8.103303708999988, 41.91538216499998], [-8.103907237999977, 41.91335668800002], [-8.105715362000012, 41.912906959], [-8.105715808000014, 41.911781614999995], [-8.106318617999989, 41.911331605999976], [-8.10812626400002, 41.91200718499999], [-8.111440902000027, 41.91155765299999], [-8.111742014000015, 41.91223291], [-8.119576379000023, 41.911783807999996], [-8.120781535999981, 41.91245912699998], [-8.122287916999994, 41.914034731000015], [-8.122287637999989, 41.916060351], [-8.12379419299998, 41.917185797], [-8.126204807000022, 41.91876140099998], [-8.12891695799999, 41.91853640900001], [-8.128916928000024, 41.919436684000004], [-8.130725042999984, 41.919436700000006], [-8.13072503799998, 41.92011190599999], [-8.132533180999985, 41.920562030999974], [-8.132834616000025, 41.92348791799998], [-8.134040100999982, 41.92348789099998], [-8.136752638000019, 41.92573847], [-8.138560874999996, 41.92528822700001], [-8.138561084000003, 41.927088775000016], [-8.139465366000024, 41.927988984000024], [-8.140972499999975, 41.92911420399997], [-8.144288011000015, 41.92978907000003], [-8.147905525999988, 41.932489411000006], [-8.150016682, 41.936765374000004], [-8.152126640999995, 41.936539935999974], [-8.152127011000005, 41.93766527600002], [-8.153634986999975, 41.939915668000026], [-8.154539413000009, 41.94014055399998], [-8.155444358000011, 41.94171583999997], [-8.157856759000026, 41.94351584399999], [-8.160270525999977, 41.94801660799999], [-8.162984232999975, 41.948691086999986], [-8.163588010000012, 41.950266392], [-8.165699214000028, 41.951616177999995], [-8.169316305999985, 41.950039554], [-8.17052117999998, 41.94823860499997], [-8.171425639999995, 41.94823828900002], [-8.172329085000001, 41.94666249400001], [-8.17353470400002, 41.94621191900001], [-8.172931603999984, 41.945987073000026], [-8.172628959999997, 41.94418664], [-8.175945575000014, 41.94486059500002], [-8.177150648999998, 41.94373477800002], [-8.178051912, 41.93945812200002], [-8.177749321000022, 41.937882769], [-8.18076195499998, 41.93563082200001], [-8.180459488999986, 41.934280543], [-8.183471858000019, 41.93202852500002], [-8.183770494999976, 41.92865236099999], [-8.185276897999984, 41.927976453999975], [-8.185275757, 41.926626043], [-8.185878143000025, 41.92617561999998], [-8.191001648999986, 41.92617305700003], [-8.191603989999976, 41.925722603999986], [-8.193108282000026, 41.92302097800001], [-8.19401194400001, 41.92257034900001], [-8.195213134000028, 41.91829337799999], [-8.201843232999977, 41.91873962], [-8.204556647999993, 41.91986325900001], [-8.207272029000023, 41.92256231499999], [-8.209382136999977, 41.92301103199998], [-8.208784851000019, 41.927512810999986], [-8.208182884999985, 41.928188422999995], [-8.209992621000026, 41.929312536], [-8.210296518000007, 41.931337944999996], [-8.211801852000008, 41.92998648499997], [-8.213007166000011, 41.929760563], [-8.212699470000018, 41.924809272000005], [-8.217516336000017, 41.920979578000015], [-8.226256385999989, 41.92142280500002], [-8.229875130999972, 41.922995230000026], [-8.230177540999989, 41.92367017599997], [-8.233494053000015, 41.92456754300002], [-8.234399626000027, 41.92546700700001], [-8.236509646999991, 41.925690159], [-8.238320182999985, 41.92703889799998], [-8.24314039699999, 41.92590895400002], [-8.24615461000002, 41.92613104399999], [-8.243437840000013, 41.923657975000026], [-8.242828831999987, 41.92005746500001], [-8.239510143000018, 41.917809954000006], [-8.238606113999992, 41.917810804], [-8.238601216000006, 41.91488490900002], [-8.237696106999977, 41.91421054599999], [-8.237693864999983, 41.91286013199999], [-8.235279290999983, 41.910386585000026], [-8.235579135000023, 41.909486034999986], [-8.234673045000022, 41.908136438999975], [-8.231353148999972, 41.904538274000004], [-8.231350690999989, 41.902962790000004], [-8.234055660000024, 41.898909143000026], [-8.233447415, 41.895308571999976], [-8.232239631000027, 41.893509084000016], [-8.232538728999998, 41.89215840000003], [-8.230125824000027, 41.890134879000016], [-8.230124783999997, 41.88945966900002], [-8.228618048999977, 41.88901082000001], [-8.228616683999974, 41.888110541], [-8.22560497500001, 41.88833813100001], [-8.22560431300002, 41.887887992], [-8.224097973000028, 41.887664153], [-8.22319565700002, 41.888565160999974], [-8.219581493000021, 41.88879307600001], [-8.217173041000024, 41.88969518900001], [-8.214159762999998, 41.88879713], [-8.213554171999988, 41.886321796999994], [-8.212046493000003, 41.88497245100001], [-8.209937615000001, 41.884523779999995], [-8.209934853999982, 41.882273080000004], [-8.211740220000024, 41.88092140399999], [-8.212039123000011, 41.87912063099998], [-8.204204305000019, 41.87507462799999], [-8.204203538000002, 41.87439941700001], [-8.202093819000027, 41.872825249000016], [-8.202391956999975, 41.870124218], [-8.198777333999999, 41.869001056], [-8.19937741199999, 41.86697506399997], [-8.196665171000006, 41.86472594000003], [-8.196965342999988, 41.86382548500001], [-8.19395179899999, 41.86112632700002], [-8.193950039000015, 41.85932576099998], [-8.193046181, 41.858651039999984], [-8.192743821000022, 41.85730077699998], [-8.196052979000001, 41.85482316600002], [-8.197557988000028, 41.854597232], [-8.197555663000003, 41.852346521000015], [-8.198757678999982, 41.850320176000025], [-8.198755786999982, 41.848519606000025], [-8.202359537999996, 41.840864986999975], [-8.202358790000005, 41.840189771999974], [-8.200551211000004, 41.83861538000002], [-8.194230785999991, 41.83861903899998], [-8.193928934999974, 41.83771891700002], [-8.194825376999972, 41.83119133500003], [-8.193319599999995, 41.83006680300002], [-8.192113948999975, 41.82804180199997], [-8.192111816000022, 41.82579107999999], [-8.190906702999996, 41.824216208999985], [-8.191505982000024, 41.821515025], [-8.189999668999974, 41.81949015599997], [-8.193005473000028, 41.816337551000004], [-8.193003094999995, 41.81386175099999], [-8.195108647999973, 41.813410447000024], [-8.193302215000017, 41.81206100600002], [-8.193300912999973, 41.81071056899998], [-8.190893757000026, 41.810261705000016], [-8.19029145899998, 41.80958679899999], [-8.184878837999975, 41.81251541900002], [-8.18277288500002, 41.812516389999985], [-8.179161172000022, 41.810492306000015], [-8.179160333000027, 41.809366942], [-8.177053521000005, 41.80801736900003], [-8.173744397999997, 41.808018651], [-8.17314376600001, 41.809594385000025], [-8.171640147000005, 41.81049522000001], [-8.171941415999981, 41.81117033100003], [-8.171039023999981, 41.81139572400002], [-8.170438568999998, 41.81342158899997], [-8.169235415999992, 41.81387214199998], [-8.168333754999992, 41.815447948999974], [-8.165927206999982, 41.81612392699998], [-8.165627303000008, 41.817924600000026], [-8.162619645000007, 41.82017619700002], [-8.162319738999997, 41.822201932999974], [-8.162922197, 41.82355220199997], [-8.16232050299999, 41.823777440000015], [-8.162320937999993, 41.82467773000002], [-8.159312553999996, 41.82625402000002], [-8.154800323000018, 41.830306346999976], [-8.15419902100001, 41.83188197599998], [-8.154500532999975, 41.83345741800002], [-8.153296817000012, 41.83368273100001], [-8.153297669999972, 41.836158522999995], [-8.149686655999972, 41.83795974499998], [-8.149086160000024, 41.843136491999985], [-8.147882185000014, 41.84313667700002], [-8.147882360999972, 41.84381189099997], [-8.146678536000024, 41.844487277999974], [-8.146678752000014, 41.84538756500001], [-8.143368088999978, 41.847413614999994], [-8.142766590000008, 41.85033960700002], [-8.134337829000003, 41.850565242000016], [-8.130725460999997, 41.85394136399998], [-8.130725456999983, 41.854616577], [-8.128618085000028, 41.85551684000001], [-8.127714782999988, 41.85821767099998], [-8.125005027999975, 41.86001813299998], [-8.125305874999981, 41.86249392799999], [-8.126510230999997, 41.862268907999976], [-8.127413443000023, 41.86294415200001], [-8.127413260000026, 41.86609514100002], [-8.126810904000024, 41.868345827999974], [-8.124702823999996, 41.87127165200002], [-8.125003756000012, 41.87329730099998], [-8.124100274, 41.87397246299997], [-8.124100150999993, 41.875097815000004], [-8.12470241699998, 41.875322918999984], [-8.124702280999998, 41.876673341000014], [-8.123196244999974, 41.878923953000026], [-8.119280721999985, 41.881174327], [-8.117172416000017, 41.88162423599999], [-8.11717226799999, 41.882299445], [-8.116268681999998, 41.88252440500003], [-8.115967237000007, 41.88364971599998], [-8.115063571000007, 41.88409973500001], [-8.115063064000026, 41.886125365], [-8.111749977999978, 41.885899791999975], [-8.109339725999973, 41.88792499599998], [-8.105423974000018, 41.88814926700002], [-8.105121945999997, 41.89017482700001], [-8.104218016000004, 41.890849831000025], [-8.104518955000003, 41.891525108999986], [-8.105422620000013, 41.89152531299999], [-8.105422169000008, 41.892650661000005], [-8.104819529999986, 41.89310066500002], [-8.098493259999998, 41.893999339000004], [-8.094576328000016, 41.895573657], [-8.092167086000018, 41.894447523999986], [-8.089457865999975, 41.89152067600003], [-8.084337747000006, 41.890618441000015], [-8.084339720000003, 41.887917604999984], [-8.083135742000024, 41.88679176300002], [-8.083438618000002, 41.884541188000014], [-8.082836239000017, 41.884540938999976], [-8.082535733999975, 41.883640533999994], [-8.082538978000002, 41.87936420400001], [-8.081033330000025, 41.87913849199998], [-8.080431891999979, 41.87801287899998], [-8.078625864000003, 41.876886722999984], [-8.077421061999985, 41.87711123899999], [-8.07651875099998, 41.875760395999976], [-8.074110769000015, 41.87440881200001], [-8.074413305999997, 41.87283346800001], [-8.071704350999994, 41.87148168499999], [-8.070501116999992, 41.87013063799998], [-8.070502181999984, 41.869005286000004], [-8.071707483000012, 41.86810562900001], [-8.071709988999999, 41.86540478400002], [-8.06990424999998, 41.86450355900001], [-8.069303364000007, 41.86315281499998], [-8.068400536000013, 41.862702187000025], [-8.068101221999996, 41.860901458], [-8.067198659999974, 41.86022575099997], [-8.06690164600002, 41.85617430999997], [-8.063893446000009, 41.85392188899999], [-8.062692868, 41.850545118000014], [-8.061188947000005, 41.849418861000004], [-8.061190176000025, 41.848293505000015], [-8.059387588999982, 41.845141402000024], [-8.059089367000013, 41.84266543000001], [-8.057285224999987, 41.841088791000004], [-8.056385681999984, 41.838162281999985], [-8.054881894999994, 41.837261012], [-8.054883769000014, 41.835685512], [-8.05368020100002, 41.83545963900002], [-8.053381426999977, 41.83365886399997], [-8.052178733999995, 41.83275776099998], [-8.052180120000003, 41.831632402000025], [-8.051277574999972, 41.83140671000001], [-8.051279538000017, 41.82983120799997], [-8.049474797000016, 41.82915473100002], [-8.04887495700001, 41.827578801000016], [-8.047371517999977, 41.826677433999976], [-8.047072662999994, 41.82510171199999], [-8.045870509999986, 41.823975469000004], [-8.041053942000019, 41.82509728100001], [-8.041654818999973, 41.825772975999996], [-8.041350764000015, 41.82802334399997], [-8.039846135999994, 41.828022272], [-8.039542487999995, 41.830272643], [-8.04074496200002, 41.831173878000016], [-8.040744010000026, 41.83184909300002], [-8.043451265999977, 41.83275146699998], [-8.043450034999978, 41.83365175300003], [-8.044352279999998, 41.83410257899999], [-8.044952070000022, 41.835678529000006], [-8.04555399100002, 41.835678976999986], [-8.045549784999992, 41.83882997699999], [-8.04675279899999, 41.83950607700001], [-8.046751019999988, 41.84085650499998], [-8.04855403099998, 41.84310852300001], [-8.048552582000013, 41.84423387800001], [-8.049454723999986, 41.844909734], [-8.05005416900002, 41.84693579899999], [-8.052460064999991, 41.84873803300002], [-8.05335848499999, 41.85256485000002], [-8.055162585000005, 41.85436662000001], [-8.05515911499998, 41.85729254], [-8.057265248000022, 41.858419260999995], [-8.059067345000017, 41.86224660200003], [-8.061172725999995, 41.864273533000016], [-8.061471128999983, 41.86674948899997], [-8.062973544999977, 41.869676302000016], [-8.064177083999994, 41.87057728799999], [-8.066280849999998, 41.87462975400001], [-8.067785674999982, 41.87553086899999], [-8.068385324000019, 41.87823203900001], [-8.070491740000023, 41.880033723999986], [-8.070489822000013, 41.88205935399998], [-8.073198590000004, 41.88408637200001], [-8.073497345000021, 41.88678736100002], [-8.075303956000027, 41.887463457000024], [-8.075302975999989, 41.88858880499998], [-8.078011984, 41.89084077899997], [-8.077105857999982, 41.89376626400002], [-8.077706071000023, 41.89646737800001], [-8.077102820999983, 41.89736737499999], [-8.078006010000024, 41.89804300200001], [-8.078005075000021, 41.89916834899998], [-8.07710092100001, 41.899618067999995], [-8.076495518999991, 41.902993822999974], [-8.073782219000009, 41.90501813100002], [-8.068961860999991, 41.904790569], [-8.066251890999979, 41.90321359400002], [-8.063540391000004, 41.90321204000003], [-8.063239591000013, 41.902761725000005], [-8.05691254200002, 41.902982899999984], [-8.055709028000024, 41.901631705], [-8.052395054999977, 41.901629491999984], [-8.047578543999975, 41.898700202999976], [-8.044264107000004, 41.89914789300002], [-8.03824546200002, 41.89464181400001], [-8.035836565000011, 41.89396463999998], [-8.035839916999976, 41.89171394700003], [-8.034937259999992, 41.89103798899998], [-8.030417176000014, 41.89215947600002], [-8.030114884, 41.892834420999975], [-8.028307504999987, 41.89283282299999], [-8.026503072000025, 41.891030641999976], [-8.026810528999988, 41.887204736], [-8.021091539999986, 41.88494872000001], [-8.021094635999987, 41.88314816500002], [-8.021999721999975, 41.882248746000016], [-8.021399678000023, 41.880897757000014], [-8.020496935999972, 41.88044675499998], [-8.020800435000012, 41.87909662599998], [-8.019596950999983, 41.878420258000006], [-8.019298541000012, 41.876844479], [-8.018094720000022, 41.87639316399998], [-8.017795558999978, 41.87526752000002], [-8.015689560999988, 41.87414007899997], [-8.014783274000024, 41.87571465899998], [-8.012072933000013, 41.87571189099998], [-8.010865799999976, 41.87706105699999], [-8.009359594999978, 41.87728454500001], [-8.008157562000008, 41.87593284799999], [-8.004544205000002, 41.875703864], [-8.003943247999985, 41.875027992000014], [-7.998826559000008, 41.87367180899997], [-7.997021607000022, 41.872769441], [-7.994619243999978, 41.86961563699998], [-7.989203068999984, 41.86780852700002], [-7.988600845000008, 41.86780778399998], [-7.987995602000012, 41.869157454], [-7.985586145000013, 41.869379503000005], [-7.985584098999993, 41.87027978100002], [-7.983475938000026, 41.87027717199999], [-7.980761366000024, 41.87229921300002], [-7.979557366999984, 41.87207256400001], [-7.977747339000018, 41.87342058600001], [-7.975939965000009, 41.873643233999985], [-7.975636638000026, 41.874543104], [-7.97714073100002, 41.875220335999984], [-7.977734393999981, 41.87882224499998], [-7.977128816999993, 41.880171854000025], [-7.977727920000007, 41.88152307299998], [-7.980432147999977, 41.88422747999999], [-7.980730162999976, 41.88557828699999], [-7.982534722000025, 41.88670597999999], [-7.983132958999988, 41.88850730799999], [-7.985542122000027, 41.88873545000001], [-7.988548711000021, 41.89121497899998], [-7.990657267000017, 41.891217573000006], [-7.9915594610000085, 41.89189387800002], [-7.991255282999987, 41.893243927000015], [-7.990351093000015, 41.89346789299998], [-7.990343661999987, 41.896843924999985], [-7.99124544, 41.897745301999976], [-7.9915417810000235, 41.899996353999995], [-7.993347906999986, 41.90067373599999], [-7.9933416040000225, 41.903599627000006], [-7.995146415000022, 41.90495218799998], [-7.996652375999986, 41.905179024999995], [-7.996650955999996, 41.90585423099998], [-7.997854244999985, 41.90675590699999], [-7.99815086000001, 41.90900694200002], [-8.002970855000001, 41.909462546999976], [-8.004178767999974, 41.90811346999999], [-8.007495264, 41.906991732999984], [-8.008698728000013, 41.907893296], [-8.01080783399999, 41.90789551900002], [-8.011409172000015, 41.90857135300001], [-8.012314754999977, 41.90767201400001], [-8.01231726399999, 41.90632160199999], [-8.013524503999975, 41.90519749499998], [-8.01924858000001, 41.90542826400002], [-8.020145419000016, 41.90948037700002], [-8.019538876000013, 41.911730481000006], [-8.020441661999996, 41.91240656000002], [-8.020139169000004, 41.91308147500001], [-8.020741430999976, 41.91330712299998], [-8.02223963199998, 41.918260062], [-8.023445029000015, 41.918261195000014], [-8.024350957000024, 41.91713669500001], [-8.024952896999991, 41.917587388000015], [-8.030075785000008, 41.917591992999974], [-8.031281523000018, 41.91736797599998], [-8.031885609000028, 41.91646822299998], [-8.034898677000001, 41.91669584599998], [-8.035500013999979, 41.91759662200002], [-8.037307759999976, 41.917823175000024], [-8.037306768999997, 41.918498381000006], [-8.038511192999977, 41.91917456099998], [-8.03820656900001, 41.92142500199998]]]}}, {"type": "Feature", "properties": {"name": "Rio \u00c1zere", "subBasin": "Lima", "basin": "PT01_LIMA", "code": "PT01LIM0029"}, "geometry": {"type": "Polygon", "coordinates": [[[-8.291614469000024, 41.929497278999975], [-8.293718538000007, 41.927243067000006], [-8.296431606999988, 41.927464267999994], [-8.299751026000024, 41.929034935000004], [-8.30457278, 41.92880269400001], [-8.307578700000022, 41.925872217999995], [-8.307574983999984, 41.92452180499998], [-8.309080618999985, 41.92406990799998], [-8.311190872999987, 41.92429113100002], [-8.312401468000019, 41.92608978499999], [-8.315722532999985, 41.928110694], [-8.317229499999996, 41.92810826599998], [-8.318136305999985, 41.92900651100001], [-8.321152955000002, 41.92990184500002], [-8.322659296999973, 41.92967483799998], [-8.323258725000017, 41.928547928], [-8.326872719999983, 41.927641553], [-8.32897690499999, 41.925837392999995], [-8.334707466999987, 41.927177809], [-8.337117136000018, 41.92672394099998], [-8.338018388000023, 41.925821480000025], [-8.338323412000022, 41.926946842999996], [-8.34043680100001, 41.92806836699998], [-8.343147851000026, 41.92761269599998], [-8.344948690000024, 41.92535922299999], [-8.349168775999999, 41.925575803000015], [-8.350077536000015, 41.92692506100002], [-8.352189576, 41.92759566699999], [-8.354599131999976, 41.92714086900003], [-8.358217390999982, 41.92758392000002], [-8.359119161000024, 41.926907486999994], [-8.361833267000009, 41.92735164999999], [-8.37147687800001, 41.92710682400002], [-8.374781024000015, 41.92417395199999], [-8.377189425999973, 41.923494172999995], [-8.37778609999998, 41.921917397000016], [-8.379594282000028, 41.921913501999995], [-8.381700307000017, 41.921008648], [-8.382900432999975, 41.91965503799997], [-8.383492508000018, 41.916952888000026], [-8.386204566000004, 41.91694690000003], [-8.387405425999987, 41.915818874000024], [-8.387991863000025, 41.911766847000024], [-8.387384734000022, 41.910642843999995], [-8.387668930000018, 41.90636585499999], [-8.385854040000027, 41.904569321], [-8.386439584000016, 41.900291666999976], [-8.387033132999989, 41.89803907800001], [-8.390340531999982, 41.89645617000002], [-8.390938464999977, 41.895329464999975], [-8.39062267700001, 41.89172961100002], [-8.39302693899998, 41.890373728999975], [-8.393620166999995, 41.88812110399999], [-8.394822213999987, 41.887443701999985], [-8.39481112599998, 41.88474287299999], [-8.397215039999992, 41.88338690299997], [-8.397512486999972, 41.882485368000005], [-8.399317671000006, 41.88203102199998], [-8.399605682000015, 41.87887991600002], [-8.402309476000028, 41.877298059], [-8.403505498000015, 41.87526902000002], [-8.406211939000002, 41.874362838000025], [-8.407109556000023, 41.87301025300002], [-8.410117949999972, 41.872327197999994], [-8.412226841000006, 41.87254768499997], [-8.413127267999982, 41.87186969700002], [-8.413124308000022, 41.87119504999998], [-8.414026686, 41.87096719499999], [-8.414320869999983, 41.869390968999994], [-8.413712701000009, 41.86804203899999], [-8.413995983000007, 41.86399061100002], [-8.416702797000028, 41.86330812800003], [-8.417300966000028, 41.862406910000004], [-8.420007675000022, 41.861724348999985], [-8.420305718999998, 41.861048944000004], [-8.418796309000015, 41.860152450999976], [-8.417882048000024, 41.857678384999986], [-8.416373753000016, 41.857007493000026], [-8.414870446999998, 41.85746080199999], [-8.413359217999982, 41.85611409699999], [-8.41004958100001, 41.85657233500001], [-8.409142522000025, 41.85567481099997], [-8.407336213999997, 41.85567917399999], [-8.406434020999995, 41.85590585199998], [-8.406438842, 41.857031764], [-8.404036104999989, 41.85838793800002], [-8.397104171000024, 41.856603069000016], [-8.396204716, 41.857505436999986], [-8.392294585999991, 41.85841525000001], [-8.39078472, 41.857293312000024], [-8.386570775999985, 41.857527274000006], [-8.386564518, 41.85595178400001], [-8.384754645999976, 41.855055506999975], [-8.382952756999998, 41.856184832], [-8.380845377000014, 41.856189434999976], [-8.378735398000003, 41.85551935000001], [-8.378430880999986, 41.85461915600001], [-8.37752687699998, 41.854396588999975], [-8.371813734, 41.85620872200002], [-8.370913089999988, 41.856886384000006], [-8.370922318999988, 41.859361595999985], [-8.368517915999973, 41.86049194999998], [-8.368821490000016, 41.86116709999999], [-8.367619655999988, 41.86184423499998], [-8.367322711999975, 41.86297076699998], [-8.365517830999977, 41.863424049], [-8.36461783599998, 41.86432672900003], [-8.362510181999994, 41.86433099599998], [-8.361010351000004, 41.86590951199997], [-8.359805947999973, 41.865911916000016], [-8.358004902999994, 41.867490988999975], [-8.355897147999997, 41.86749513400002], [-8.355894784999975, 41.86681936100001], [-8.351676226999984, 41.86592781899998], [-8.350769845999992, 41.865028704999986], [-8.348364116000027, 41.86593413200001], [-8.347155924999981, 41.86481048799999], [-8.341131073999975, 41.86392138000002], [-8.336624044000018, 41.86685546299998], [-8.335118521000027, 41.866858148000006], [-8.330005990000018, 41.86889332099997], [-8.328505936999989, 41.87069591699998], [-8.325188824999998, 41.86912607199997], [-8.324594715999979, 41.871828490999974], [-8.323393563000025, 41.872955865999984], [-8.317374787999995, 41.87431621000002], [-8.313168371000017, 41.87769901899998], [-8.312877389999983, 41.881300049000004], [-8.310469255999976, 41.881754539999974], [-8.31077357800001, 41.88287941700003], [-8.310172469000008, 41.883330496999974], [-8.312583840999991, 41.88400136299998], [-8.312597185000016, 41.888728386000025], [-8.315010072000007, 41.889849336], [-8.314108992000001, 41.89075162099999], [-8.31411155500001, 41.89165189800002], [-8.314714643999991, 41.89187600499997], [-8.31471978799999, 41.89367655900003], [-8.315322895999998, 41.893900101999975], [-8.315327410999998, 41.895475585999975], [-8.316233728999975, 41.89637497299998], [-8.315936366000017, 41.89772587300001], [-8.312927676000015, 41.899081093999996], [-8.30991573, 41.89931088999998], [-8.307510605000004, 41.901114604999975], [-8.301490644000012, 41.903149321], [-8.299085159000015, 41.90495399100001], [-8.299089874999993, 41.90675398399998], [-8.29758984099999, 41.90923250399999], [-8.297592759999986, 41.910357284999975], [-8.300615946999983, 41.91417905999998], [-8.300618922000012, 41.915304967], [-8.297611452000012, 41.91755949899999], [-8.294599184999981, 41.91801452599998], [-8.294304710999995, 41.920715782], [-8.293703138000012, 41.92116677400003], [-8.288582792, 41.92229924899999], [-8.285875405000013, 41.924327988000016], [-8.286484694000023, 41.927028565], [-8.287992728999996, 41.927476092000006], [-8.290107476999992, 41.929499373], [-8.291614469000024, 41.929497278999975]]]}}, {"type": "Feature", "properties": {"name": "Rio Adr\u00e3o", "subBasin": "Lima", "basin": "PT01_LIMA", "code": "PT01LIM0030"}, "geometry": {"type": "Polygon", "coordinates": [[[-8.282876043999977, 41.93040885300002], [-8.289509683000006, 41.93152526199998], [-8.290713632999996, 41.930848390999984], [-8.291614469000024, 41.929497278999975], [-8.290107476999992, 41.929499373], [-8.287992728999996, 41.927476092000006], [-8.286484694000023, 41.927028565], [-8.285875405000013, 41.924327988000016], [-8.288582792, 41.92229924899999], [-8.293703138000012, 41.92116677400003], [-8.294304710999995, 41.920715782], [-8.294599184999981, 41.91801452599998], [-8.297611452000012, 41.91755949899999], [-8.300618922000012, 41.915304967], [-8.300615946999983, 41.91417905999998], [-8.297592759999986, 41.910357284999975], [-8.29758984099999, 41.90923250399999], [-8.299089874999993, 41.90675398399998], [-8.299085746999992, 41.90517849600002], [-8.297278043999995, 41.90518112400002], [-8.295163306000006, 41.902933458999996], [-8.292450147000011, 41.90226209299999], [-8.291845351999996, 41.90136265699999], [-8.290337908000026, 41.90091461600002], [-8.286725467999986, 41.90204491899999], [-8.286422019999975, 41.90114504500002], [-8.284614438000006, 41.90114747199999], [-8.283708493000006, 41.900248401], [-8.281901461000018, 41.90047585999997], [-8.277078715000016, 41.89935673299999], [-8.277677127999993, 41.897555419000014], [-8.275566368, 41.89665781000002], [-8.274960351000004, 41.895083080999996], [-8.273150438000016, 41.89395997899999], [-8.272243289000016, 41.89238561000002], [-8.268324012999983, 41.89081486499998], [-8.26832065100001, 41.889239385999986], [-8.265606945000002, 41.887892169], [-8.26439792299999, 41.88586794600002], [-8.262590762999992, 41.88587002600002], [-8.263486003000025, 41.88181772899998], [-8.265887856999996, 41.878213801000015], [-8.264379734999977, 41.877090210999995], [-8.263773712999978, 41.87529034900001], [-8.26376396500001, 41.87056387299998], [-8.26466687300001, 41.87033775399999], [-8.26345960399999, 41.868988720999994], [-8.261050235000027, 41.868766403999985], [-8.259843531000001, 41.867642408999984], [-8.259536125000011, 41.864491757999986], [-8.257724694999979, 41.86201798100001], [-8.256221041999993, 41.862919917], [-8.253511683999989, 41.86314791199999], [-8.251106768999989, 41.86517608899999], [-8.25020347200001, 41.86517703499999], [-8.250208467999983, 41.86787787499998], [-8.24810438999998, 41.86990567800001], [-8.24780612699999, 41.871481475999985], [-8.246000981000009, 41.872383582], [-8.245701854999993, 41.87350923700001], [-8.240886752999984, 41.875314505000006], [-8.240889434999985, 41.87688999400001], [-8.239084033999973, 41.877791989], [-8.239088191000008, 41.88026775899999], [-8.237884641999983, 41.880944098999976], [-8.237888379000026, 41.88319479500001], [-8.236084235000021, 41.88499702299998], [-8.235484768999981, 41.88679812700002], [-8.231874987000026, 41.889727263], [-8.231332081999994, 41.89103411000002], [-8.232538728999998, 41.89215840000003], [-8.232239631000027, 41.893509084000016], [-8.233447415, 41.895308571999976], [-8.234055660000024, 41.898909143000026], [-8.231350690999989, 41.902962790000004], [-8.231353148999972, 41.904538274000004], [-8.234673045000022, 41.908136438999975], [-8.235579135000023, 41.909486034999986], [-8.235279290999983, 41.910386585000026], [-8.237693864999983, 41.91286013199999], [-8.237696106999977, 41.91421054599999], [-8.238601216000006, 41.91488490900002], [-8.238606113999992, 41.917810804], [-8.239510143000018, 41.917809954000006], [-8.243130971000028, 41.920507309000016], [-8.243740000000003, 41.924107816], [-8.246153803000027, 41.925680906000025], [-8.246701213999984, 41.926850349000006], [-8.249414515000012, 41.927297173], [-8.252734911000005, 41.929994534], [-8.25574979999999, 41.93044144200002], [-8.256652685000006, 41.92976581800002], [-8.260570885999982, 41.92976147600001], [-8.263883012000008, 41.928182220999986], [-8.266596498000013, 41.92862863300002], [-8.26870432200002, 41.927725855999995], [-8.272925278000002, 41.928396496999994], [-8.273827451999978, 41.92749454599999], [-8.275033013999973, 41.927493044000016], [-8.277740365, 41.92523948799999], [-8.282265282000026, 41.92703418999997], [-8.281967072999976, 41.92838499300001], [-8.282570385999975, 41.92860870800001], [-8.282876043999977, 41.93040885300002]]]}}, {"type": "Feature", "properties": {"name": "afluente do Rio Vez", "subBasin": "Lima", "basin": "PT01_LIMA", "code": "PT01LIM0031"}, "geometry": {"type": "Polygon", "coordinates": [[[-8.454549138000004, 41.845202486999995], [-8.452147862000004, 41.846559662999994], [-8.451852460999987, 41.84768528799998], [-8.450652879000017, 41.84858892400001], [-8.449147793000009, 41.84859310500002], [-8.447348329000022, 41.849949073999994], [-8.444934644, 41.848829776], [-8.438317605000009, 41.849973605], [-8.436210432999985, 41.849979226000016], [-8.434096907000026, 41.84863382899999], [-8.428681701000016, 41.849323778999974], [-8.428694193000013, 41.85202405000001], [-8.425689004999981, 41.853157167000006], [-8.424790002000009, 41.85406032100002], [-8.425101328999972, 41.856309683999996], [-8.42329705100002, 41.85676499800002], [-8.423604252000018, 41.858114648000026], [-8.424509492000027, 41.85856248099998], [-8.424215611000022, 41.86013873500002], [-8.425728185000025, 41.861709803], [-8.429046314000004, 41.863051665], [-8.431766615000015, 41.865295849000006], [-8.434172201000024, 41.86461373999998], [-8.434782887999972, 41.86641270000001], [-8.437794973999985, 41.86662976000002], [-8.438695048999989, 41.865952134999986], [-8.441103839999982, 41.86594565199999], [-8.441702779000025, 41.86526938200001], [-8.450740113999984, 41.86614428399997], [-8.451044577999994, 41.866819212999985], [-8.454058996000015, 41.867485421000026], [-8.456175831999985, 41.869280014000026], [-8.456191767999997, 41.87243152999997], [-8.459204208000017, 41.87264802499999], [-8.460701776999997, 41.87106823300002], [-8.461308642999995, 41.87196621099997], [-8.46431874000001, 41.87173243799998], [-8.46552909799999, 41.872854835], [-8.467338231999975, 41.873299126000006], [-8.472147993000021, 41.871709434000024], [-8.473957138999992, 41.87215418400001], [-8.473961941000027, 41.873054454], [-8.476684221000028, 41.875296999], [-8.47732044999998, 41.88159762499998], [-8.479732258000013, 41.882039899999995], [-8.483643804999986, 41.8813533], [-8.483636396999998, 41.880002898999976], [-8.486341890000006, 41.87909370800003], [-8.486324475999993, 41.875942768000016], [-8.487226663000001, 41.875715463999995], [-8.486616907999974, 41.87436693199999], [-8.486909329000014, 41.872790527999996], [-8.488707341999998, 41.87120944200001], [-8.495334566999986, 41.871638175999976], [-8.495332018999989, 41.871188605999976], [-8.497743560000004, 41.871630503999995], [-8.497740996999994, 41.871180933999995], [-8.503161175999992, 41.87116348799998], [-8.503455777999989, 41.87003717599998], [-8.504656312999998, 41.86935749999998], [-8.504648470000006, 41.86800766099998], [-8.506455103999997, 41.86800176600002], [-8.507952718000013, 41.86664643099999], [-8.509157114999994, 41.866642469], [-8.510971685000015, 41.86798690400002], [-8.51308075999998, 41.868204972], [-8.515181779999978, 41.867072604999976], [-8.516090474999999, 41.867969844000015], [-8.517597350000017, 41.868189848999975], [-8.519394471999988, 41.866608284999984], [-8.520897230000003, 41.866152484], [-8.521492594999984, 41.86502566899998], [-8.521489857999995, 41.864574972000014], [-8.519382233999977, 41.86458212299999], [-8.518172461000006, 41.863686488999974], [-8.518462695999972, 41.86188437499999], [-8.520872670000017, 41.86210184800001], [-8.524165251999989, 41.858939056], [-8.522943171000009, 41.856017307], [-8.522932200000014, 41.854216769999994], [-8.523828444999992, 41.85308834599999], [-8.523796839999989, 41.84791236699999], [-8.522588688999974, 41.84724071800002], [-8.520788102999973, 41.84814769600001], [-8.520805831000018, 41.85107357099997], [-8.518394919999992, 41.850631591000024], [-8.517799635000017, 41.85175839200002], [-8.515086347000022, 41.85109285300001], [-8.511483353000017, 41.852679792], [-8.50425986099998, 41.85292858299999], [-8.501836018999995, 41.850235579000014], [-8.498226310999996, 41.85069789099998], [-8.495213502000013, 41.850256779999995], [-8.494297732000007, 41.84800952699999], [-8.492485331000012, 41.846889886999975], [-8.490379523000001, 41.847121007], [-8.490371983999978, 41.84577059899999], [-8.490971477000016, 41.845319140000015], [-8.489157956999975, 41.843974378999974], [-8.484942796999974, 41.843762379], [-8.48494774300002, 41.844662089999986], [-8.484345744999985, 41.84466394399999], [-8.482835836999982, 41.84376885500001], [-8.480125671999986, 41.843552054999975], [-8.479232430000025, 41.84535534499997], [-8.472911398000008, 41.84537434399999], [-8.471110140999997, 41.84627942100002], [-8.459969461000014, 41.84563666700001], [-8.45997176200001, 41.84608680500003], [-8.457563717000028, 41.846093680000024], [-8.456664117000003, 41.84677201300002], [-8.454549138000004, 41.845202486999995]]]}}, {"type": "Feature", "properties": {"name": "Rio Lima (HMWB - Jusante B. Alto Lindoso)", "subBasin": "Lima", "basin": "PT01_LIMA", "code": "PT01LIM0032"}, "geometry": {"type": "Polygon", "coordinates": [[[-8.23133180000002, 41.89085308900002], [-8.232476340000005, 41.88905152699999], [-8.235484768999981, 41.88679812700002], [-8.236084235000021, 41.88499702299998], [-8.237888379000026, 41.88319479500001], [-8.237884641999983, 41.880944098999976], [-8.239088191000008, 41.88026775899999], [-8.239084033999973, 41.877791989], [-8.240889434999985, 41.87688999400001], [-8.240886752999984, 41.875314505000006], [-8.245701854999993, 41.87350923700001], [-8.246000981000009, 41.872383582], [-8.24780612699999, 41.871481475999985], [-8.24810438999998, 41.86990567800001], [-8.250208467999983, 41.86787787499998], [-8.25020347200001, 41.86517703499999], [-8.251106768999989, 41.86517608899999], [-8.253511683999989, 41.86314791199999], [-8.256221041999993, 41.862919917], [-8.257724694999979, 41.86201798100001], [-8.259536125000011, 41.864491757999986], [-8.259843531000001, 41.867642408999984], [-8.261050235000027, 41.868766403999985], [-8.26345960399999, 41.868988720999994], [-8.26466687300001, 41.87033775399999], [-8.26376396500001, 41.87056387299998], [-8.263773712999978, 41.87529034900001], [-8.264379734999977, 41.877090210999995], [-8.265887856999996, 41.878213801000015], [-8.263486003000025, 41.88181772899998], [-8.262590762999992, 41.88587002600002], [-8.26439792299999, 41.88586794600002], [-8.265606945000002, 41.887892169], [-8.26832065100001, 41.889239385999986], [-8.268324012999983, 41.89081486499998], [-8.272243289000016, 41.89238561000002], [-8.273150438000016, 41.89395997899999], [-8.274960351000004, 41.895083080999996], [-8.275566368, 41.89665781000002], [-8.277677127999993, 41.897555419000014], [-8.277078715000016, 41.89935673299999], [-8.281901461000018, 41.90047585999997], [-8.283708493000006, 41.900248401], [-8.284614438000006, 41.90114747199999], [-8.286422019999975, 41.90114504500002], [-8.286725467999986, 41.90204491899999], [-8.290337908000026, 41.90091461600002], [-8.291845351999996, 41.90136265699999], [-8.292450147000011, 41.90226209299999], [-8.295163306000006, 41.902933458999996], [-8.297278043999995, 41.90518112400002], [-8.299085746999992, 41.90517849600002], [-8.301490644000012, 41.903149321], [-8.30450158299999, 41.90246960500002], [-8.30991573, 41.89931088999998], [-8.312927676000015, 41.899081093999996], [-8.31623632100002, 41.897274686], [-8.315930539000021, 41.895699689000026], [-8.315327410999998, 41.895475585999975], [-8.315322895999998, 41.893900101999975], [-8.31471978799999, 41.89367655900003], [-8.314714643999991, 41.89187600499997], [-8.31411155500001, 41.89165189800002], [-8.314108992000001, 41.89075162099999], [-8.315010072000007, 41.889849336], [-8.312597185000016, 41.888728386000025], [-8.312583840999991, 41.88400136299998], [-8.310172469000008, 41.883330496999974], [-8.31077357800001, 41.88287941700003], [-8.310469255999976, 41.881754539999974], [-8.312877389999983, 41.881300049000004], [-8.313168371000017, 41.87769901899998], [-8.317374787999995, 41.87431621000002], [-8.323093104000009, 41.87318143800002], [-8.324594715999979, 41.871828490999974], [-8.325188824999998, 41.86912607199997], [-8.323980980999977, 41.86800274900003], [-8.32397288300001, 41.865301905000024], [-8.324872789999972, 41.86417503400003], [-8.322759771999984, 41.86237800800001], [-8.318545895, 41.86283510599998], [-8.31553373700001, 41.86238983999999], [-8.314326833999985, 41.861491484], [-8.31467748, 41.85874617100001], [-8.310762966000027, 41.85852729999999], [-8.306843560999994, 41.85650771600001], [-8.302625766999995, 41.85538873899998], [-8.302925016000017, 41.854713068000024], [-8.302020067, 41.85403921699998], [-8.302015287000017, 41.85223864400001], [-8.30111040600002, 41.85156477300001], [-8.30110565199999, 41.849764212000025], [-8.29959756400001, 41.84864106600003], [-8.297491596999976, 41.84909428100002], [-8.295989378000002, 41.85022180200002], [-8.293881049999982, 41.849774680999985], [-8.292674696999995, 41.848876097000016], [-8.292370291999987, 41.847526087999995], [-8.28935463099998, 41.845279559999994], [-8.282731485999989, 41.84483835399999], [-8.28152327700002, 41.843039370999975], [-8.278512309000007, 41.84259312500001], [-8.277308859000016, 41.842819744999986], [-8.27580795, 41.844622207999976], [-8.273701936999998, 41.845074995000004], [-8.273102413000004, 41.846201097000005], [-8.270394323999994, 41.846654554999986], [-8.269193651000023, 41.84823151500001], [-8.267388982, 41.84890889299999], [-8.264076817999978, 41.848462625000025], [-8.262574027000028, 41.84958971200001], [-8.259863456999994, 41.84891757899999], [-8.256556194999973, 41.850946873], [-8.255051467999976, 41.851173587000005], [-8.25353945500001, 41.84757406], [-8.251732946999994, 41.847350903000006], [-8.250828641999988, 41.846676624999986], [-8.25112840700001, 41.846001097], [-8.247514267999975, 41.844879462999984], [-8.245708675000003, 41.84510635100003], [-8.244502683999997, 41.843982192], [-8.243298680999999, 41.84398337499999], [-8.243295935999981, 41.84240786999999], [-8.241488068000024, 41.84128426299998], [-8.241184761999989, 41.83993412799998], [-8.24028107700002, 41.839484837999976], [-8.24088224899998, 41.839034131000005], [-8.240879946999996, 41.837683696], [-8.239071502000002, 41.836109908000026], [-8.238768280999977, 41.83475976300002], [-8.237865048999993, 41.83453552499998], [-8.237561934999974, 41.83322926400001], [-8.235699248999993, 41.833456049000006], [-8.23449436300001, 41.832782486999974], [-8.232387748000008, 41.83278436299997], [-8.230279387999985, 41.83166028300002], [-8.227570592999996, 41.83143808], [-8.225765609999996, 41.831889165999996], [-8.225465659999998, 41.83256518899998], [-8.223058428999991, 41.832792213999994], [-8.222758763999991, 41.83369218500002], [-8.219451094000021, 41.83572098899998], [-8.217643823999992, 41.83459644800001], [-8.217341362000013, 41.83347131599999], [-8.215233243, 41.83234807600002], [-8.215232360000016, 41.83167229999998], [-8.213726796999993, 41.830998738999995], [-8.214026284999989, 41.82987316499998], [-8.212821700999996, 41.82919824200002], [-8.210716024000021, 41.82987551000002], [-8.208305866999979, 41.827625866999995], [-8.206500333000008, 41.82762706800003], [-8.204996764999976, 41.82852889499998], [-8.202889272999982, 41.82762938399998], [-8.195366003999993, 41.827408787000024], [-8.193559176000008, 41.826059353000005], [-8.191811115999997, 41.826016313000025], [-8.192113948999975, 41.82804180199997], [-8.193319599999995, 41.83006680300002], [-8.194825376999972, 41.83119133500003], [-8.194230785999991, 41.83861903899998], [-8.200551211000004, 41.83861538000002], [-8.202358790000005, 41.840189771999974], [-8.202060044000007, 41.842215603], [-8.20055679799998, 41.84379202600002], [-8.198755786999982, 41.848519606000025], [-8.198757678999982, 41.850320176000025], [-8.197555663000003, 41.852346521000015], [-8.197557988000028, 41.854597232], [-8.196052979000001, 41.85482316600002], [-8.192743821000022, 41.85730077699998], [-8.193046181, 41.858651039999984], [-8.193950039000015, 41.85932576099998], [-8.19395179899999, 41.86112632700002], [-8.196965342999988, 41.86382548500001], [-8.196665171000006, 41.86472594000003], [-8.19937741199999, 41.86697506399997], [-8.198777333999999, 41.869001056], [-8.202391956999975, 41.870124218], [-8.202093819000027, 41.872825249000016], [-8.204203538000002, 41.87439941700001], [-8.204204305000019, 41.87507462799999], [-8.212039123000011, 41.87912063099998], [-8.211740220000024, 41.88092140399999], [-8.209934853999982, 41.882273080000004], [-8.209937615000001, 41.884523779999995], [-8.212046493000003, 41.88497245100001], [-8.213554171999988, 41.886321796999994], [-8.214159762999998, 41.88879713], [-8.217173041000024, 41.88969518900001], [-8.219581493000021, 41.88879307600001], [-8.22319565700002, 41.888565160999974], [-8.224097973000028, 41.887664153], [-8.22560431300002, 41.887887992], [-8.22560497500001, 41.88833813100001], [-8.228616683999974, 41.888110541], [-8.228618048999977, 41.88901082000001], [-8.229823227999987, 41.889234859], [-8.23133180000002, 41.89085308900002]]]}}, {"type": "Feature", "properties": {"name": "Rio de Froufe", "subBasin": "Lima", "basin": "PT01_LIMA", "code": "PT01LIM0033"}, "geometry": {"type": "Polygon", "coordinates": [[[-8.235699248999993, 41.833456049000006], [-8.241717834999974, 41.83322533400002], [-8.242925533999994, 41.83547544700002], [-8.244431901999974, 41.83637369600001], [-8.248344006000025, 41.836144692999994], [-8.251656260999994, 41.83704212499998], [-8.253762162999976, 41.83658973600001], [-8.255264384999975, 41.835237694], [-8.258873183999981, 41.833883301000014], [-8.259171444000003, 41.83253252899999], [-8.262782777999973, 41.832528443], [-8.263382816999979, 41.83162690500001], [-8.266994097999998, 41.831622686], [-8.267594071000019, 41.83072168699999], [-8.272411015999978, 41.83161614599999], [-8.272412003, 41.83206628800002], [-8.277224519000015, 41.83093546399999], [-8.279634611999995, 41.832057168999995], [-8.282342552999978, 41.83182856299999], [-8.28414286100002, 41.82957600899999], [-8.288054391999992, 41.82934565599999], [-8.28895443099998, 41.82821906200002], [-8.29136069399999, 41.827765021999994], [-8.294665693000013, 41.825734712999974], [-8.298578131, 41.825954137], [-8.305495491999977, 41.824593393999976], [-8.308809209999993, 41.825938751000024], [-8.31241573699998, 41.824357598000006], [-8.312709677999976, 41.821881331999975], [-8.314212870000006, 41.821428792999995], [-8.314810163999994, 41.81985233], [-8.30999411800002, 41.819185275999985], [-8.309389862999979, 41.81828592400001], [-8.309688246999997, 41.817384608], [-8.307877443999985, 41.81536231899997], [-8.304566116999979, 41.81469158300001], [-8.30366112500002, 41.813793221000026], [-8.299147095000023, 41.81334920900002], [-8.297343134000016, 41.81380254700002], [-8.294330005000006, 41.81200628900001], [-8.290717601999972, 41.81111106899999], [-8.289512016999993, 41.81021188400001], [-8.28800781000001, 41.81021394999999], [-8.28499457800001, 41.80819293299999], [-8.280784003000008, 41.808648086999995], [-8.276570825000022, 41.807978843], [-8.27385986600001, 41.806406735999985], [-8.272653122000008, 41.80483271999998], [-8.269341274999988, 41.80348630999998], [-8.267831968999985, 41.801012313], [-8.266026251000028, 41.800564294000026], [-8.264519479, 41.79921561200001], [-8.260609223000017, 41.799220092999974], [-8.258500578999985, 41.797646937000025], [-8.256394675000024, 41.797423622], [-8.255490597000005, 41.79652486399999], [-8.253686360000017, 41.796751315999984], [-8.250674418000017, 41.79450375800002], [-8.246460049000007, 41.79248240099997], [-8.241645612000013, 41.79113669899999], [-8.238638848999983, 41.791589708000004], [-8.238637722000021, 41.790915047], [-8.237736589999997, 41.79159055000002], [-8.234729051999977, 41.79159330900001], [-8.23473014000001, 41.79226909099998], [-8.23292560599998, 41.79227070799999], [-8.23292453900001, 41.791594926000016], [-8.229917, 41.79159755799998], [-8.229918036000015, 41.79227334000001], [-8.226309961000027, 41.79295105199998], [-8.226310958999989, 41.79362683599999], [-8.224205611999992, 41.793628565000006], [-8.224206588000015, 41.794303230000025], [-8.223304290999977, 41.79430395899999], [-8.223002564000012, 41.793629536000026], [-8.21758883199999, 41.79363374899998], [-8.217597594999972, 41.800160328000004], [-8.214591402999986, 41.80151300699998], [-8.214593444000002, 41.80308851199999], [-8.213691030000007, 41.80308916500002], [-8.21369189500001, 41.803764949000026], [-8.21068378000001, 41.803767075999986], [-8.210684613000012, 41.80444173199999], [-8.205871593999973, 41.80444497100001], [-8.205873420999978, 41.80602049100003], [-8.204970966000019, 41.80602107599998], [-8.20497251400002, 41.807371509000006], [-8.204070030000025, 41.80737208599999], [-8.203169059000004, 41.80872309799997], [-8.201063221000027, 41.808724402999985], [-8.201064200000019, 41.809625256000004], [-8.199259885999993, 41.81030099999998], [-8.199261314000012, 41.81165143200002], [-8.197456930999977, 41.812328288], [-8.197758940000028, 41.813452910000024], [-8.197157924999999, 41.814129037999976], [-8.195352539999988, 41.813904991000015], [-8.195352091000018, 41.81345428700001], [-8.193003094999995, 41.81386175099999], [-8.193005473000028, 41.816337551000004], [-8.189999668999974, 41.81949015599997], [-8.191505982000024, 41.821515025], [-8.190906702999996, 41.824216208999985], [-8.191810055000019, 41.824890951999976], [-8.191810902999975, 41.82579124099999], [-8.196569923000027, 41.82763317299998], [-8.202889272999982, 41.82762938399998], [-8.204996764999976, 41.82852889499998], [-8.206500333000008, 41.82762706800003], [-8.208305866999979, 41.827625866999995], [-8.210716024000021, 41.82987551000002], [-8.212821700999996, 41.82919824200002], [-8.214026284999989, 41.82987316499998], [-8.213726796999993, 41.830998738999995], [-8.215232360000016, 41.83167229999998], [-8.215233243, 41.83234807600002], [-8.217341362000013, 41.83347131599999], [-8.217643823999992, 41.83459644800001], [-8.219451094000021, 41.83572098899998], [-8.222758763999991, 41.83369218500002], [-8.223058428999991, 41.832792213999994], [-8.225465659999998, 41.83256518899998], [-8.225765609999996, 41.831889165999996], [-8.227570592999996, 41.83143808], [-8.230279387999985, 41.83166028300002], [-8.232387748000008, 41.83278436299997], [-8.23449436300001, 41.832782486999974], [-8.235699248999993, 41.833456049000006]]]}}, {"type": "Feature", "properties": {"name": "Rio Tamente", "subBasin": "Lima", "basin": "PT01_LIMA", "code": "PT01LIM0034"}, "geometry": {"type": "Polygon", "coordinates": [[[-8.28409210000001, 41.80819413900002], [-8.285898153999995, 41.80864130399999], [-8.28800781000001, 41.81021394999999], [-8.289512016999993, 41.81021188400001], [-8.290717601999972, 41.81111106899999], [-8.294330005000006, 41.81200628900001], [-8.297343134000016, 41.81380254700002], [-8.302457086000004, 41.81356995300001], [-8.304566116999979, 41.81469158300001], [-8.307575956999983, 41.815137703999994], [-8.309688246999997, 41.817384608], [-8.309389862999979, 41.81828592400001], [-8.30999411800002, 41.819185275999985], [-8.314507995999975, 41.81940322600002], [-8.315107192000028, 41.81850141699999], [-8.316610288999982, 41.81804940799998], [-8.316302943999972, 41.81579861300003], [-8.318101620999983, 41.81354552200003], [-8.318398549999984, 41.81219459699997], [-8.31989950000002, 41.81106676600001], [-8.319894885999986, 41.809491261999995], [-8.321996081999998, 41.807912267999995], [-8.322290235000025, 41.805660488], [-8.324992866999992, 41.804080425999985], [-8.32558973099998, 41.80250389999998], [-8.326492143999985, 41.80250236699999], [-8.325889856999993, 41.802278881999996], [-8.325880325000014, 41.799127853000016], [-8.331284013000015, 41.79574187100002], [-8.330972760999998, 41.79236629799999], [-8.331872235999981, 41.791464426000005], [-8.334278245000007, 41.791460191], [-8.335471976999997, 41.78853209699997], [-8.336371310999994, 41.78763075500001], [-8.337273514999993, 41.787629138], [-8.338168483000004, 41.785376219], [-8.342972662000022, 41.78311726099997], [-8.34627825199999, 41.782435324000005], [-8.348677843000019, 41.780630761], [-8.352889980999976, 41.781297368000025], [-8.353794434999998, 41.78197139600002], [-8.35770125900001, 41.781287969000005], [-8.360098087999972, 41.778807941000025], [-8.360389968999982, 41.776330976999986], [-8.361288790999993, 41.775428879], [-8.360675399000002, 41.77205396900001], [-8.361875637000026, 41.77137689800003], [-8.361570950999976, 41.770252137], [-8.366379739000024, 41.769792236], [-8.367878034, 41.768438704999994], [-8.370582156000012, 41.767982374999974], [-8.366962919000002, 41.764838817], [-8.365759595999975, 41.76461677100002], [-8.36455218499998, 41.76326820899999], [-8.36424587099998, 41.761693869], [-8.360332298000003, 41.76012621000001], [-8.354617668000003, 41.759236612999985], [-8.354914357999974, 41.758110656999975], [-8.353710422000006, 41.757662847000006], [-8.349560019000023, 41.75785200199999], [-8.349267043999987, 41.760103313], [-8.34776401900001, 41.760106158999974], [-8.344765419999987, 41.76236254000003], [-8.341756323000027, 41.761467799], [-8.338451759999998, 41.76214903900001], [-8.336653085000023, 41.763727801000016], [-8.332140947000028, 41.762835489], [-8.330341401999988, 41.76418908699998], [-8.329439529000012, 41.76419064800001], [-8.328234278000025, 41.763292412], [-8.326433956000017, 41.764420874999985], [-8.326436004000016, 41.765096098000015], [-8.325233490000016, 41.765098137999985], [-8.323726984000018, 41.76397529600001], [-8.321923232000017, 41.76397830799999], [-8.321318663, 41.76285392800003], [-8.318307907000019, 41.76128334700002], [-8.311095732000013, 41.76219518200003], [-8.309288314000014, 41.76084755199997], [-8.307784636000008, 41.760624796], [-8.307779702000005, 41.758824189999984], [-8.30567367499998, 41.75815218399998], [-8.300865897999984, 41.758834621999995], [-8.29845702, 41.75726263400003], [-8.296354597999994, 41.75794090900001], [-8.290943319000007, 41.757723508000026], [-8.290941644999975, 41.75704828300002], [-8.289438140000016, 41.75682529599999], [-8.284930886999973, 41.757506663000015], [-8.284037639000019, 41.76110907200001], [-8.281934963000026, 41.761787087000016], [-8.281636963999972, 41.76291286600002], [-8.280435521000015, 41.76336457999997], [-8.281588177999993, 41.76655803199998], [-8.283993785999996, 41.76677992100002], [-8.286394546999986, 41.764976088000026], [-8.289099104999991, 41.764522795999994], [-8.293609061999973, 41.764741576999995], [-8.296016959999974, 41.76586351499998], [-8.296924064999985, 41.76788732799997], [-8.296927539000023, 41.769237772999986], [-8.295127090999983, 41.77059138999999], [-8.295433485999979, 41.772841707], [-8.294235379999975, 41.77464402099997], [-8.291234237000026, 41.77689844499997], [-8.290638445000013, 41.779150587000004], [-8.288236175000009, 41.78050436199999], [-8.28823891899998, 41.78162973399998], [-8.287038282000026, 41.782531111000026], [-8.287343897000028, 41.78455693500001], [-8.28584138399998, 41.785009118999994], [-8.285545517999992, 41.78703463699998], [-8.288854663999984, 41.787480845000005], [-8.289457796000022, 41.78815467499999], [-8.293370211000024, 41.789275148], [-8.293975106999994, 41.790624735999984], [-8.299392102000013, 41.791967371], [-8.300297316000012, 41.79309141099998], [-8.300301456, 41.79466693400002], [-8.301507496999989, 41.79578995899999], [-8.304215069000008, 41.796011541999974], [-8.305119821999995, 41.796909906999986], [-8.307525424999994, 41.79668115999999], [-8.307524193000006, 41.79623157999998], [-8.310533205000013, 41.796676493999996], [-8.311139162000018, 41.798251074999996], [-8.312344199999984, 41.798924962], [-8.312047214000017, 41.800275312999986], [-8.312650711999993, 41.800950152999974], [-8.315359165000018, 41.80139541800003], [-8.31536302500001, 41.80274585199999], [-8.312660853000011, 41.804550757000015], [-8.311156145999973, 41.80432804600002], [-8.309355626000013, 41.805906375000006], [-8.303944478999995, 41.807265098000016], [-8.298826919000021, 41.80592225100003], [-8.297922124000024, 41.805023843000015], [-8.296417471999973, 41.80480094699999], [-8.295210209000004, 41.80322716500001], [-8.293103427999995, 41.802779441999974], [-8.290701443999978, 41.80458340199999], [-8.286492767000027, 41.80571454300002], [-8.284089961000006, 41.80729328199999], [-8.28409210000001, 41.80819413900002]]]}}, {"type": "Feature", "properties": {"name": "Rio Tora", "subBasin": "Lima", "basin": "PT01_LIMA", "code": "PT01LIM0035"}, "geometry": {"type": "Polygon", "coordinates": [[[-8.323980980999977, 41.86800274900003], [-8.328505936999989, 41.87069591699998], [-8.330005990000018, 41.86889332099997], [-8.335118521000027, 41.866858148000006], [-8.336624044000018, 41.86685546299998], [-8.341131073999975, 41.86392138000002], [-8.347155924999981, 41.86481048799999], [-8.348364116000027, 41.86593413200001], [-8.350769845999992, 41.865028704999986], [-8.351676226999984, 41.86592781899998], [-8.355894784999975, 41.86681936100001], [-8.355897147999997, 41.86749513400002], [-8.358004902999994, 41.867490988999975], [-8.359805947999973, 41.865911916000016], [-8.361010351000004, 41.86590951199997], [-8.362510181999994, 41.86433099599998], [-8.36461783599998, 41.86432672900003], [-8.365517830999977, 41.863424049], [-8.367322711999975, 41.86297076699998], [-8.367619655999988, 41.86184423499998], [-8.368821490000016, 41.86116709999999], [-8.368517915999973, 41.86049194999998], [-8.370922318999988, 41.859361595999985], [-8.370913089999988, 41.856886384000006], [-8.37331647000002, 41.85553090799999], [-8.378128968999988, 41.85439529600001], [-8.378735398000003, 41.85551935000001], [-8.380845377000014, 41.856189434999976], [-8.382952756999998, 41.856184832], [-8.384453599999972, 41.85505617199999], [-8.386865571999977, 41.855951113], [-8.389865235999991, 41.85324352700002], [-8.390156305999994, 41.850767072], [-8.391357689000017, 41.85008913899998], [-8.391352224999991, 41.848738717], [-8.392252541000005, 41.84806145599998], [-8.392245231000004, 41.84626089300002], [-8.395252536999976, 41.845578794000005], [-8.395543366000027, 41.84310232600001], [-8.396144424, 41.842875866999975], [-8.396135152999989, 41.84062516199998], [-8.397331628000018, 41.83882181199999], [-8.39702414200002, 41.83724701199998], [-8.399427172999992, 41.83611605499999], [-8.399422480999988, 41.83499070200003], [-8.400023449999992, 41.83476422299998], [-8.400011222999979, 41.831838301999994], [-8.399403714000016, 41.83048928400001], [-8.39999899999998, 41.828912376999995], [-8.402101691999974, 41.82800713900002], [-8.401192315999992, 41.826433769000005], [-8.401787521000017, 41.82485685500001], [-8.39908122700001, 41.82531334800001], [-8.398777514000017, 41.824638838], [-8.395165713999972, 41.824422131000006], [-8.395159250999995, 41.822846631999994], [-8.392744746999995, 41.82105156900002], [-8.387929611999994, 41.82083737099998], [-8.385515387999988, 41.81904215600002], [-8.385510049000004, 41.817691728], [-8.383698631000016, 41.81612021400002], [-8.382196926000006, 41.81679872900003], [-8.381600443000025, 41.81815047399999], [-8.379797789000008, 41.81882961399998], [-8.379201234999982, 41.820181348999995], [-8.376795006000009, 41.82041159400001], [-8.376204368999993, 41.82333880800002], [-8.37380479799998, 41.82536957100001], [-8.37320805600001, 41.826721272999976], [-8.371403397999984, 41.82695014000001], [-8.369315288999985, 41.83190609799999], [-8.36389916600001, 41.832142277], [-8.35787793999998, 41.831479116000025], [-8.357280807999985, 41.832830735000016], [-8.358486973000026, 41.83350356400001], [-8.358190788000002, 41.83485459000002], [-8.356082531000027, 41.83440859799998], [-8.351569771000015, 41.834867497000005], [-8.35066998100001, 41.835769519999985], [-8.350375152000026, 41.837570658999994], [-8.349175091999996, 41.838698307000016], [-8.348272172000009, 41.838700026000026], [-8.348576187999981, 41.83959973399999], [-8.347674767, 41.840051587999994], [-8.347378327000001, 41.841402577], [-8.346175883, 41.84185498099998], [-8.346479136000028, 41.84252962900001], [-8.342876127000011, 41.845237199999985], [-8.340468093000027, 41.845241620000024], [-8.336558629000024, 41.846374043000026], [-8.335960194999984, 41.84750047199998], [-8.333856638999976, 41.84862956699999], [-8.33446778299998, 41.85151053499999], [-8.333869400000026, 41.852680840999994], [-8.330263204999994, 41.854712799000026], [-8.329670131, 41.85763976200002], [-8.32876832400001, 41.85809146399998], [-8.329072854000003, 41.85921629500001], [-8.327872704000015, 41.86056878800002], [-8.326367328000003, 41.860571357000026], [-8.325773345000016, 41.863273225], [-8.32397288300001, 41.865301905000024], [-8.323980980999977, 41.86800274900003]]]}}, {"type": "Feature", "properties": {"name": "Albufeira de Touvedo", "subBasin": "Lima", "basin": "PT01_LIMA", "code": "PT01LIM0036"}, "geometry": {"type": "Polygon", "coordinates": [[[-8.237561934999974, 41.83322926400001], [-8.237865048999993, 41.83453552499998], [-8.238768280999977, 41.83475976300002], [-8.239071502000002, 41.836109908000026], [-8.240879946999996, 41.837683696], [-8.24088224899998, 41.839034131000005], [-8.24028107700002, 41.839484837999976], [-8.241184761999989, 41.83993412799998], [-8.241488068000024, 41.84128426299998], [-8.243295935999981, 41.84240786999999], [-8.243298680999999, 41.84398337499999], [-8.244502683999997, 41.843982192], [-8.245708675000003, 41.84510635100003], [-8.247514267999975, 41.844879462999984], [-8.25112840700001, 41.846001097], [-8.250828641999988, 41.846676624999986], [-8.251732946999994, 41.847350903000006], [-8.25353945500001, 41.84757406], [-8.255051467999976, 41.851173587000005], [-8.256556194999973, 41.850946873], [-8.259863456999994, 41.84891757899999], [-8.262574027000028, 41.84958971200001], [-8.264076817999978, 41.848462625000025], [-8.267388982, 41.84890889299999], [-8.269193651000023, 41.84823151500001], [-8.270394323999994, 41.846654554999986], [-8.27220037699999, 41.84665235], [-8.273701936999998, 41.845074995000004], [-8.27580795, 41.844622207999976], [-8.277308859000016, 41.842819744999986], [-8.28152327700002, 41.843039370999975], [-8.282731485999989, 41.84483835399999], [-8.28935463099998, 41.845279559999994], [-8.292370291999987, 41.847526087999995], [-8.292674696999995, 41.848876097000016], [-8.293881049999982, 41.849774680999985], [-8.295989378000002, 41.85022180200002], [-8.297491596999976, 41.84909428100002], [-8.29959756400001, 41.84864106600003], [-8.30110565199999, 41.849764212000025], [-8.30111040600002, 41.85156477300001], [-8.302015287000017, 41.85223864400001], [-8.302020067, 41.85403921699998], [-8.302925016000017, 41.854713068000024], [-8.302927419000014, 41.85561335800003], [-8.306240834999983, 41.856283566], [-8.310762966000027, 41.85852729999999], [-8.31467748, 41.85874617100001], [-8.314326833999985, 41.861491484], [-8.31553373700001, 41.86238983999999], [-8.318545895, 41.86283510599998], [-8.322759771999984, 41.86237800800001], [-8.324872789999972, 41.86417503400003], [-8.325773345000016, 41.863273225], [-8.326367328000003, 41.860571357000026], [-8.327872704000015, 41.86056878800002], [-8.329072854000003, 41.85921629500001], [-8.32876832400001, 41.85809146399998], [-8.329670131, 41.85763976200002], [-8.330263204999994, 41.854712799000026], [-8.333869400000026, 41.852680840999994], [-8.33446778299998, 41.85151053499999], [-8.333856638999976, 41.84862956699999], [-8.335960194999984, 41.84750047199998], [-8.336558629000024, 41.846374043000026], [-8.340468093000027, 41.845241620000024], [-8.342876127000011, 41.845237199999985], [-8.346479136000028, 41.84252962900001], [-8.346175883, 41.84185498099998], [-8.347378327000001, 41.841402577], [-8.347674767, 41.840051587999994], [-8.348576187999981, 41.83959973399999], [-8.348272172000009, 41.838700026000026], [-8.349175091999996, 41.838698307000016], [-8.350375152000026, 41.837570658999994], [-8.35066998100001, 41.835769519999985], [-8.352226574999975, 41.83414711500001], [-8.35191327299998, 41.830546561999995], [-8.35100663999998, 41.82942294100002], [-8.352809886999978, 41.828744254000014], [-8.351900152999974, 41.82672034699999], [-8.35189398, 41.82491976799997], [-8.353091416999973, 41.823116879], [-8.353993333999995, 41.822890056000006], [-8.353988661000017, 41.821539632], [-8.355189892999988, 41.82086206299999], [-8.35518519499999, 41.819511636000016], [-8.354279415999997, 41.81861310900001], [-8.354270058999987, 41.815912242000024], [-8.355171884000015, 41.81568541299998], [-8.355166403999988, 41.81410989400001], [-8.353357366000012, 41.812988053000026], [-8.353048762000014, 41.81073792000001], [-8.352447078000012, 41.810739082], [-8.352441665000015, 41.809163582], [-8.35123525199998, 41.80826560000003], [-8.351232175999996, 41.807365312], [-8.348821755000017, 41.80624454399998], [-8.348516379999978, 41.80489467299998], [-8.346710728999994, 41.80467300599997], [-8.34550449599999, 41.803774972999975], [-8.343699625999989, 41.80377833099999], [-8.342191882000009, 41.80265573999998], [-8.341580724999972, 41.79973089600003], [-8.343381752000028, 41.79860220799998], [-8.34367881999998, 41.797476277999976], [-8.349089817999982, 41.79656584200001], [-8.346973821999995, 41.79341879499998], [-8.347267778999992, 41.791392565000024], [-8.346058012000015, 41.789369170999976], [-8.34935853899998, 41.787112191000006], [-8.348451786999988, 41.78576345699997], [-8.353191471000002, 41.78152242200002], [-8.348677843000019, 41.780630761], [-8.34627825199999, 41.782435324000005], [-8.342972662000022, 41.78311726099997], [-8.338468481999996, 41.78515060199999], [-8.337273514999993, 41.787629138], [-8.336371310999994, 41.78763075500001], [-8.335471976999997, 41.78853209699997], [-8.334278245000007, 41.791460191], [-8.331872235999981, 41.791464426000005], [-8.330972760999998, 41.79236629799999], [-8.331284013000015, 41.79574187100002], [-8.325880325000014, 41.799127853000016], [-8.325889856999993, 41.802278881999996], [-8.326492143999985, 41.80250236699999], [-8.32558973099998, 41.80250389999998], [-8.324992866999992, 41.804080425999985], [-8.322290235000025, 41.805660488], [-8.321996081999998, 41.807912267999995], [-8.319894885999986, 41.809491261999995], [-8.31989950000002, 41.81106676600001], [-8.318398549999984, 41.81219459699997], [-8.318101620999983, 41.81354552200003], [-8.316302943999972, 41.81579861300003], [-8.316610288999982, 41.81804940799998], [-8.313906228999997, 41.81940419], [-8.314810163999994, 41.81985233], [-8.314812087999996, 41.82052754], [-8.314212870000006, 41.821428792999995], [-8.312709677999976, 41.821881331999975], [-8.312715388000015, 41.823907539000004], [-8.310011615000008, 41.825487297999985], [-8.30820737800002, 41.82593968399999], [-8.307302171000003, 41.825041340999974], [-8.30489368000002, 41.824594306999984], [-8.303992771000026, 41.82527145], [-8.300080928, 41.82527727500002], [-8.298578131, 41.825954137], [-8.294665693000013, 41.825734712999974], [-8.29136069399999, 41.827765021999994], [-8.28895443099998, 41.82821906200002], [-8.288054391999992, 41.82934565599999], [-8.28414286100002, 41.82957600899999], [-8.282342552999978, 41.83182856299999], [-8.28083837600002, 41.832055604999994], [-8.279634611999995, 41.832057168999995], [-8.277826392000009, 41.830934695999986], [-8.272412003, 41.83206628800002], [-8.272411015999978, 41.83161614599999], [-8.267594071000019, 41.83072168699999], [-8.266994097999998, 41.831622686], [-8.263382816999979, 41.83162690500001], [-8.262782777999973, 41.832528443], [-8.259171444000003, 41.83253252899999], [-8.258873183999981, 41.833883301000014], [-8.255264384999975, 41.835237694], [-8.253762162999976, 41.83658973600001], [-8.251656260999994, 41.83704212499998], [-8.248344006000025, 41.836144692999994], [-8.244431901999974, 41.83637369600001], [-8.242925533999994, 41.83547544700002], [-8.241717834999974, 41.83322533400002], [-8.237561934999974, 41.83322926400001]]]}}, {"type": "Feature", "properties": {"name": "Rio Vade", "subBasin": "Lima", "basin": "PT01_LIMA", "code": "PT01LIM0037"}, "geometry": {"type": "Polygon", "coordinates": [[[-8.370582991999981, 41.76820745499998], [-8.373587724000004, 41.76775099299999], [-8.374795396000025, 41.76909889500001], [-8.374501553000016, 41.770900118999975], [-8.37540437299998, 41.77112327999998], [-8.375709305999976, 41.77224801300002], [-8.378722846000016, 41.77404214500001], [-8.380234038000026, 41.776065109], [-8.38204073899999, 41.77673584299998], [-8.38174531300001, 41.77808693899999], [-8.382952466999996, 41.779209675000004], [-8.382957751999982, 41.78056067199998], [-8.384169403999977, 41.78280875799999], [-8.385073300999977, 41.783256911000024], [-8.385691651999991, 41.787531957], [-8.387802163000003, 41.78887770099999], [-8.388110089999998, 41.79067760999999], [-8.389015939999979, 41.79157587399999], [-8.392930291000027, 41.79269181900003], [-8.39203988600002, 41.79561981400002], [-8.393549244999974, 41.79696681500002], [-8.393250302000013, 41.79741821499999], [-8.393854622999982, 41.79809148800001], [-8.396862440999996, 41.79808456000001], [-8.400465234000023, 41.79650064499998], [-8.405281474999981, 41.79739010999998], [-8.406489406999981, 41.79851202399999], [-8.406495188999997, 41.79986245200001], [-8.409209121000004, 41.80143142999998], [-8.408611403000009, 41.80233317099999], [-8.40891803300002, 41.80368343399999], [-8.411630209000009, 41.80480221200003], [-8.413435086999982, 41.80479778799997], [-8.414032765999991, 41.80389545600002], [-8.416439240999978, 41.803889501000015], [-8.417345671000021, 41.804788105], [-8.419152564000001, 41.805233176], [-8.418856783000024, 41.80635984899999], [-8.41976428999999, 41.80748294099999], [-8.423381359000018, 41.809049303999984], [-8.423963578999974, 41.80477141799997], [-8.426061032000007, 41.802965454], [-8.42575610900002, 41.80206594399999], [-8.426951030999987, 41.80026228000003], [-8.428450827000006, 41.79935754500002], [-8.428446672999996, 41.79845726399998], [-8.42964458900002, 41.79732935099997], [-8.431148478000011, 41.79732543099999], [-8.432648142000005, 41.79642063799997], [-8.433544127999994, 41.79506784300003], [-8.433833237999977, 41.792591265], [-8.435929998999995, 41.79078512799998], [-8.437131926999996, 41.790557422000006], [-8.435609015000011, 41.78650957399998], [-8.438605547000009, 41.78425140899998], [-8.438898729000016, 41.782675106], [-8.438295157000027, 41.78222600800001], [-8.438287636999974, 41.78065050800001], [-8.439787896999974, 41.77997182500002], [-8.440991772000018, 41.78019365900002], [-8.443089024000017, 41.778612452999994], [-8.443384249000019, 41.777486281999984], [-8.447294259999978, 41.777700098000025], [-8.44788788400001, 41.77612294400001], [-8.450289969999972, 41.77544162800001], [-8.451186393, 41.77431376099997], [-8.451478099999974, 41.77251235599999], [-8.454474542000014, 41.770477719999974], [-8.456560903000025, 41.76687119899998], [-8.459561518999976, 41.76573728400001], [-8.461342206999973, 41.761230684], [-8.462240565999991, 41.76055230399999], [-8.463743584999975, 41.76054796300002], [-8.464039543000013, 41.75964736999998], [-8.467033813, 41.757387343999994], [-8.466424430000018, 41.755813595000006], [-8.467625585999997, 41.755585568000015], [-8.468214967999984, 41.75333252600001], [-8.469713092999996, 41.752428383999984], [-8.470005368999978, 41.750851995000005], [-8.470905856999991, 41.750623700000006], [-8.471484386999975, 41.74634555], [-8.473286417999986, 41.74611512299998], [-8.47328283600001, 41.745440470000005], [-8.474778307000008, 41.74408555500003], [-8.474773501000016, 41.74318470600002], [-8.476573030999987, 41.74250464199997], [-8.476568199999974, 41.741603794000014], [-8.475661834999983, 41.740706776000025], [-8.472957227999984, 41.740714853999975], [-8.473533128999975, 41.735985984000024], [-8.46902813600002, 41.73645003500002], [-8.467516272000012, 41.73465329800001], [-8.464815405000024, 41.735336958999994], [-8.463904651999997, 41.73353899699998], [-8.462396472000023, 41.732417978], [-8.459086669999976, 41.73152659499999], [-8.458481161000009, 41.730628583], [-8.459380264000004, 41.73017530499999], [-8.459067208000022, 41.72770091899997], [-8.45454348200002, 41.724337030000015], [-8.454838269999982, 41.72321082100001], [-8.453630922000002, 41.72208939699999], [-8.448523678000015, 41.72210361399999], [-8.447014931000012, 41.720757305999996], [-8.446708989000001, 41.719632203], [-8.445206919999976, 41.71963631699998], [-8.444000897000024, 41.71873930200002], [-8.443392448999987, 41.717165411999986], [-8.441582434999987, 41.71559478299997], [-8.439778987000011, 41.71537456200002], [-8.438327639000022, 41.713984100999994], [-8.436526361000006, 41.714213975999996], [-8.432935381999982, 41.71714946499998], [-8.430533192999974, 41.717380821999996], [-8.430541552000022, 41.71918141100002], [-8.429643439000017, 41.719858977], [-8.425138215000004, 41.720095664999974], [-8.424840871000015, 41.72077166499997], [-8.422736906000011, 41.72055194500001], [-8.420941471999981, 41.72213202099999], [-8.419739762999995, 41.72213504400003], [-8.41974379200002, 41.72303533899998], [-8.418244631999983, 41.723714323000024], [-8.417349322000007, 41.72506702200002], [-8.416143583000007, 41.72416971400003], [-8.413744038999994, 41.725075945000015], [-8.408628781000004, 41.72328778899998], [-8.404721251000012, 41.722847005999995], [-8.403226684000003, 41.72465117500002], [-8.40293383400001, 41.726452478], [-8.40053119800001, 41.72668321200001], [-8.399635477000004, 41.72803577500002], [-8.398735036999994, 41.728262949], [-8.398440181000012, 41.72961409499999], [-8.396941583, 41.73051787600002], [-8.393032774000005, 41.729851627000016], [-8.387031549000028, 41.73189084400002], [-8.384922042000028, 41.730319983000015], [-8.37892223, 41.73280892399998], [-8.376824895000027, 41.73438897300002], [-8.374122220999993, 41.73484486799998], [-8.371416167999996, 41.73440041399999], [-8.369905410000001, 41.73215278700002], [-8.368702672999973, 41.731930213], [-8.366306279000014, 41.73396082199997], [-8.363605167999992, 41.734866633000024], [-8.362407259999998, 41.735994441], [-8.357896700000026, 41.73510312100001], [-8.356398189000004, 41.73623146], [-8.355203244999984, 41.73825948299998], [-8.352202847000001, 41.73961575999999], [-8.352516492000007, 41.74344145800001], [-8.349814029000015, 41.74412186400002], [-8.349820136000005, 41.74592246899999], [-8.350421980000021, 41.74614639700002], [-8.35043269900001, 41.74929744100001], [-8.351335910999978, 41.749745871000016], [-8.351342062000015, 41.75154646499999], [-8.352545093999993, 41.75176922600002], [-8.352556692000007, 41.755145347999985], [-8.349860612999976, 41.75785142900003], [-8.353710422000006, 41.757662847000006], [-8.354914357999974, 41.758110656999975], [-8.354617668000003, 41.759236612999985], [-8.360332298000003, 41.76012621000001], [-8.36424587099998, 41.761693869], [-8.364854443000013, 41.76371774900002], [-8.367867279999984, 41.76551274399998], [-8.370582991999981, 41.76820745499998]]]}}, {"type": "Feature", "properties": {"name": "Rio Vez", "subBasin": "Lima", "basin": "PT01_LIMA", "code": "PT01LIM0038"}, "geometry": {"type": "Polygon", "coordinates": [[[-8.381399822999981, 41.92123380999999], [-8.384720130999995, 41.922576959000025], [-8.385620652, 41.92167468399998], [-8.385915753000006, 41.92009853500002], [-8.388624327000002, 41.91919221500001], [-8.388921153000013, 41.918066193000016], [-8.389825185999996, 41.91806416200001], [-8.390732866000008, 41.91896239900001], [-8.392540043999986, 41.91873323300001], [-8.392543717000024, 41.919633508000004], [-8.393749125999989, 41.91963076100001], [-8.394948976000023, 41.91827758599999], [-8.397060268000018, 41.91872286199998], [-8.399769567000021, 41.918041346999985], [-8.40068022700001, 41.91961471399998], [-8.402488337000023, 41.91961045099998], [-8.405811888000017, 41.92162817500002], [-8.405820570999992, 41.92365379500001], [-8.407630736999977, 41.924099583999975], [-8.40883134400002, 41.92297132700003], [-8.411844033000023, 41.92273891899998], [-8.41274318699999, 41.92161135700002], [-8.413033653000014, 41.91913486300001], [-8.414834772999995, 41.917554920999976], [-8.416943161999995, 41.917324613999995], [-8.421768687999986, 41.91821276799999], [-8.421475502000021, 41.920014079], [-8.423585998000021, 41.92023378499999], [-8.424495214999979, 41.92135681899998], [-8.427510889000018, 41.921799204000024], [-8.43023154299999, 41.92359270600002], [-8.432640380999999, 41.923136254999974], [-8.433537046000026, 41.92155839600002], [-8.436247143000003, 41.92110107399998], [-8.436845561999974, 41.920199196], [-8.438656921000018, 41.92086956700001], [-8.438661240999977, 41.92176983899998], [-8.439568576, 41.922442613999976], [-8.445598061999988, 41.92287637700002], [-8.447411811999984, 41.923996742999975], [-8.448021234999999, 41.925345483], [-8.450129752999999, 41.92511456599999], [-8.450134235999997, 41.92601483599998], [-8.452248411000028, 41.92690921600001], [-8.452254052, 41.928034552999975], [-8.453461876000006, 41.928481304], [-8.456490656000028, 41.931398666999996], [-8.460410089999982, 41.931612547999976], [-8.46010521400001, 41.93093821299999], [-8.461307346000012, 41.930259546], [-8.46793696100002, 41.93001519500001], [-8.469750110999996, 41.93091013600002], [-8.473064341999986, 41.930675228999974], [-8.474577382999996, 41.93179605900002], [-8.476075933999994, 41.93021606899998], [-8.485411838999994, 41.928837182999985], [-8.48660741499998, 41.92703291999999], [-8.486294797000028, 41.92500825600001], [-8.488398143999973, 41.923876371000006], [-8.488694486999975, 41.922975166000015], [-8.491102877000003, 41.92251749000002], [-8.49230325100001, 41.921613433999994], [-8.491994284999976, 41.92026398500002], [-8.493194603999996, 41.91935991700001], [-8.492277875000013, 41.9171121], [-8.48985709599998, 41.91531913199998], [-8.490440822999972, 41.91194124200001], [-8.487725249999983, 41.911274503000016], [-8.489226766000002, 41.91036954100002], [-8.489219220999985, 41.90901913900001], [-8.490720665000026, 41.90811415799999], [-8.490716877000011, 41.90743895600002], [-8.489805445999991, 41.906091382], [-8.488301528000022, 41.90654621800002], [-8.487093877999996, 41.90609982900003], [-8.48708512799999, 41.90452435899999], [-8.48768768399998, 41.904522488], [-8.487070130000006, 41.90182354900003], [-8.488272687000006, 41.901369671], [-8.490065164999976, 41.898663236000004], [-8.49247137399999, 41.89798047400001], [-8.493066258999988, 41.89662817499999], [-8.493967440000006, 41.89617519000001], [-8.493959812000014, 41.89482479399999], [-8.492751081999984, 41.89415340199997], [-8.492747280999993, 41.89347820199998], [-8.49424068799999, 41.891222782], [-8.496645290000004, 41.89031486599998], [-8.498442264000005, 41.888508564000006], [-8.49812178000002, 41.88513353600001], [-8.500832460000026, 41.885124831999974], [-8.502030712000021, 41.883995614000014], [-8.504137672000013, 41.88376371200002], [-8.505337149000013, 41.882859525000015], [-8.50533190599998, 41.88195926100002], [-8.506533961999992, 41.88150519300001], [-8.507725446999984, 41.87925058299999], [-8.510129409000001, 41.878342386999975], [-8.510124098999995, 41.87744212199999], [-8.513134260000015, 41.87720706800002], [-8.51493308800002, 41.87585063900002], [-8.51491427100001, 41.872699711999985], [-8.513100818999987, 41.87158040899999], [-8.512778317000027, 41.86798090899998], [-8.510067040000024, 41.86776426099999], [-8.509157114999994, 41.866642469], [-8.507351836999987, 41.86687347499998], [-8.506455103999997, 41.86800176600002], [-8.504948265999985, 41.86778105299999], [-8.504349976000015, 41.86845820899998], [-8.504656312999998, 41.86935749999998], [-8.503455777999989, 41.87003717599998], [-8.503161175999992, 41.87116348799998], [-8.497740996999994, 41.871180933999995], [-8.497743560000004, 41.871630503999995], [-8.495332018999989, 41.871188605999976], [-8.495334566999986, 41.871638175999976], [-8.488707341999998, 41.87120944200001], [-8.486909329000014, 41.872790527999996], [-8.486616907999974, 41.87436693199999], [-8.487226663000001, 41.875715463999995], [-8.486324475999993, 41.875942768000016], [-8.486341890000006, 41.87909370800003], [-8.483636396999998, 41.880002898999976], [-8.483643804999986, 41.8813533], [-8.483042696999973, 41.881580214999985], [-8.477925223, 41.882045377], [-8.47732044999998, 41.88159762499998], [-8.477307112000005, 41.87912132500003], [-8.476703583000017, 41.878898074000006], [-8.476684221000028, 41.875296999], [-8.473961941000027, 41.873054454], [-8.473957138999992, 41.87215418400001], [-8.472147993000021, 41.871709434000024], [-8.467338231999975, 41.873299126000006], [-8.46552909799999, 41.872854835], [-8.46431874000001, 41.87173243799998], [-8.461308642999995, 41.87196621099997], [-8.460701776999997, 41.87106823300002], [-8.459204208000017, 41.87264802499999], [-8.456191767999997, 41.87243152999997], [-8.456175831999985, 41.869280014000026], [-8.454058996000015, 41.867485421000026], [-8.451044577999994, 41.866819212999985], [-8.450740113999984, 41.86614428399997], [-8.441702779000025, 41.86526938200001], [-8.441103839999982, 41.86594565199999], [-8.438695048999989, 41.865952134999986], [-8.437794973999985, 41.86662976000002], [-8.434782887999972, 41.86641270000001], [-8.434172201000024, 41.86461373999998], [-8.431766615000015, 41.865295849000006], [-8.429046314000004, 41.863051665], [-8.425123971000005, 41.86126177099999], [-8.424215611000022, 41.86013873500002], [-8.424509492000027, 41.85856248099998], [-8.423604252000018, 41.858114648000026], [-8.42329705100002, 41.85676499800002], [-8.425101328999972, 41.856309683999996], [-8.424790002000009, 41.85406032100002], [-8.425689004999981, 41.853157167000006], [-8.428694193000013, 41.85202405000001], [-8.428681701000016, 41.849323778999974], [-8.434096907000026, 41.84863382899999], [-8.436210432999985, 41.849979226000016], [-8.438317605000009, 41.849973605], [-8.444934644, 41.848829776], [-8.447348329000022, 41.849949073999994], [-8.449147793000009, 41.84859310500002], [-8.450652879000017, 41.84858892400001], [-8.451852460999987, 41.84768528799998], [-8.452147862000004, 41.846559662999994], [-8.454549138000004, 41.845202486999995], [-8.453939230000003, 41.84362813500002], [-8.45273075, 41.84273123899999], [-8.450021839999977, 41.84273879800003], [-8.447603956000023, 41.84071984000002], [-8.446400032999975, 41.840723153], [-8.446393417000024, 41.83937273599997], [-8.445491590000017, 41.83960028400003], [-8.44427564, 41.837127807], [-8.442765371000007, 41.836006553999994], [-8.443058693000012, 41.83443024799999], [-8.444557972999974, 41.83330080000002], [-8.444244980000008, 41.83082585400001], [-8.446640322000007, 41.82834349000001], [-8.446635909999998, 41.82744321000001], [-8.444823815999996, 41.82609773799999], [-8.443901401000005, 41.82204893900001], [-8.442393664000008, 41.821377815999995], [-8.443592856999999, 41.82047426499997], [-8.443880631000013, 41.81777260199999], [-8.444775574000005, 41.81619464200003], [-8.442059083999993, 41.81440145099998], [-8.437848142000007, 41.81463784599998], [-8.436627623999982, 41.811039924], [-8.434821509000017, 41.810819643], [-8.433613915000024, 41.80992253599999], [-8.433607573000018, 41.80857211199998], [-8.432100261000016, 41.807900845999995], [-8.43149336099998, 41.806777065999995], [-8.430291110999974, 41.80700528], [-8.427299429000016, 41.81061422099998], [-8.425494393000008, 41.81061886399999], [-8.425196626999991, 41.81129484899998], [-8.423393608000026, 41.81174960200002], [-8.423399736000022, 41.81310002700002], [-8.42249411900002, 41.81242711200002], [-8.421290720999991, 41.81243016000002], [-8.420692062, 41.81310688899998], [-8.41858408600001, 41.812662042], [-8.417386681999972, 41.81401547500002], [-8.412573952999992, 41.814252451000016], [-8.412578870999994, 41.81537780399998], [-8.411077491000015, 41.81605670099998], [-8.411385213000017, 41.81763146499998], [-8.407171048999999, 41.81719152900001], [-8.404771729000004, 41.818997861000014], [-8.403268271000002, 41.819226508999975], [-8.402984500000002, 41.82327850399997], [-8.402382694999972, 41.823279931], [-8.401188537999985, 41.825533484999994], [-8.402101691999974, 41.82800713900002], [-8.400898946999973, 41.82823504700002], [-8.399700888999973, 41.82958829699999], [-8.400023449999992, 41.83476422299998], [-8.399422480999988, 41.83499070200003], [-8.399427172999992, 41.83611605499999], [-8.39702414200002, 41.83724701199998], [-8.397331628000018, 41.83882181199999], [-8.396135152999989, 41.84062516199998], [-8.396144424, 41.842875866999975], [-8.395543366000027, 41.84310232600001], [-8.395252536999976, 41.845578794000005], [-8.392245231000004, 41.84626089300002], [-8.392252541000005, 41.84806145599998], [-8.391352224999991, 41.848738717], [-8.391357689000017, 41.85008913899998], [-8.390156305999994, 41.850767072], [-8.389865235999991, 41.85324352700002], [-8.386564518, 41.85595178400001], [-8.386570775999985, 41.857527274000006], [-8.39078472, 41.857293312000024], [-8.392294585999991, 41.85841525000001], [-8.396204716, 41.857505436999986], [-8.397104171000024, 41.856603069000016], [-8.404036104999989, 41.85838793800002], [-8.406438842, 41.857031764], [-8.406434020999995, 41.85590585199998], [-8.407336213999997, 41.85567917399999], [-8.409142522000025, 41.85567481099997], [-8.41004958100001, 41.85657233500001], [-8.413359217999982, 41.85611409699999], [-8.414870446999998, 41.85746080199999], [-8.416373753000016, 41.857007493000026], [-8.417882048000024, 41.857678384999986], [-8.418796309000015, 41.860152450999976], [-8.420307744000013, 41.86149908300001], [-8.413995983000007, 41.86399061100002], [-8.413712701000009, 41.86804203899999], [-8.414320869999983, 41.869390968999994], [-8.414026686, 41.87096719499999], [-8.413124308000022, 41.87119504999998], [-8.413127267999982, 41.87186969700002], [-8.412226841000006, 41.87254768499997], [-8.410117949999972, 41.872327197999994], [-8.407109556000023, 41.87301025300002], [-8.406211939000002, 41.874362838000025], [-8.403505498000015, 41.87526902000002], [-8.402309476000028, 41.877298059], [-8.399605682000015, 41.87887991600002], [-8.399317671000006, 41.88203102199998], [-8.397512486999972, 41.882485368000005], [-8.397215039999992, 41.88338690299997], [-8.39481112599998, 41.88474287299999], [-8.394822213999987, 41.887443701999985], [-8.393620166999995, 41.88812110399999], [-8.39302693899998, 41.890373728999975], [-8.39062267700001, 41.89172961100002], [-8.390938464999977, 41.895329464999975], [-8.390340531999982, 41.89645617000002], [-8.387033132999989, 41.89803907800001], [-8.386439584000016, 41.900291666999976], [-8.385854040000027, 41.904569321], [-8.387668930000018, 41.90636585499999], [-8.387384734000022, 41.910642843999995], [-8.387991863000025, 41.911766847000024], [-8.387405425999987, 41.915818874000024], [-8.386204566000004, 41.91694690000003], [-8.383492508000018, 41.916952888000026], [-8.382900432999975, 41.91965503799997], [-8.381399822999981, 41.92123380999999]]]}}, {"type": "Feature", "properties": {"name": "Rio de Germil", "subBasin": "Lima", "basin": "PT01_LIMA", "code": "PT01LIM0039"}, "geometry": {"type": "Polygon", "coordinates": [[[-8.241344862000005, 41.791136988999995], [-8.246460049000007, 41.79248240099997], [-8.250674418000017, 41.79450375800002], [-8.253686360000017, 41.796751315999984], [-8.255490597000005, 41.79652486399999], [-8.256394675000024, 41.797423622], [-8.258500578999985, 41.797646937000025], [-8.260609223000017, 41.799220092999974], [-8.264519479, 41.79921561200001], [-8.266026251000028, 41.800564294000026], [-8.267831968999985, 41.801012313], [-8.269039969999994, 41.803261599999985], [-8.272653122000008, 41.80483271999998], [-8.274763844000006, 41.80708026399998], [-8.279279325000005, 41.80842496899999], [-8.284093165999991, 41.80864372399998], [-8.284089961000006, 41.80729328199999], [-8.286492767000027, 41.80571454300002], [-8.290701443999978, 41.80458340199999], [-8.293103427999995, 41.802779441999974], [-8.295210209000004, 41.80322716500001], [-8.296417471999973, 41.80480094699999], [-8.297922124000024, 41.805023843000015], [-8.298826919000021, 41.80592225100003], [-8.303944478999995, 41.807265098000016], [-8.309355626000013, 41.805906375000006], [-8.311156145999973, 41.80432804600002], [-8.312660853000011, 41.804550757000015], [-8.31536302500001, 41.80274585199999], [-8.315359165000018, 41.80139541800003], [-8.312650711999993, 41.800950152999974], [-8.312047214000017, 41.800275312999986], [-8.312344199999984, 41.798924962], [-8.311139162000018, 41.798251074999996], [-8.310533205000013, 41.796676493999996], [-8.307524193000006, 41.79623157999998], [-8.307525424999994, 41.79668115999999], [-8.305119821999995, 41.796909906999986], [-8.304215069000008, 41.796011541999974], [-8.301507496999989, 41.79578995899999], [-8.300301456, 41.79466693400002], [-8.300297316000012, 41.79309141099998], [-8.299392102000013, 41.791967371], [-8.293975106999994, 41.790624735999984], [-8.293370211000024, 41.789275148], [-8.289457796000022, 41.78815467499999], [-8.288854663999984, 41.787480845000005], [-8.285545517999992, 41.78703463699998], [-8.28584138399998, 41.785009118999994], [-8.287343897000028, 41.78455693500001], [-8.287038282000026, 41.782531111000026], [-8.28823891899998, 41.78162973399998], [-8.288236175000009, 41.78050436199999], [-8.290638445000013, 41.779150587000004], [-8.291234237000026, 41.77689844499997], [-8.294235379999975, 41.77464402099997], [-8.295433485999979, 41.772841707], [-8.295127090999983, 41.77059138999999], [-8.296927539000023, 41.769237772999986], [-8.296016959999974, 41.76586351499998], [-8.293609061999973, 41.764741576999995], [-8.286394546999986, 41.764976088000026], [-8.285195267000006, 41.76632816], [-8.281889329000023, 41.766782707999994], [-8.280680514999972, 41.76408337800001], [-8.27707301800001, 41.76408802999998], [-8.27707454900002, 41.76476382599998], [-8.274370406999992, 41.765441900999974], [-8.274372406999987, 41.7663422], [-8.271366053000008, 41.766345919], [-8.271367521999991, 41.76702114300002], [-8.269564662999983, 41.76747404700001], [-8.269568047999996, 41.76904958], [-8.26836592699999, 41.769275537], [-8.268367366000007, 41.769951323999976], [-8.266563458999997, 41.76995347100001], [-8.265964510999993, 41.771078988], [-8.261759868000013, 41.773335179000014], [-8.261761691000004, 41.77423491500002], [-8.257550958000024, 41.773564412999974], [-8.256048927999984, 41.774241286000006], [-8.25605023700001, 41.774917070000015], [-8.255148212999984, 41.77491805], [-8.254249187000028, 41.776493989000016], [-8.251844996999978, 41.777171771999974], [-8.252452300000016, 41.780322743], [-8.251251178000018, 41.78122374499998], [-8.25215371500002, 41.781447868999976], [-8.252156250999974, 41.78279831399999], [-8.251254116999974, 41.782799263000015], [-8.251257054999996, 41.78437478799998], [-8.249153251999985, 41.78505275700002], [-8.249154486999998, 41.78572741900001], [-8.245545783000011, 41.785731078000026], [-8.245546982999997, 41.78640686099999], [-8.244344454999975, 41.786632575], [-8.244346828999994, 41.78798357900001], [-8.242544749999979, 41.789335790999985], [-8.240740300000027, 41.789337531], [-8.241344862000005, 41.791136988999995]]]}}, {"type": "Feature", "properties": {"name": "Rio Estor\u00e3os", "subBasin": "Lima", "basin": "PT01_LIMA", "code": "PT01LIM0040"}, "geometry": {"type": "Polygon", "coordinates": [[[-8.62160527399999, 41.845059650999985], [-8.62403218999998, 41.847525056999984], [-8.626441956000008, 41.84773975500002], [-8.627652929000021, 41.84863481299999], [-8.633975849000024, 41.84883236500002], [-8.634894757999973, 41.85085399500002], [-8.636100613999986, 41.85107376799999], [-8.636107691999996, 41.85197402599999], [-8.639141053000003, 41.854886591000025], [-8.640644458999986, 41.85465485899999], [-8.642457836999995, 41.85554708500001], [-8.645794525999975, 41.858683197000005], [-8.650892407000015, 41.85618442700002], [-8.654202031000011, 41.855944324999996], [-8.656327734000001, 41.85818535499999], [-8.658730590000005, 41.857499124000014], [-8.659024237999972, 41.85659747300002], [-8.661129690999985, 41.856362703], [-8.662621865000006, 41.854780296], [-8.662300351999988, 41.85230597399999], [-8.663500713000019, 41.85185026900001], [-8.663474598999983, 41.84869936199999], [-8.665579782999998, 41.84846450499998], [-8.668570997000018, 41.846199798999976], [-8.670384532000014, 41.84709159900001], [-8.671582844, 41.84641073400002], [-8.673390709999978, 41.846627290000015], [-8.675183355000001, 41.845043284999974], [-8.674869032999993, 41.843469260999996], [-8.679061661999981, 41.840973510000026], [-8.678735747000019, 41.83804909899999], [-8.679630944999985, 41.83714452700002], [-8.678400294000028, 41.83399935699998], [-8.678066799000021, 41.830174682000006], [-8.677463047999993, 41.82995248399999], [-8.677447745999984, 41.82815195500001], [-8.678346642999998, 41.82769752500002], [-8.678335146999984, 41.82634713300001], [-8.679230193000024, 41.82544312900001], [-8.678624548000016, 41.82499531000002], [-8.678910112999972, 41.823193343000014], [-8.681918970000027, 41.82317893800001], [-8.68341760200002, 41.822497075], [-8.684013568000012, 41.82181841900001], [-8.68400002200002, 41.82024295299999], [-8.685795545000019, 41.819108915000015], [-8.689110947000017, 41.81976862099998], [-8.689718546999984, 41.82044032800002], [-8.691478672000017, 41.81525501700003], [-8.69297898100001, 41.814797527999986], [-8.692666341999995, 41.813448600000015], [-8.695358113999987, 41.811634793999986], [-8.692326229999992, 41.80894875400003], [-8.691704981999976, 41.80670103099999], [-8.69049783700001, 41.806256776], [-8.690790811, 41.80535504300002], [-8.692292855000005, 41.80512262899998], [-8.692281077000018, 41.803772235], [-8.688339568999993, 41.80019026100001], [-8.684427514999982, 41.799984129999984], [-8.682917834000023, 41.79931618400002], [-8.682609351999986, 41.798417383000015], [-8.681406268999979, 41.798423162000006], [-8.680195512000012, 41.79752867600001], [-8.674783615000024, 41.79777952799998], [-8.672704739999972, 41.80094037499998], [-8.672725575000015, 41.80341609499999], [-8.670033511999975, 41.80522937699999], [-8.66522439900001, 41.80570202299998], [-8.664333172999989, 41.80705662399998], [-8.655013499999995, 41.807774798000025], [-8.652904137000007, 41.80733426400002], [-8.652295217000017, 41.80643673100002], [-8.650185925000017, 41.80599614699997], [-8.64957704699998, 41.80509859900002], [-8.647766810000007, 41.80443154599999], [-8.645056011999998, 41.80399357599998], [-8.644458003000011, 41.804446403999975], [-8.644452617000013, 41.803771204999975], [-8.642946841000025, 41.80355285899998], [-8.643233305000024, 41.801750981], [-8.642629940999996, 41.801528598000004], [-8.641127794999989, 41.80176036400002], [-8.639315952999993, 41.80086811799998], [-8.637514789000022, 41.80132622899998], [-8.637199850999991, 41.799527040999976], [-8.635389896999982, 41.798859798000024], [-8.635082071, 41.797960864000004], [-8.633873714999993, 41.797290954999994], [-8.634167450000007, 41.796389377000025], [-8.633557143000019, 41.795266689000016], [-8.631752597000002, 41.795275145000005], [-8.629356972999972, 41.796635451999975], [-8.628472069999987, 41.798890012000015], [-8.625476411000022, 41.80047847399999], [-8.621267172999978, 41.800721614999986], [-8.620974950000004, 41.801848224000025], [-8.61947270799999, 41.80207970499998], [-8.618279770000015, 41.803435224], [-8.617078280999976, 41.8036654], [-8.617720732999999, 41.80906445300002], [-8.616537820000019, 41.81177035600001], [-8.617744567999978, 41.81221538800003], [-8.618356471000027, 41.813563234000014], [-8.619561557999987, 41.81378318100002], [-8.61957010499998, 41.81490851799998], [-8.621985498000015, 41.816023572999995], [-8.620508616999984, 41.819631062999974], [-8.622324171999992, 41.82097374599999], [-8.622045633000027, 41.82390089400002], [-8.622953472999995, 41.824572225], [-8.622962081000026, 41.82569756100003], [-8.622083443999998, 41.82885235100002], [-8.622692153999992, 41.829750038999975], [-8.621490198999993, 41.829980252999974], [-8.621500501000014, 41.831330647000016], [-8.619402555000022, 41.832464963999996], [-8.617615695999973, 41.834948353000016], [-8.616413618000024, 41.835178514999996], [-8.614920745000006, 41.836760330999994], [-8.618239759000005, 41.83787165299998], [-8.618550959000004, 41.83922076900001], [-8.619457275000002, 41.839667065000015], [-8.620078042999978, 41.842140219999976], [-8.621894225999995, 41.843482911000024], [-8.62160527399999, 41.845059650999985]]]}}, {"type": "Feature", "properties": {"name": "Rio Lima (HMWB - Jusante B. Touvedo)", "subBasin": "Lima", "basin": "PT01_LIMA", "code": "PT01LIM0041"}, "geometry": {"type": "Polygon", "coordinates": [[[-8.454549138000004, 41.845202486999995], [-8.456664117000003, 41.84677201300002], [-8.457563717000028, 41.846093680000024], [-8.45997176200001, 41.84608680500003], [-8.459969461000014, 41.84563666700001], [-8.471110140999997, 41.84627942100002], [-8.472911398000008, 41.84537434399999], [-8.479232430000025, 41.84535534499997], [-8.479825892999997, 41.84377804000002], [-8.481028648999995, 41.843549306], [-8.484345744999985, 41.84466394399999], [-8.48494774300002, 41.844662089999986], [-8.484942796999974, 41.843762379], [-8.489157956999975, 41.843974378999974], [-8.490670478000027, 41.845320082], [-8.492451205000009, 41.84081248799998], [-8.493350341999985, 41.84013443499998], [-8.492739538000023, 41.838560857999994], [-8.493341475000022, 41.83855896], [-8.493335143000024, 41.83743361500001], [-8.494234227999982, 41.83675555899998], [-8.494220262999988, 41.834279805999984], [-8.492704138000022, 41.832258938999985], [-8.492695288999982, 41.83068346099998], [-8.493295886999988, 41.830456493999975], [-8.49328955599998, 41.82933115399999], [-8.494792915999994, 41.82910132500001], [-8.494789103000016, 41.82842612600001], [-8.495990241000015, 41.82797216300003], [-8.495983862000003, 41.82684682399997], [-8.497183683999992, 41.82616778099998], [-8.49536294500001, 41.823472702000004], [-8.493551210000021, 41.82235307600001], [-8.493241458, 41.82077853499999], [-8.491730729999972, 41.819657929000016], [-8.491423554999983, 41.81853352500002], [-8.488703172999976, 41.816291302000025], [-8.48869067999999, 41.81404060699998], [-8.48688305799999, 41.81359607799999], [-8.487175207999996, 41.812019652000004], [-8.485968109999988, 41.811348176000024], [-8.485961912999983, 41.81022282700002], [-8.483545368000023, 41.80842968100001], [-8.484137153000006, 41.80662727499998], [-8.483531826999979, 41.80595391200001], [-8.483819082000025, 41.803477219], [-8.482914209, 41.80302985100002], [-8.482903143999977, 41.801004223999996], [-8.480189886999995, 41.79988713199998], [-8.478443468000023, 41.800073618], [-8.475421111999992, 41.79738183699999], [-8.474217994000014, 41.79738543899998], [-8.473911217000023, 41.79626098900002], [-8.472101803999976, 41.79536607699998], [-8.472089872000026, 41.79311538000002], [-8.471182848000012, 41.79221776999998], [-8.469679078000013, 41.792222213], [-8.469666046999976, 41.78974644200002], [-8.467858062000005, 41.789076540999986], [-8.469333354000014, 41.783670434999976], [-8.468671293, 41.78304160699997], [-8.468968448999988, 41.78236494599997], [-8.466861154000014, 41.78192097599998], [-8.466851763000022, 41.780120978000014], [-8.46564779900001, 41.779899414], [-8.464136170000018, 41.77832828700002], [-8.46382732799998, 41.776753101], [-8.462621129000013, 41.77608136399999], [-8.461700602999997, 41.77248339099998], [-8.458993497999984, 41.77226551299998], [-8.458680241000025, 41.769791145], [-8.457474219999995, 41.769118796999976], [-8.457469659000026, 41.76821906499998], [-8.455665818, 41.76822417699998], [-8.454474542000014, 41.770477719999974], [-8.451478099999974, 41.77251235599999], [-8.451186393, 41.77431376099997], [-8.450289969999972, 41.77544162800001], [-8.44788788400001, 41.77612294400001], [-8.447294259999978, 41.777700098000025], [-8.443384249000019, 41.777486281999984], [-8.443089024000017, 41.778612452999994], [-8.440991772000018, 41.78019365900002], [-8.439787896999974, 41.77997182500002], [-8.438287636999974, 41.78065050800001], [-8.438295157000027, 41.78222600800001], [-8.438898729000016, 41.782675106], [-8.438605547000009, 41.78425140899998], [-8.435609015000011, 41.78650957399998], [-8.437131926999996, 41.790557422000006], [-8.435929998999995, 41.79078512799998], [-8.433833237999977, 41.792591265], [-8.433544127999994, 41.79506784300003], [-8.432648142000005, 41.79642063799997], [-8.431148478000011, 41.79732543099999], [-8.42964458900002, 41.79732935099997], [-8.428446672999996, 41.79845726399998], [-8.428450827000006, 41.79935754500002], [-8.426951030999987, 41.80026228000003], [-8.42575610900002, 41.80206594399999], [-8.426061032000007, 41.802965454], [-8.423963578999974, 41.80477141799997], [-8.423381359000018, 41.809049303999984], [-8.41976428999999, 41.80748294099999], [-8.418856783000024, 41.80635984899999], [-8.419152564000001, 41.805233176], [-8.417345671000021, 41.804788105], [-8.416439240999978, 41.803889501000015], [-8.414032765999991, 41.80389545600002], [-8.413435086999982, 41.80479778799997], [-8.411630209000009, 41.80480221200003], [-8.40891803300002, 41.80368343399999], [-8.408611403000009, 41.80233317099999], [-8.409209121000004, 41.80143142999998], [-8.406495188999997, 41.79986245200001], [-8.406489406999981, 41.79851202399999], [-8.405281474999981, 41.79739010999998], [-8.400465234000023, 41.79650064499998], [-8.396862440999996, 41.79808456000001], [-8.393854622999982, 41.79809148800001], [-8.393250302000013, 41.79741821499999], [-8.393549244999974, 41.79696681500002], [-8.39203988600002, 41.79561981400002], [-8.392930291000027, 41.79269181900003], [-8.389015939999979, 41.79157587399999], [-8.388110089999998, 41.79067760999999], [-8.387802163000003, 41.78887770099999], [-8.385691651999991, 41.787531957], [-8.385073300999977, 41.783256911000024], [-8.384169403999977, 41.78280875799999], [-8.382957751999982, 41.78056067199998], [-8.382952466999996, 41.779209675000004], [-8.38174531300001, 41.77808693899999], [-8.38204073899999, 41.77673584299998], [-8.380234038000026, 41.776065109], [-8.378722846000016, 41.77404214500001], [-8.375709305999976, 41.77224801300002], [-8.37540437299998, 41.77112327999998], [-8.374501553000016, 41.770900118999975], [-8.374795396000025, 41.76909889500001], [-8.372985599999993, 41.76752775099999], [-8.37028319000001, 41.76843372000002], [-8.367878034, 41.768438704999994], [-8.366379739000024, 41.769792236], [-8.361570950999976, 41.770252137], [-8.361875637000026, 41.77137689800003], [-8.360675399000002, 41.77205396900001], [-8.361288790999993, 41.775428879], [-8.360389968999982, 41.776330976999986], [-8.360098087999972, 41.778807941000025], [-8.356800722999992, 41.78174044899998], [-8.353249570000003, 41.781747376], [-8.351748960999998, 41.782606112999986], [-8.348451786999988, 41.78576345699997], [-8.34935853899998, 41.787112191000006], [-8.346058012000015, 41.789369170999976], [-8.347267778999992, 41.791392565000024], [-8.346973821999995, 41.79341879499998], [-8.349089817999982, 41.79656584200001], [-8.343378782999991, 41.79770191699998], [-8.343381752000028, 41.79860220799998], [-8.341580724999972, 41.79973089600003], [-8.342191882000009, 41.80265573999998], [-8.343699625999989, 41.80377833099999], [-8.34550449599999, 41.803774972999975], [-8.34881795299998, 41.805119176000005], [-8.348821755000017, 41.80624454399998], [-8.351232175999996, 41.807365312], [-8.35123525199998, 41.80826560000003], [-8.352441665000015, 41.809163582], [-8.353357366000012, 41.812988053000026], [-8.355166403999988, 41.81410989400001], [-8.355171884000015, 41.81568541299998], [-8.354270058999987, 41.815912242000024], [-8.354279415999997, 41.81861310900001], [-8.35518519499999, 41.819511636000016], [-8.355189892999988, 41.82086206299999], [-8.353988661000017, 41.821539632], [-8.353993333999995, 41.822890056000006], [-8.353091416999973, 41.823116879], [-8.35189398, 41.82491976799997], [-8.351900152999974, 41.82672034699999], [-8.352809886999978, 41.828744254000014], [-8.35100663999998, 41.82942294100002], [-8.35191327299998, 41.830546561999995], [-8.352223482, 41.833246831999986], [-8.351627138000026, 41.834867386999974], [-8.356082531000027, 41.83440859799998], [-8.358190788000002, 41.83485459000002], [-8.358486973000026, 41.83350356400001], [-8.357280807999985, 41.832830735000016], [-8.35787793999998, 41.831479116000025], [-8.36389916600001, 41.832142277], [-8.369315288999985, 41.83190609799999], [-8.371403397999984, 41.82695014000001], [-8.37320805600001, 41.826721272999976], [-8.37380479799998, 41.82536957100001], [-8.376204368999993, 41.82333880800002], [-8.376795006000009, 41.82041159400001], [-8.379201234999982, 41.820181348999995], [-8.379797789000008, 41.81882961399998], [-8.381600443000025, 41.81815047399999], [-8.381896934999986, 41.81702445899998], [-8.383397762000016, 41.816120875000024], [-8.385510049000004, 41.817691728], [-8.385515387999988, 41.81904215600002], [-8.387929611999994, 41.82083737099998], [-8.392744746999995, 41.82105156900002], [-8.395159250999995, 41.822846631999994], [-8.395165713999972, 41.824422131000006], [-8.400585778999982, 41.82530982600002], [-8.401787521000017, 41.82485685500001], [-8.402382694999972, 41.823279931], [-8.402984500000002, 41.82327850399997], [-8.403268271000002, 41.819226508999975], [-8.404771729000004, 41.818997861000014], [-8.407171048999999, 41.81719152900001], [-8.411385213000017, 41.81763146499998], [-8.411077491000015, 41.81605670099998], [-8.412578870999994, 41.81537780399998], [-8.412573952999992, 41.814252451000016], [-8.417386681999972, 41.81401547500002], [-8.41858408600001, 41.812662042], [-8.420692062, 41.81310688899998], [-8.421290720999991, 41.81243016000002], [-8.42249411900002, 41.81242711200002], [-8.423399736000022, 41.81310002700002], [-8.423393608000026, 41.81174960200002], [-8.425196626999991, 41.81129484899998], [-8.425494393000008, 41.81061886399999], [-8.427299429000016, 41.81061422099998], [-8.429994454999985, 41.80790634700003], [-8.429991326999982, 41.80723113900001], [-8.43149336099998, 41.806777065999995], [-8.432100261000016, 41.807900845999995], [-8.433607573000018, 41.80857211199998], [-8.433613915000024, 41.80992253599999], [-8.434821509000017, 41.810819643], [-8.436627623999982, 41.811039924], [-8.437848142000007, 41.81463784599998], [-8.442059083999993, 41.81440145099998], [-8.444775574000005, 41.81619464200003], [-8.443880631000013, 41.81777260199999], [-8.443592856999999, 41.82047426499997], [-8.442393664000008, 41.821377815999995], [-8.443901401000005, 41.82204893900001], [-8.444823815999996, 41.82609773799999], [-8.446635909999998, 41.82744321000001], [-8.446640322000007, 41.82834349000001], [-8.444244980000008, 41.83082585400001], [-8.444557972999974, 41.83330080000002], [-8.443058693000012, 41.83443024799999], [-8.442765371000007, 41.836006553999994], [-8.44427564, 41.837127807], [-8.445491590000017, 41.83960028400003], [-8.446393417000024, 41.83937273599997], [-8.446400032999975, 41.840723153], [-8.447603956000023, 41.84071984000002], [-8.450021839999977, 41.84273879800003], [-8.45273075, 41.84273123899999], [-8.453939230000003, 41.84362813500002], [-8.454549138000004, 41.845202486999995]]]}}, {"type": "Feature", "properties": {"name": "Rio Cabr\u00e3o", "subBasin": "Lima", "basin": "PT01_LIMA", "code": "PT01LIM0042"}, "geometry": {"type": "Polygon", "coordinates": [[[-8.492451205000009, 41.84081248799998], [-8.490379523000001, 41.847121007], [-8.492485331000012, 41.846889886999975], [-8.494297732000007, 41.84800952699999], [-8.495213502000013, 41.850256779999995], [-8.498226310999996, 41.85069789099998], [-8.501836018999995, 41.850235579000014], [-8.50425986099998, 41.85292858299999], [-8.511483353000017, 41.852679792], [-8.515086347000022, 41.85109285300001], [-8.517799635000017, 41.85175839200002], [-8.518394919999992, 41.850631591000024], [-8.520805831000018, 41.85107357099997], [-8.521098666, 41.84972214499999], [-8.520491176999997, 41.848823357000015], [-8.521086385999979, 41.84769653799998], [-8.521986672000025, 41.84724276999998], [-8.523795464999978, 41.84768730000002], [-8.527095480000014, 41.845874822999974], [-8.527078852999978, 41.84317401200002], [-8.530080354000006, 41.84181374899998], [-8.53005383300001, 41.837537465000025], [-8.530655760000002, 41.837535371], [-8.531547429, 41.835731119], [-8.536041884999975, 41.832564332000004], [-8.536034803000007, 41.831438993999996], [-8.53753661899998, 41.83098354100002], [-8.536022055999979, 41.82941338400002], [-8.536014974000011, 41.82828804600001], [-8.538412343000005, 41.826704052000025], [-8.538694718999977, 41.823777103], [-8.535386270000004, 41.824013885], [-8.533874748000017, 41.82289383199998], [-8.530865832000018, 41.82290435499999], [-8.529351621999979, 41.82133411199999], [-8.529642747000025, 41.819757590999984], [-8.52722049900001, 41.817290171000025], [-8.524814943000024, 41.81752352699999], [-8.524519578000024, 41.81842482600001], [-8.522112610000022, 41.818433055000014], [-8.522401170000023, 41.816406418999975], [-8.521482214999992, 41.81370866899999], [-8.519060493999973, 41.81124107699998], [-8.516653797999993, 41.811249195000016], [-8.515445074000013, 41.810352955999974], [-8.515438360000019, 41.80922760999999], [-8.51393288600002, 41.809007570999995], [-8.513025062999986, 41.80811030199999], [-8.510312370000008, 41.80721901099997], [-8.507003343000008, 41.80722990100003], [-8.505488773000025, 41.80543425899998], [-8.501884232999998, 41.80634626199998], [-8.499769496999988, 41.804777559], [-8.49284830800002, 41.804349425], [-8.492840726999987, 41.80299900799997], [-8.488312436000001, 41.80008723100002], [-8.488605722999978, 41.798735878], [-8.487999166000009, 41.79783746999999], [-8.486198211999977, 41.79851826800001], [-8.484389797000006, 41.79784863100002], [-8.485276028999976, 41.794919945000004], [-8.483003440999994, 41.79373854300002], [-8.482263803000023, 41.794091606999984], [-8.482571595000024, 41.79537840199998], [-8.47867985900001, 41.79876635099998], [-8.478683509000007, 41.79944155700002], [-8.482903143999977, 41.801004223999996], [-8.482914209, 41.80302985100002], [-8.483819082000025, 41.803477219], [-8.483531826999979, 41.80595391200001], [-8.484137153000006, 41.80662727499998], [-8.483545368000023, 41.80842968100001], [-8.485961912999983, 41.81022282700002], [-8.485968109999988, 41.811348176000024], [-8.487175207999996, 41.812019652000004], [-8.48688305799999, 41.81359607799999], [-8.48869067999999, 41.81404060699998], [-8.488703172999976, 41.816291302000025], [-8.491423554999983, 41.81853352500002], [-8.491730729999972, 41.819657929000016], [-8.493241458, 41.82077853499999], [-8.493551210000021, 41.82235307600001], [-8.49536294500001, 41.823472702000004], [-8.495973661999983, 41.825046268999984], [-8.497182404, 41.825942709], [-8.495983862000003, 41.82684682399997], [-8.495990241000015, 41.82797216300003], [-8.494789103000016, 41.82842612600001], [-8.49419360600001, 41.82955336700002], [-8.49328955599998, 41.82933115399999], [-8.493295886999988, 41.830456493999975], [-8.492695288999982, 41.83068346099998], [-8.492704138000022, 41.832258938999985], [-8.494220262999988, 41.834279805999984], [-8.494234227999982, 41.83675555899998], [-8.493335143000024, 41.83743361500001], [-8.493341475000022, 41.83855896], [-8.492739538000023, 41.838560857999994], [-8.493350341999985, 41.84013443499998], [-8.492451205000009, 41.84081248799998]]]}}, {"type": "Feature", "properties": {"name": "Ribeiro do Couto", "subBasin": "Lima", "basin": "PT01_LIMA", "code": "PT01LIM0043"}, "geometry": {"type": "Polygon", "coordinates": [[[-8.490129061000005, 41.748315049999974], [-8.48983477600001, 41.749441343], [-8.490754032999973, 41.75258952299998], [-8.48955300900002, 41.75281779199997], [-8.488656301999981, 41.753721445999986], [-8.488663800999973, 41.75507187300002], [-8.48776455799998, 41.755524815], [-8.488384454000027, 41.75889845199998], [-8.489289994999979, 41.75957142200002], [-8.489311278999992, 41.76339706300001], [-8.487215675000016, 41.764979100000005], [-8.486922513000025, 41.766330455], [-8.487525022, 41.76655366199998], [-8.48784436599999, 41.76992935200002], [-8.490867207999997, 41.77284589300001], [-8.494184646999997, 41.77463548399999], [-8.495709680999994, 41.77845747600003], [-8.498728135000022, 41.78047295699997], [-8.505347355000026, 41.781127352], [-8.50565462100002, 41.78225115599997], [-8.506862682000019, 41.78314750200002], [-8.509562426000002, 41.782013269000004], [-8.512868807000018, 41.781777232000024], [-8.514379021000025, 41.782898131000024], [-8.520086975000027, 41.78197806899999], [-8.522797394999998, 41.782644627000025], [-8.523404286000016, 41.783542286], [-8.524604366999995, 41.78308803200002], [-8.524896814999977, 41.78173658399999], [-8.524292663999972, 41.78128907299998], [-8.524892686999976, 41.78106194100002], [-8.524883043999978, 41.77948589699997], [-8.524280286000021, 41.779262888000005], [-8.524567218000016, 41.777011731000016], [-8.523963114000026, 41.77656308799999], [-8.523953499000015, 41.77498760999998], [-8.523350787000027, 41.774764597], [-8.523341185999982, 41.773189109999976], [-8.522738498000024, 41.772966094000026], [-8.522429633000002, 41.771616704999985], [-8.520322346, 41.771174282000004], [-8.520009449999975, 41.769149116999984], [-8.522097541999983, 41.76644113100002], [-8.52629115000002, 41.763951513999984], [-8.526287002999993, 41.76327574099997], [-8.529280622999977, 41.761240285999975], [-8.529276444999994, 41.76056451699998], [-8.525043247999974, 41.75652834599998], [-8.52263721700001, 41.75631093700002], [-8.522328437999988, 41.754962105999994], [-8.520520900000008, 41.75429246300001], [-8.520516821000001, 41.75361781800001], [-8.52201420099999, 41.752711869999985], [-8.520805129999985, 41.75159060200002], [-8.520191782999973, 41.74956757299998], [-8.516877634000025, 41.74822830800002], [-8.516869546999999, 41.74687788699998], [-8.513846786999977, 41.74396202499997], [-8.511143387000004, 41.744195518000026], [-8.510840211000016, 41.743746934], [-8.50723524, 41.743983877999995], [-8.506338904000017, 41.744887112000015], [-8.503035680999972, 41.74534801200002], [-8.499127468999973, 41.745135527], [-8.49612980400002, 41.74649554000001], [-8.493724222000026, 41.74627751899999], [-8.490129061000005, 41.748315049999974]]]}}, {"type": "Feature", "properties": {"name": "Rio Estor\u00e3os", "subBasin": "Lima", "basin": "PT01_LIMA", "code": "PT01LIM0044"}, "geometry": {"type": "Polygon", "coordinates": [[[-8.632053344999974, 41.795273269000006], [-8.633557143000019, 41.795266689000016], [-8.634167450000007, 41.796389377000025], [-8.633873714999993, 41.797290954999994], [-8.635082071, 41.797960864000004], [-8.635389896999982, 41.798859798000024], [-8.637199850999991, 41.799527040999976], [-8.637514789000022, 41.80132622899998], [-8.639315952999993, 41.80086811799998], [-8.641127794999989, 41.80176036400002], [-8.642629940999996, 41.801528598000004], [-8.643233305000024, 41.801750981], [-8.642946841000025, 41.80355285899998], [-8.644452617000013, 41.803771204999975], [-8.644458003000011, 41.804446403999975], [-8.645056011999998, 41.80399357599998], [-8.647766810000007, 41.80443154599999], [-8.64957704699998, 41.80509859900002], [-8.650185925000017, 41.80599614699997], [-8.652295217000017, 41.80643673100002], [-8.652904137000007, 41.80733426400002], [-8.655013499999995, 41.807774798000025], [-8.664333172999989, 41.80705662399998], [-8.66522439900001, 41.80570202299998], [-8.670033511999975, 41.80522937699999], [-8.672725575000015, 41.80341609499999], [-8.672704739999972, 41.80094037499998], [-8.674783615000024, 41.79777952799998], [-8.680195512000012, 41.79752867600001], [-8.681406268999979, 41.798423162000006], [-8.682609351999986, 41.798417383000015], [-8.683824028000004, 41.79976197000002], [-8.687739953999994, 41.80041824599999], [-8.688939171000015, 41.799962274999984], [-8.688931371000024, 41.79906202400002], [-8.691323850999993, 41.797474862], [-8.691317977999972, 41.79679967300001], [-8.687685483999985, 41.794116495000026], [-8.68737306600002, 41.792767577999996], [-8.686465020000014, 41.792097324999986], [-8.686759929999994, 41.79142011699997], [-8.685246559999996, 41.79030207599999], [-8.68313757499999, 41.78986209999999], [-8.68101709199999, 41.78807170900001], [-8.67801368900001, 41.788536212999986], [-8.67710579300001, 41.78786588700001], [-8.675602189000017, 41.78787303399997], [-8.672882442000002, 41.786310404999995], [-8.671679585999982, 41.786316080000006], [-8.668655531000013, 41.78430407799999], [-8.668649897000023, 41.78362888800001], [-8.667443343999992, 41.78318439200001], [-8.666830711999978, 41.78183738299998], [-8.66531977599999, 41.780944139999974], [-8.665614862999973, 41.780266982], [-8.664709072999983, 41.77982105199999], [-8.664697891000003, 41.778470672000026], [-8.663487740999983, 41.777576564000015], [-8.663476584000023, 41.776226178], [-8.662871530000018, 41.77577827900001], [-8.65564821999999, 41.77491181099998], [-8.65413759400002, 41.77401785400002], [-8.652032987999974, 41.774027432000025], [-8.649336115999972, 41.77516501299999], [-8.648743834000015, 41.776293614], [-8.647245887999986, 41.77697502199999], [-8.644867432000012, 41.78036179399999], [-8.641856974999996, 41.779925092999974], [-8.641846268999984, 41.77857470800001], [-8.640940676000014, 41.778128589000005], [-8.637334303999978, 41.77836963599998], [-8.634916552999982, 41.77680477199999], [-8.632818864, 41.777714823], [-8.63222450699999, 41.77861715199998], [-8.632245516000012, 41.78131793099999], [-8.633154612999988, 41.782214246000024], [-8.633161629000028, 41.78311450699999], [-8.631364410999993, 41.784022651999976], [-8.629874828000027, 41.78582972100003], [-8.630783958999984, 41.786726617], [-8.630498938000017, 41.788752948000024], [-8.631102143000021, 41.78897539299999], [-8.630512900999975, 41.790553467999985], [-8.632340091000003, 41.79347144000002], [-8.632053344999974, 41.795273269000006]]]}}, {"type": "Feature", "properties": {"name": "Rio Labruja", "subBasin": "Lima", "basin": "PT01_LIMA", "code": "PT01LIM0045"}, "geometry": {"type": "Polygon", "coordinates": [[[-8.584165207000012, 41.871321857], [-8.586273029999973, 41.87131352], [-8.591406559000006, 41.873318686999994], [-8.593512831999988, 41.87308515000001], [-8.595311446999972, 41.871952529], [-8.599222736000002, 41.87148650099999], [-8.600713509000002, 41.86945477199998], [-8.600106358000005, 41.868782044], [-8.600693752999973, 41.86675399400002], [-8.606106785999998, 41.865831448999984], [-8.606693959999973, 41.863803373999986], [-8.607888259999982, 41.862447995000025], [-8.61029180700001, 41.86176277499999], [-8.610584469999992, 41.86063618999998], [-8.609679604999997, 41.86041489600001], [-8.609674572000017, 41.85973969999998], [-8.61117145999998, 41.85860809600001], [-8.612355449000006, 41.85590227199998], [-8.614755313999979, 41.854766831999996], [-8.615347207000013, 41.853413898999975], [-8.617445905000011, 41.852279667000005], [-8.617736701000013, 41.85092800199999], [-8.619835271, 41.849793724999984], [-8.619830134999972, 41.84911852699997], [-8.620731448000015, 41.84888961600001], [-8.62251857299998, 41.846406178999985], [-8.62160527399999, 41.845059650999985], [-8.621894225999995, 41.843482911000024], [-8.620078042999978, 41.842140219999976], [-8.619457275000002, 41.839667065000015], [-8.618550959000004, 41.83922076900001], [-8.618239759000005, 41.83787165299998], [-8.614920745000006, 41.836760330999994], [-8.616413618000024, 41.835178514999996], [-8.617615695999973, 41.834948353000016], [-8.619402555000022, 41.832464963999996], [-8.621500501000014, 41.831330647000016], [-8.621490198999993, 41.829980252999974], [-8.622692153999992, 41.829750038999975], [-8.622083443999998, 41.82885235100002], [-8.622962081000026, 41.82569756100003], [-8.622953472999995, 41.824572225], [-8.622045633000027, 41.82390089400002], [-8.622324171999992, 41.82097374599999], [-8.620508616999984, 41.819631062999974], [-8.621985498000015, 41.816023572999995], [-8.61957010499998, 41.81490851799998], [-8.619561557999987, 41.81378318100002], [-8.618356471000027, 41.813563234000014], [-8.617744567999978, 41.81221538800003], [-8.616537820000019, 41.81177035600001], [-8.617720732999999, 41.80906445300002], [-8.617078280999976, 41.8036654], [-8.615265029999989, 41.80254826100003], [-8.614651596999977, 41.800974774999986], [-8.613445086000013, 41.800529708], [-8.612821621000023, 41.79760638900001], [-8.609484728999973, 41.793794694999974], [-8.609175622999999, 41.792670622], [-8.610076187000004, 41.79244179099999], [-8.610370225999986, 41.791539709000006], [-8.610348450999993, 41.788613854999994], [-8.60943623999998, 41.78726722900001], [-8.609726926000008, 41.785915579999994], [-8.609108790999983, 41.78366742999998], [-8.60850571100002, 41.783444874], [-8.60849736900002, 41.78231954], [-8.607292916999995, 41.782100043000014], [-8.605777806999981, 41.78053024799999], [-8.606070210999974, 41.779403676000015], [-8.60425121999998, 41.77738553699999], [-8.604244602999984, 41.77648527000002], [-8.603036969000016, 41.77581502999999], [-8.60241587500002, 41.77311670300003], [-8.598811258000012, 41.773581596999975], [-8.597906023000007, 41.77313513600001], [-8.597595590000026, 41.77178596300001], [-8.594286812999997, 41.771574285999975], [-8.593680661000008, 41.77090150800001], [-8.591272281999977, 41.770461047000026], [-8.588574461000007, 41.77159719399998], [-8.586531670999989, 41.771605325999985], [-8.586477864000017, 41.77273089800002], [-8.58708077, 41.77295357899999], [-8.586790945000018, 41.77448635600001], [-8.585593366000012, 41.77521021199999], [-8.58500630200001, 41.777238195999985], [-8.585626407999996, 41.77989272799999], [-8.584131182000021, 41.78106789399999], [-8.584145121999995, 41.783049611000024], [-8.583246483999972, 41.78354718899999], [-8.582962837000025, 41.78598021800002], [-8.57966309699998, 41.787162420000016], [-8.579673766999974, 41.78869400000002], [-8.578777835999972, 41.78959778400002], [-8.573122771999977, 41.78984477900002], [-8.572471663999977, 41.79097264699999], [-8.571272082000007, 41.79147129299997], [-8.571277939000026, 41.792327672], [-8.567983460999983, 41.79436591899997], [-8.562935486000015, 41.79551039099999], [-8.559285774999978, 41.79804375499998], [-8.559297463999997, 41.799800403000006], [-8.554808236999975, 41.80323705500001], [-8.553668270999992, 41.812875537000025], [-8.55126620499999, 41.81360346299999], [-8.55067449400002, 41.815137257], [-8.549176353000007, 41.816086907], [-8.548296834999974, 41.81964739199998], [-8.546200863000024, 41.82123050400003], [-8.543502997000019, 41.822815735000006], [-8.539948230999983, 41.82260339300001], [-8.538991339999995, 41.823100829], [-8.538395249000018, 41.82400323899998], [-8.538412343000005, 41.826704052000025], [-8.536014974000011, 41.82828804600001], [-8.536022055999979, 41.82941338400002], [-8.53753661899998, 41.83098354100002], [-8.536034803000007, 41.831438993999996], [-8.536041884999975, 41.832564332000004], [-8.531547429, 41.835731119], [-8.530655760000002, 41.837535371], [-8.53005383300001, 41.837537465000025], [-8.530080354000006, 41.84181374899998], [-8.527078852999978, 41.84317401200002], [-8.527095480000014, 41.845874822999974], [-8.523494457000027, 41.84768832899999], [-8.523828444999992, 41.85308834599999], [-8.522932200000014, 41.854216769999994], [-8.522943171000009, 41.856017307], [-8.524162500999978, 41.85848892199999], [-8.523868316000005, 41.85961585000001], [-8.524770133999994, 41.85938768599999], [-8.525065677999976, 41.858485825], [-8.526872035999986, 41.85847960900003], [-8.52746999599998, 41.857802891999995], [-8.527482485000007, 41.859828494], [-8.529301427999997, 41.861847275], [-8.535016208999991, 41.860927581], [-8.535624012000028, 41.861825162], [-8.538932988, 41.86136330800002], [-8.541054857999995, 41.863607022999986], [-8.544363878000013, 41.863144449], [-8.544371114, 41.86426977899998], [-8.550090293999972, 41.864024535], [-8.55281482700002, 41.866264704], [-8.555831736000016, 41.86715386399999], [-8.556444367999973, 41.868727095], [-8.56126961199999, 41.869835029], [-8.561883911999985, 41.87163272599997], [-8.564890563999995, 41.87094675200001], [-8.565787817, 41.87004251000002], [-8.570003398999972, 41.870026465000024], [-8.571802348000006, 41.868894216], [-8.573607445999983, 41.86866220100001], [-8.574811870000019, 41.86865755100001], [-8.576022529, 41.869553146999976], [-8.582954400999995, 41.870426348000024], [-8.584165207000012, 41.871321857]]]}}, {"type": "Feature", "properties": {"name": "Lima-WB4", "subBasin": "Lima", "basin": "PT01_LIMA", "code": "PT01LIM0046"}, "geometry": {"type": "Polygon", "coordinates": [[[-8.479645644000016, 41.799888786], [-8.478683509000007, 41.79944155700002], [-8.47867985900001, 41.79876635099998], [-8.481675423000013, 41.796506506000014], [-8.482571595000024, 41.79537840199998], [-8.482263803000023, 41.794091606999984], [-8.483163783999998, 41.793671276], [-8.485276028999976, 41.794919945000004], [-8.484389797000006, 41.79784863100002], [-8.486198211999977, 41.79851826800001], [-8.487999166000009, 41.79783746999999], [-8.488605722999978, 41.798735878], [-8.488312436000001, 41.80008723100002], [-8.492840726999987, 41.80299900799997], [-8.49284830800002, 41.804349425], [-8.499769496999988, 41.804777559], [-8.501884232999998, 41.80634626199998], [-8.505488773000025, 41.80543425899998], [-8.507003343000008, 41.80722990100003], [-8.510312370000008, 41.80721901099997], [-8.515438360000019, 41.80922760999999], [-8.515445074000013, 41.810352955999974], [-8.516653797999993, 41.811249195000016], [-8.519060493999973, 41.81124107699998], [-8.521482214999992, 41.81370866899999], [-8.522401170000023, 41.816406418999975], [-8.522112610000022, 41.818433055000014], [-8.524519578000024, 41.81842482600001], [-8.524814943000024, 41.81752352699999], [-8.52722049900001, 41.817290171000025], [-8.529642747000025, 41.819757590999984], [-8.529351621999979, 41.82133411199999], [-8.530865832000018, 41.82290435499999], [-8.533874748000017, 41.82289383199998], [-8.535988068999984, 41.82401176299999], [-8.538995340999975, 41.823732156000005], [-8.538991339999995, 41.823100829], [-8.539948230999983, 41.82260339300001], [-8.543502997000019, 41.822815735000006], [-8.548296834999974, 41.81964739199998], [-8.549176353000007, 41.816086907], [-8.55067449400002, 41.815137257], [-8.55126620499999, 41.81360346299999], [-8.553668270999992, 41.812875537000025], [-8.554224378000015, 41.80594009499998], [-8.554822754999975, 41.805443852999986], [-8.554510388999972, 41.80368830100002], [-8.559297463999997, 41.799800403000006], [-8.559285774999978, 41.79804375499998], [-8.562935486000015, 41.79551039099999], [-8.567983460999983, 41.79436591899997], [-8.571277939000026, 41.792327672], [-8.571272082000007, 41.79147129299997], [-8.572471663999977, 41.79097264699999], [-8.573122771999977, 41.78984477900002], [-8.578777835999972, 41.78959778400002], [-8.579673766999974, 41.78869400000002], [-8.57966309699998, 41.787162420000016], [-8.582962837000025, 41.78598021800002], [-8.583246483999972, 41.78354718899999], [-8.584145121999995, 41.783049611000024], [-8.584131182000021, 41.78106789399999], [-8.585626407999996, 41.77989272799999], [-8.585007888000007, 41.777463262000026], [-8.585593366000012, 41.77521021199999], [-8.586790945000018, 41.77448635600001], [-8.58708077, 41.77295357899999], [-8.586477864000017, 41.77273089800002], [-8.586522582999976, 41.77169425699998], [-8.585023653999997, 41.77156739999998], [-8.582300470999996, 41.76910233699999], [-8.579590019000022, 41.768437731999995], [-8.579281555000023, 41.76731356800002], [-8.578074351999987, 41.766643042], [-8.578061862000027, 41.76484251199997], [-8.575656895000009, 41.764851851], [-8.574750395000024, 41.764180135000004], [-8.573521954, 41.760402510999995], [-8.574928904999979, 41.75477078799997], [-8.570119740999985, 41.75478928000001], [-8.569222610999987, 41.75546736899997], [-8.565899564999995, 41.75300418500001], [-8.56379863699999, 41.753462833000015], [-8.563791082000023, 41.75233749], [-8.56016486499999, 41.749425132], [-8.558938763000015, 41.74582794700001], [-8.555014089999986, 41.74314160900002], [-8.555002251000019, 41.741341053999975], [-8.552897196999993, 41.741123732999995], [-8.552290296000024, 41.74022566000002], [-8.552584919000026, 41.739324845], [-8.55107947800002, 41.73888020800001], [-8.551070681999988, 41.737529789999996], [-8.546860869, 41.73709439700002], [-8.546567627999991, 41.73822083699997], [-8.544459819999986, 41.737553780999974], [-8.541456315999994, 41.73778962900002], [-8.535169895000024, 41.74163764100001], [-8.534563232999972, 41.74074003800001], [-8.531854452000005, 41.740073736], [-8.530642660000012, 41.73850243099997], [-8.528838279000013, 41.73828362299997], [-8.528834116999974, 41.73760897400001], [-8.522221858000023, 41.737406050999994], [-8.521325822999984, 41.73830940300002], [-8.518923195000013, 41.73854261700001], [-8.514149982999982, 41.74441059999998], [-8.516869546999999, 41.74687788699998], [-8.516877634000025, 41.74822830800002], [-8.520191782999973, 41.74956757299998], [-8.520805129999985, 41.75159060200002], [-8.52201420099999, 41.752711869999985], [-8.520516821000001, 41.75361781800001], [-8.520520900000008, 41.75429246300001], [-8.522328437999988, 41.754962105999994], [-8.52263721700001, 41.75631093700002], [-8.525043247999974, 41.75652834599998], [-8.529276444999994, 41.76056451699998], [-8.529280622999977, 41.761240285999975], [-8.526287002999993, 41.76327574099997], [-8.52629115000002, 41.763951513999984], [-8.522097541999983, 41.76644113100002], [-8.520009449999975, 41.769149116999984], [-8.520322346, 41.771174282000004], [-8.521825593000017, 41.77116917400002], [-8.523341185999982, 41.773189109999976], [-8.523350787000027, 41.774764597], [-8.523953499000015, 41.77498760999998], [-8.523963114000026, 41.77656308799999], [-8.524567218000016, 41.777011731000016], [-8.524280286000021, 41.779262888000005], [-8.524883043999978, 41.77948589699997], [-8.524892686999976, 41.78106194100002], [-8.524294038999983, 41.78151414500002], [-8.524896814999977, 41.78173658399999], [-8.524902327999996, 41.78263742299998], [-8.523549262000017, 41.783541791000005], [-8.522797394999998, 41.782644627000025], [-8.520086975000027, 41.78197806899999], [-8.514379021000025, 41.782898131000024], [-8.512868807000018, 41.781777232000024], [-8.509562426000002, 41.782013269000004], [-8.506862682000019, 41.78314750200002], [-8.50565462100002, 41.78225115599997], [-8.505347355000026, 41.781127352], [-8.501738993999993, 41.781139064], [-8.498125460999972, 41.780250377000016], [-8.495709680999994, 41.77845747600003], [-8.494184646999997, 41.77463548399999], [-8.490867207999997, 41.77284589300001], [-8.48784436599999, 41.76992935200002], [-8.488140021999982, 41.769027575999985], [-8.486917539999979, 41.76543073800002], [-8.489311278999992, 41.76339706300001], [-8.489289994999979, 41.75957142200002], [-8.488384454000027, 41.75889845199998], [-8.48776455799998, 41.755524815], [-8.488663800999973, 41.75507187300002], [-8.488656301999981, 41.753721445999986], [-8.48955300900002, 41.75281779199997], [-8.490754032999973, 41.75258952299998], [-8.48983477600001, 41.749441343], [-8.490129061000005, 41.748315049999974], [-8.485321530000022, 41.74855448400001], [-8.481705147000014, 41.74676553400002], [-8.480502988000012, 41.74676919500001], [-8.47960623199998, 41.74767165899999], [-8.477498792000006, 41.74700336799998], [-8.475096860000008, 41.74746017199999], [-8.473585759000002, 41.74588915800001], [-8.471783733999985, 41.746119588], [-8.47089280099999, 41.74814846800001], [-8.470905856999991, 41.750623700000006], [-8.470005368999978, 41.750851995000005], [-8.469713092999996, 41.752428383999984], [-8.468214967999984, 41.75333252600001], [-8.467625585999997, 41.755585568000015], [-8.466424430000018, 41.755813595000006], [-8.467033813, 41.757387343999994], [-8.464039543000013, 41.75964736999998], [-8.463743584999975, 41.76054796300002], [-8.462240565999991, 41.76055230399999], [-8.461342206999973, 41.761230684], [-8.459561518999976, 41.76573728400001], [-8.456860402000018, 41.76664470999998], [-8.456265944999984, 41.767996842], [-8.457771444999992, 41.76844328200002], [-8.457474219999995, 41.769118796999976], [-8.458680241000025, 41.769791145], [-8.458993497999984, 41.77226551299998], [-8.461700602999997, 41.77248339099998], [-8.462621129000013, 41.77608136399999], [-8.46382732799998, 41.776753101], [-8.465044068999987, 41.779450456999996], [-8.466851763000022, 41.780120978000014], [-8.466861154000014, 41.78192097599998], [-8.468968448999988, 41.78236494599997], [-8.468671293, 41.78304160699997], [-8.469333354000014, 41.783670434999976], [-8.467858062000005, 41.789076540999986], [-8.469666046999976, 41.78974644200002], [-8.469679078000013, 41.792222213], [-8.471182848000012, 41.79221776999998], [-8.472089872000026, 41.79311538000002], [-8.472101803999976, 41.79536607699998], [-8.473911217000023, 41.79626098900002], [-8.473916017000022, 41.79716125800002], [-8.475421111999992, 41.79738183699999], [-8.478443468000023, 41.800073618], [-8.479645644000016, 41.799888786]]]}}, {"type": "Feature", "properties": {"name": "Rio Trovela", "subBasin": "Lima", "basin": "PT01_LIMA", "code": "PT01LIM0047"}, "geometry": {"type": "Polygon", "coordinates": [[[-8.574028730999999, 41.754999338999994], [-8.576428656000019, 41.75431427000001], [-8.57761223099999, 41.75160878600002], [-8.580310976000021, 41.750698520000014], [-8.580915219000019, 41.75114573799999], [-8.580627219000007, 41.752947458999984], [-8.582136342000013, 41.753842400999986], [-8.584235572000011, 41.75315834999998], [-8.588761612999974, 41.755616212999996], [-8.589361167999982, 41.755388746999984], [-8.589354768000021, 41.75448847500002], [-8.589962311000022, 41.75538634600002], [-8.59116622900001, 41.75560660100001], [-8.593565985999987, 41.754922306000026], [-8.596888536999984, 41.757159048000005], [-8.599296478999975, 41.75759996199997], [-8.598420825999995, 41.761204152999994], [-8.600525038, 41.761195567000016], [-8.603512910999996, 41.75870748199998], [-8.604713603999983, 41.75847745599998], [-8.605879501000004, 41.753521568999986], [-8.608567904999973, 41.751259103999985], [-8.608529583000006, 41.746083129], [-8.603699658999972, 41.743177163999974], [-8.603694706999988, 41.742501393], [-8.598860378999973, 41.73892057699999], [-8.598251225000013, 41.737797683999986], [-8.599126575000014, 41.734192361], [-8.600625675999993, 41.733736092000015], [-8.601513979999993, 41.731932416999996], [-8.600911402999998, 41.73170981200002], [-8.601188916000012, 41.72855762500001], [-8.599977302000013, 41.72721212800002], [-8.599952771000005, 41.723835538], [-8.598747806000006, 41.723390865], [-8.598104610999997, 41.717541521999976], [-8.598697257000026, 41.71641317000001], [-8.597489180000025, 41.715518341000006], [-8.593584110999984, 41.715534133000006], [-8.593286943999999, 41.71598548100002], [-8.589979430000028, 41.715548592000005], [-8.587584264999975, 41.71668295500001], [-8.584880704, 41.716693668000005], [-8.583083061000025, 41.71737654399999], [-8.58309409399999, 41.71895202899998], [-8.581903472000022, 41.72053224000001], [-8.580701815999987, 41.720536950999985], [-8.575918467000008, 41.723931144999995], [-8.575017177000007, 41.72393463200001], [-8.574437966000005, 41.72708792499998], [-8.57594795, 41.72820746100001], [-8.575954161000027, 41.729108301], [-8.57776467299999, 41.730226648999974], [-8.577769344999979, 41.73090129299999], [-8.575680067999997, 41.732935080000004], [-8.575093074999984, 41.73496358800003], [-8.573290190000023, 41.73497054500001], [-8.571199106999984, 41.73677861499999], [-8.569695134000028, 41.736559856999975], [-8.569098740000015, 41.73723679699998], [-8.566095344000018, 41.737473851999994], [-8.565186289999986, 41.73635191699998], [-8.565178711999977, 41.735226006999994], [-8.556461752000018, 41.734809042999984], [-8.553761844000007, 41.73549367499999], [-8.551369709000028, 41.73730305800001], [-8.55107947800002, 41.73888020800001], [-8.552584919000026, 41.739324845], [-8.552290296000024, 41.74022566000002], [-8.553199185999972, 41.74134769699998], [-8.555002251000019, 41.741341053999975], [-8.555014089999986, 41.74314160900002], [-8.558938763000015, 41.74582794700001], [-8.56016486499999, 41.749425132], [-8.563791082000023, 41.75233749], [-8.56379863699999, 41.753462833000015], [-8.565899564999995, 41.75300418500001], [-8.569222610999987, 41.75546736899997], [-8.570119740999985, 41.75478928000001], [-8.574028730999999, 41.754999338999994]]]}}, {"type": "Feature", "properties": {"name": "Rio Estor\u00e3os", "subBasin": "Lima", "basin": "PT01_LIMA", "code": "PT01LIM0048"}, "geometry": {"type": "Polygon", "coordinates": [[[-8.606073528000024, 41.77985437000001], [-8.605777806999981, 41.78053024799999], [-8.60668819099999, 41.781651840999984], [-8.60849736900002, 41.78231954], [-8.609726926000008, 41.785915579999994], [-8.60943623999998, 41.78726722900001], [-8.610348450999993, 41.788613854999994], [-8.610370225999986, 41.791539709000006], [-8.610076187000004, 41.79244179099999], [-8.609175622999999, 41.792670622], [-8.609484728999973, 41.793794694999974], [-8.612821621000023, 41.79760638900001], [-8.613445086000013, 41.800529708], [-8.614651596999977, 41.800974774999986], [-8.615265029999989, 41.80254826100003], [-8.617679880000026, 41.80366284799999], [-8.618573747000028, 41.80253367900002], [-8.620974950000004, 41.801848224000025], [-8.621267172999978, 41.800721614999986], [-8.624876570000026, 41.80070612899999], [-8.628173030000028, 41.799116380999976], [-8.629063175999988, 41.79753701599998], [-8.62875892400001, 41.79708819299998], [-8.632053344999974, 41.795273269000006], [-8.632340091000003, 41.79347144000002], [-8.630512900999975, 41.790553467999985], [-8.631102143000021, 41.78897539299999], [-8.630498938000017, 41.788752948000024], [-8.630783958999984, 41.786726617], [-8.629874828000027, 41.78582972100003], [-8.631364410999993, 41.784022651999976], [-8.633161629000028, 41.78311450699999], [-8.633154612999988, 41.782214246000024], [-8.632245516000012, 41.78131793099999], [-8.63222450699999, 41.77861715199998], [-8.633715618999986, 41.777035114], [-8.634916552999982, 41.77680477199999], [-8.637334303999978, 41.77836963599998], [-8.640940676000014, 41.778128589000005], [-8.641846268999984, 41.77857470800001], [-8.641856974999996, 41.779925092999974], [-8.644867432000012, 41.78036179399999], [-8.647245887999986, 41.77697502199999], [-8.648743834000015, 41.776293614], [-8.648738405000017, 41.775617857999976], [-8.652032987999974, 41.774027432000025], [-8.66166701200001, 41.77555878200002], [-8.663136888999986, 41.771500661000005], [-8.661925040000028, 41.770381472999986], [-8.658610626999973, 41.76949646999998], [-8.658599571000025, 41.76814551899997], [-8.659197146999986, 41.76769318700002], [-8.658577469000022, 41.76544474299999], [-8.656159689999981, 41.76388032300002], [-8.657948643999987, 41.76207209299997], [-8.656726047999996, 41.759601336], [-8.657314376999977, 41.75802312000002], [-8.651268198000025, 41.75377429500003], [-8.650960376, 41.752875394], [-8.651559672000019, 41.75264760699997], [-8.65184569600001, 41.750845716000015], [-8.651235516999975, 41.749723114000005], [-8.649729175000004, 41.74927978699998], [-8.649117250000018, 41.74793211000002], [-8.641165145000002, 41.74729308399998], [-8.63860529499999, 41.74884991699997], [-8.63801860000001, 41.75068314399999], [-8.634130760999994, 41.75317607400001], [-8.634139528999981, 41.75430084200002], [-8.632058285000028, 41.75723591000002], [-8.628175032000001, 41.76040440100002], [-8.627584242000012, 41.76175740100001], [-8.625785817000008, 41.762439831999984], [-8.625196666000022, 41.76401788499999], [-8.620393701000012, 41.76493933400002], [-8.620718253999996, 41.76808897500001], [-8.619520836999982, 41.768768739999985], [-8.619830005999972, 41.76989278999997], [-8.618032969000012, 41.770801285999994], [-8.618038066999986, 41.771475923000025], [-8.616842259000009, 41.772381852000024], [-8.613242859000025, 41.773522402000026], [-8.609655024999995, 41.776237744000014], [-8.608753005999972, 41.77624150600002], [-8.607860991999985, 41.777595657999996], [-8.607874320999997, 41.779396749], [-8.606073528000024, 41.77985437000001]]]}}, {"type": "Feature", "properties": {"name": "Rio de Pontido", "subBasin": "Lima", "basin": "PT01_LIMA", "code": "PT01LIM0049"}, "geometry": {"type": "Polygon", "coordinates": [[[-8.601192190999996, 41.72900776], [-8.603605689999995, 41.730348291999974], [-8.606009350000022, 41.73033836500002], [-8.609631524000008, 41.73257349400001], [-8.611135530000013, 41.73279229100001], [-8.612028548000012, 41.731663739], [-8.61413178700002, 41.73165490100001], [-8.615338708000024, 41.732324472000016], [-8.615649308999991, 41.73367361200002], [-8.617160157, 41.73479315499998], [-8.617469115999995, 41.735917219999976], [-8.617480993000015, 41.737492686999985], [-8.61658289899998, 41.73794607899998], [-8.616297652000014, 41.73997295999999], [-8.616900351000027, 41.74019604], [-8.616611697999986, 41.741772792000006], [-8.617822230000002, 41.74289246500001], [-8.618149941000013, 41.746492819000025], [-8.623588722000022, 41.75029586199997], [-8.626896486000021, 41.750506685000005], [-8.63078793699998, 41.74846356799998], [-8.634999015999995, 41.748895859000015], [-8.638292594000006, 41.747305821], [-8.638881249000008, 41.745727140999975], [-8.643365931000005, 41.74278123300002], [-8.64336056899998, 41.742106035999996], [-8.644519839999987, 41.74120055999998], [-8.643349845999978, 41.74075563399998], [-8.641829507000011, 41.738512232000005], [-8.641200050000009, 41.73491328199998], [-8.639996370000006, 41.734694117000004], [-8.640291511999976, 41.734017015000006], [-8.641192933000013, 41.734013015000016], [-8.640865792, 41.73063834999999], [-8.639957320000008, 41.729742079999994], [-8.640238244999978, 41.72726557300001], [-8.643233733999978, 41.72612686399998], [-8.644117146999974, 41.72387161299997], [-8.645014842000023, 41.723417434], [-8.646182410999984, 41.719135772000016], [-8.646162661000005, 41.71666004100001], [-8.648562189000017, 41.71619908600002], [-8.650348242000007, 41.71416589900002], [-8.648527919000003, 41.711922809999976], [-8.647322850000023, 41.71147865199998], [-8.64760881799998, 41.709676758], [-8.646405582, 41.70945652900002], [-8.646096251000017, 41.708333106], [-8.64459628100002, 41.708564903000024], [-8.64487336000002, 41.705637678000016], [-8.643968756999982, 41.705191574000025], [-8.643348453999977, 41.702718516000004], [-8.642746013000021, 41.702496129], [-8.642427865000002, 41.700246213000014], [-8.643024930000024, 41.69979396399998], [-8.643016004999993, 41.69866804899999], [-8.641505567000024, 41.697549390999995], [-8.641487784999981, 41.69529926500002], [-8.639085439999974, 41.69530992599999], [-8.638465408000002, 41.692836811999996], [-8.637258995000025, 41.69216690500002], [-8.636951662000001, 41.691267944], [-8.635155286999975, 41.69195052800001], [-8.630043618999991, 41.69107312199998], [-8.623442735000026, 41.69177630799999], [-8.620755599000006, 41.69381407200001], [-8.618653591999987, 41.69382302399998], [-8.617745947000003, 41.69292657], [-8.61624453600001, 41.692932928999994], [-8.614152650999984, 41.694292218999976], [-8.61205229799998, 41.69452555999999], [-8.609371350000004, 41.69746277799999], [-8.60606470099998, 41.69702692599998], [-8.603974112999992, 41.69861110599999], [-8.601871948999985, 41.698619753], [-8.601881794000008, 41.69997017999998], [-8.600683789000016, 41.700424677], [-8.601591317999976, 41.70132183300001], [-8.600391652999974, 41.701551818999974], [-8.600097866999988, 41.702453322999986], [-8.598896551999985, 41.70245822200002], [-8.598906328999988, 41.70380807800001], [-8.596815348999996, 41.705392668], [-8.596834821000016, 41.708092936000014], [-8.599244188, 41.708983445], [-8.598966659999974, 41.71213563700002], [-8.599867781, 41.71213196299999], [-8.597188786999993, 41.71551956000002], [-8.598697257000026, 41.71641317000001], [-8.598104610999997, 41.717541521999976], [-8.598747806000006, 41.723390865], [-8.599952771000005, 41.723835538], [-8.599977302000013, 41.72721212800002], [-8.601192190999996, 41.72900776]]]}}, {"type": "Feature", "properties": {"name": "Ribeira da Silvareira", "subBasin": "Lima", "basin": "PT01_LIMA", "code": "PT01LIM0050"}, "geometry": {"type": "Polygon", "coordinates": [[[-8.688341518000016, 41.80041532500002], [-8.693179536999992, 41.80331768399998], [-8.693187400999989, 41.80421795000001], [-8.694701244999976, 41.805336461000024], [-8.695296921000022, 41.804657744], [-8.700109700999974, 41.80463397], [-8.701300934000017, 41.80327759900001], [-8.702800907999972, 41.80281998999999], [-8.704908462999981, 41.80303455500001], [-8.705183159, 41.80010722700001], [-8.706384269000011, 41.799876143999995], [-8.706975761000024, 41.79874782000002], [-8.709381951000012, 41.798735733], [-8.710578968999982, 41.798055050000016], [-8.71023569800002, 41.79333026699999], [-8.71172928499999, 41.79219736700003], [-8.712932255999988, 41.79219128], [-8.714423738999983, 41.790833279000026], [-8.716232236999986, 41.791273665000006], [-8.717426999999986, 41.79036784599998], [-8.717719532999979, 41.789466065], [-8.716813247999994, 41.789020547999996], [-8.716800966999983, 41.78767017299998], [-8.718903963999992, 41.787434358999974], [-8.719196462000014, 41.78653257100001], [-8.721295283000018, 41.78584602799998], [-8.722481596000023, 41.784039345], [-8.723682334999978, 41.783808084999976], [-8.72426509600001, 41.781779985000014], [-8.726660229999993, 41.78064223199999], [-8.726952590999986, 41.779739860999996], [-8.725140194000005, 41.778849519000005], [-8.725133963000019, 41.77817377399998], [-8.722413416999984, 41.77661229900002], [-8.722104492000028, 41.775713596], [-8.719686840999998, 41.77437613699999], [-8.718167144000006, 41.772582770999975], [-8.71545924999998, 41.772371507], [-8.714244432999976, 41.77102724399998], [-8.705820404999997, 41.77039504700002], [-8.704000558000018, 41.76860355399998], [-8.702210718999993, 41.77018797599999], [-8.70040689000001, 41.77019693599999], [-8.697088020000024, 41.76886292500001], [-8.694961928999987, 41.766397591999976], [-8.694337091000023, 41.763699222000014], [-8.692828169999984, 41.763031962000014], [-8.691908730000023, 41.761010234000025], [-8.690097362000017, 41.760119350000025], [-8.68977531500002, 41.75764511099999], [-8.687360963999993, 41.75653090899999], [-8.686445669000022, 41.75495983299999], [-8.685542037999994, 41.75473969000001], [-8.685229869000011, 41.75339075800002], [-8.684023771, 41.75294643500001], [-8.68371356099999, 41.751822557000025], [-8.682808057999978, 41.751376768], [-8.682796508000024, 41.750026381], [-8.681889094999974, 41.749354951999976], [-8.681862196999987, 41.746204611999985], [-8.678853107999998, 41.745768876], [-8.67823677299998, 41.74397065699998], [-8.67673037999998, 41.74352768799997], [-8.676119845000017, 41.74240521500002], [-8.674917809000021, 41.74241091900001], [-8.674303526000017, 41.740838311000005], [-8.673093956999992, 41.73994429800001], [-8.672774554, 41.737694503], [-8.671565064999982, 41.73679990900001], [-8.670370650999985, 41.737705828], [-8.666445629999998, 41.735474033], [-8.66253941299999, 41.735492195999996], [-8.66315149799999, 41.736839238000016], [-8.661966227999983, 41.738870964], [-8.661990301999992, 41.74179681300001], [-8.662897387999976, 41.74246727299999], [-8.663516992999973, 41.744715708], [-8.659929182999974, 41.74698247700002], [-8.65904784899999, 41.74946234700002], [-8.656951382999978, 41.75037284000001], [-8.656958719999977, 41.75127254099999], [-8.652749174999997, 41.75106668400002], [-8.652457707999986, 41.75219338300002], [-8.650962194999977, 41.75310102499998], [-8.652177165000012, 41.75467102800002], [-8.657314376999977, 41.75802312000002], [-8.656726047999996, 41.759601336], [-8.657948643999987, 41.76207209299997], [-8.656159689999981, 41.76388032300002], [-8.658577469000022, 41.76544474299999], [-8.659197146999986, 41.76769318700002], [-8.658599571000025, 41.76814551899997], [-8.658610626999973, 41.76949646999998], [-8.662830679000024, 41.77082742699997], [-8.662851106000005, 41.773303132000024], [-8.66195284700001, 41.77375744], [-8.661668865000024, 41.77578384899999], [-8.663476584000023, 41.776226178], [-8.663487740999983, 41.777576564000015], [-8.664391622999972, 41.777796876000025], [-8.664709072999983, 41.77982105199999], [-8.665614862999973, 41.780266982], [-8.66531977599999, 41.780944139999974], [-8.666830711999978, 41.78183738299998], [-8.667443343999992, 41.78318439200001], [-8.668649897000023, 41.78362888800001], [-8.668655531000013, 41.78430407799999], [-8.671679585999982, 41.786316080000006], [-8.672882442000002, 41.786310404999995], [-8.673792165000009, 41.787205830999994], [-8.67801368900001, 41.788536212999986], [-8.68101709199999, 41.78807170900001], [-8.68313757499999, 41.78986209999999], [-8.685246559999996, 41.79030207599999], [-8.686759929999994, 41.79142011699997], [-8.686465020000014, 41.792097324999986], [-8.68737306600002, 41.792767577999996], [-8.687685483999985, 41.794116495000026], [-8.691317977999972, 41.79679967300001], [-8.691323850999993, 41.797474862], [-8.688931371000024, 41.79906202400002], [-8.688341518000016, 41.80041532500002]]]}}, {"type": "Feature", "properties": {"name": "Rio Trovela", "subBasin": "Lima", "basin": "PT01_LIMA", "code": "PT01LIM0051"}, "geometry": {"type": "Polygon", "coordinates": [[[-8.473285223000005, 41.74589005299998], [-8.475096860000008, 41.74746017199999], [-8.477498792000006, 41.74700336799998], [-8.47960623199998, 41.74767165899999], [-8.480502988000012, 41.74676919500001], [-8.481705147000014, 41.74676553400002], [-8.485321530000022, 41.74855448400001], [-8.49042960700001, 41.74831411100001], [-8.493724222000026, 41.74627751899999], [-8.49612980400002, 41.74649554000001], [-8.499127468999973, 41.745135527], [-8.503035680999972, 41.74534801200002], [-8.506338904000017, 41.744887112000015], [-8.506635499000026, 41.74421035300003], [-8.509037067000008, 41.74375288499999], [-8.514148646000024, 41.74418552999998], [-8.516831820999982, 41.740575904000025], [-8.51833031000001, 41.739895072000024], [-8.518923195000013, 41.73854261700001], [-8.521325822999984, 41.73830940300002], [-8.522221858000023, 41.737406050999994], [-8.528834116999974, 41.73760897400001], [-8.528838279000013, 41.73828362299997], [-8.530642660000012, 41.73850243099997], [-8.531854452000005, 41.740073736], [-8.535770921999983, 41.741635523000014], [-8.541456315999994, 41.73778962900002], [-8.544459819999986, 41.737553780999974], [-8.546567627999991, 41.73822083699997], [-8.546561826000016, 41.737320555999986], [-8.547762342999988, 41.737091127999975], [-8.551372646999994, 41.737753758999986], [-8.553761844000007, 41.73549367499999], [-8.556461752000018, 41.734809042999984], [-8.565178711999977, 41.735226006999994], [-8.565186289999986, 41.73635191699998], [-8.566095344000018, 41.737473851999994], [-8.569098740000015, 41.73723679699998], [-8.569695134000028, 41.736559856999975], [-8.571199106999984, 41.73677861499999], [-8.573290190000023, 41.73497054500001], [-8.575392007000005, 41.73473735599998], [-8.575680067999997, 41.732935080000004], [-8.577769344999979, 41.73090129299999], [-8.57776467299999, 41.730226648999974], [-8.575954161000027, 41.729108301], [-8.57594795, 41.72820746100001], [-8.574437966000005, 41.72708792499998], [-8.575017177000007, 41.72393463200001], [-8.575918467000008, 41.723931144999995], [-8.580701815999987, 41.720536950999985], [-8.581903472000022, 41.72053224000001], [-8.58309409399999, 41.71895202899998], [-8.583083061000025, 41.71737654399999], [-8.584880704, 41.716693668000005], [-8.587584264999975, 41.71668295500001], [-8.589979430000028, 41.715548592000005], [-8.593286943999999, 41.71598548100002], [-8.593584110999984, 41.715534133000006], [-8.597188786999993, 41.71551956000002], [-8.599871048000011, 41.71258210100001], [-8.599867781, 41.71213196299999], [-8.598966659999974, 41.71213563700002], [-8.599244188, 41.708983445], [-8.596834821000016, 41.708092936000014], [-8.597122178000006, 41.70629116399999], [-8.594419056999982, 41.70630209799998], [-8.592327882000006, 41.70788604799998], [-8.590525749999983, 41.70789327], [-8.587212313000009, 41.70655602099998], [-8.58541180100002, 41.70678823200001], [-8.583325117000015, 41.70904722400002], [-8.582125252000026, 41.70927701900001], [-8.577906172999974, 41.70726838899998], [-8.576404406999984, 41.70727422099998], [-8.574916567000002, 41.709305099999995], [-8.573115941000026, 41.709537118000014], [-8.572809423000024, 41.70863855599998], [-8.57130454899999, 41.708193617999996], [-8.568300982999972, 41.70820508999998], [-8.566787042999977, 41.706410233999975], [-8.564681584000027, 41.70596861199999], [-8.56377149399998, 41.70462158800001], [-8.561664601000018, 41.70395371400002], [-8.555959669000003, 41.70420059600002], [-8.555965590000028, 41.705100313], [-8.554170903999989, 41.70623231899998], [-8.550871461999975, 41.706919657000014], [-8.548158122000018, 41.705354005000004], [-8.545452125999986, 41.70491364600002], [-8.541231595, 41.70245295299998], [-8.538826101999973, 41.702011363999986], [-8.53703120199998, 41.703143667000006], [-8.534328191999975, 41.70315318799999], [-8.531936687999973, 41.70496160699997], [-8.532262218000028, 41.709012410000014], [-8.531067744999973, 41.71014196099998], [-8.529268320000028, 41.71059836500001], [-8.528684227999975, 41.71330130199999], [-8.524779256999977, 41.71331475400001], [-8.521488664999993, 41.71557618999998], [-8.519986701999983, 41.715581285999974], [-8.517272384000023, 41.713789831999975], [-8.515468737999981, 41.713571367999975], [-8.514272550999976, 41.714475676999996], [-8.514582308000001, 41.716050172999985], [-8.507674522999991, 41.716298110000025], [-8.506179085999975, 41.71742838799997], [-8.506488658000023, 41.71900290999997], [-8.504986611999982, 41.71900781099998], [-8.504392300999996, 41.72013456000002], [-8.501988987999994, 41.720142348000024], [-8.499594668999976, 41.721726151999974], [-8.499004094999975, 41.723528649], [-8.495414188999973, 41.72624099799998], [-8.493925895000018, 41.728720984000006], [-8.491820189999999, 41.72827745400002], [-8.488819399000022, 41.72896263000001], [-8.485802443000011, 41.72672121599999], [-8.483094730000005, 41.72605431300002], [-8.482800424999994, 41.72718003], [-8.480997736999996, 41.72718553300001], [-8.479802022000001, 41.72831454599998], [-8.476501853000002, 41.72922538199998], [-8.475909363000028, 41.73080269299999], [-8.47140355900001, 41.731041198000014], [-8.469308549000004, 41.73262235499999], [-8.469016332000024, 41.734198746000004], [-8.467517450000003, 41.734878933999994], [-8.468722920999994, 41.735550063000005], [-8.46902813600002, 41.73645003500002], [-8.473533128999975, 41.735985984000024], [-8.472957227999984, 41.740714853999975], [-8.475661834999983, 41.740706776000025], [-8.476568199999974, 41.741603794000014], [-8.476573030999987, 41.74250464199997], [-8.474773501000016, 41.74318470600002], [-8.474778307000008, 41.74408555500003], [-8.473285223000005, 41.74589005299998]]]}}, {"type": "Feature", "properties": {"name": "Ribeira de Lourinhal", "subBasin": "Lima", "basin": "PT01_LIMA", "code": "PT01LIM0052"}, "geometry": {"type": "Polygon", "coordinates": [[[-8.650346432999982, 41.71394083299998], [-8.654553561, 41.71414678899998], [-8.657275303999995, 41.71638452899998], [-8.661178525000025, 41.716141487000016], [-8.66600897799998, 41.719045042999994], [-8.667813260000003, 41.719261691999975], [-8.669936743999983, 41.72172756600003], [-8.671446360000004, 41.722621326000024], [-8.673549272999992, 41.722611401999984], [-8.67566739099999, 41.724401968999985], [-8.677771032999999, 41.72447074399997], [-8.677755119999972, 41.722591439999974], [-8.68372688400001, 41.71828641299999], [-8.683097206000014, 41.714912749999996], [-8.681889934000026, 41.71424388999998], [-8.68187457900001, 41.71244336000001], [-8.680361247000008, 41.711100163000026], [-8.678507565000018, 41.705031984000016], [-8.676692241000012, 41.70346453899998], [-8.677271958000006, 41.700986511999986], [-8.679659205000007, 41.699173942000016], [-8.681415028000004, 41.69376423699998], [-8.68110324600002, 41.692415271000016], [-8.678683847000002, 41.690400576], [-8.681959936999988, 41.687233806999984], [-8.683457358999988, 41.68677702100001], [-8.682826101999979, 41.68317853100001], [-8.681013194999991, 41.681836761], [-8.678907784999979, 41.681396674999974], [-8.67919465, 41.679819769000005], [-8.678280657000016, 41.67824857300002], [-8.674972637999986, 41.677589066999985], [-8.672251904999996, 41.67535115800001], [-8.665934697000012, 41.673805216999995], [-8.663842637000016, 41.674940341000024], [-8.662954997999975, 41.67652000999999], [-8.660860951000018, 41.67743000899998], [-8.660872020999989, 41.67878042299998], [-8.659083611000028, 41.680364216999976], [-8.65939303099998, 41.681488178999984], [-8.658796255000027, 41.68194108300003], [-8.655198969000025, 41.68263280999997], [-8.648881444999972, 41.68108594300003], [-8.646479624999984, 41.68109675599999], [-8.644983867000008, 41.68177869800002], [-8.644991027000003, 41.68267897599998], [-8.642004697000004, 41.684718019], [-8.642018936999989, 41.68651858499999], [-8.640224526999987, 41.68742658299999], [-8.639941998999973, 41.689679180999974], [-8.636955188000002, 41.69171752800003], [-8.638465408000002, 41.692836811999996], [-8.639085439999974, 41.69530992599999], [-8.641487784999981, 41.69529926500002], [-8.641505567000024, 41.697549390999995], [-8.643016004999993, 41.69866804899999], [-8.642433215999972, 41.700921986000026], [-8.643968756999982, 41.705191574000025], [-8.64487336000002, 41.705637678000016], [-8.64459628100002, 41.708564903000024], [-8.646096251000017, 41.708333106], [-8.646405582, 41.70945652900002], [-8.64760881799998, 41.709676758], [-8.647322850000023, 41.71147865199998], [-8.648527919000003, 41.711922809999976], [-8.64913949999999, 41.71327050299999], [-8.650346432999982, 41.71394083299998]]]}}, {"type": "Feature", "properties": {"name": "Rio Seixo", "subBasin": "Lima", "basin": "PT01_LIMA", "code": "PT01LIM0053"}, "geometry": {"type": "Polygon", "coordinates": [[[-8.710282249999977, 41.79850612400003], [-8.712702658000012, 41.80006940200002], [-8.716616885999997, 41.80050022199998], [-8.717525378000005, 41.801170238], [-8.722004094999988, 41.79754669900001], [-8.722593225000026, 41.796193238], [-8.727693640999973, 41.794816427], [-8.729178585, 41.792782493999994], [-8.731283792999989, 41.79277151399998], [-8.732476268000028, 41.79164047500001], [-8.732762283, 41.790062912999986], [-8.733958888000018, 41.789381983], [-8.733637095999995, 41.78713238400002], [-8.73423642199998, 41.78690416500001], [-8.734227988999976, 41.786003919999985], [-8.733319540000025, 41.78533347199999], [-8.733302709999975, 41.783533541], [-8.734204809999994, 41.78352880699998], [-8.736290683999982, 41.78149218599998], [-8.735968851999985, 41.77924315299998], [-8.73506259200002, 41.77879777499999], [-8.736866667000015, 41.77878827400002], [-8.73776021399999, 41.777882707], [-8.740771208000012, 41.77831690900001], [-8.741366168000013, 41.77763908700001], [-8.741937635999989, 41.77448503599999], [-8.743730878000008, 41.773350117999996], [-8.743110326000021, 41.77132720899999], [-8.743709470999988, 41.77109894300003], [-8.743692350999993, 41.76929844699998], [-8.744280763999996, 41.767944872999976], [-8.744882019999977, 41.767941657999984], [-8.744869157999972, 41.766591283000025], [-8.741248918999986, 41.76526013199998], [-8.741242531000012, 41.76458551000002], [-8.740338572999974, 41.76436523799998], [-8.740018813000006, 41.762340709], [-8.738507339000023, 41.76144898000001], [-8.73879095000001, 41.75964633000001], [-8.736981078999975, 41.758981232999986], [-8.736974732000022, 41.75830604800001], [-8.734555317999991, 41.75674270500002], [-8.733634665000011, 41.754721878], [-8.73182708500002, 41.754281760000026], [-8.72971060399999, 41.75294236799999], [-8.729704329000015, 41.75226661900001], [-8.72880266499999, 41.75227131499997], [-8.725448861000018, 41.747112582], [-8.723915175000002, 41.743743834999975], [-8.723591925999983, 41.74127025400003], [-8.722083220999991, 41.74060223999999], [-8.722379596999986, 41.740151131000005], [-8.719331524999973, 41.73544022300001], [-8.719308958, 41.732964519999996], [-8.718708031999995, 41.73296759599998], [-8.717759578000027, 41.727795168], [-8.714440491999994, 41.726236556], [-8.712909932999992, 41.723093269], [-8.712006656000028, 41.722873332999995], [-8.71169813199998, 41.721974031], [-8.710206165999978, 41.723106934999976], [-8.708103236999989, 41.723117521999995], [-8.707472257999996, 41.719745132000014], [-8.704378980000001, 41.71750930799999], [-8.70294785599998, 41.71769366199999], [-8.702960238000003, 41.71909190500003], [-8.701764602000026, 41.71977363899998], [-8.701778526999988, 41.72134909800002], [-8.704506208999987, 41.724036402000024], [-8.706014332999985, 41.72470352900001], [-8.706020350000017, 41.725379282999995], [-8.705421501999979, 41.72560735299999], [-8.705433516000028, 41.72695774099998], [-8.702437109000016, 41.72787242200002], [-8.703382334000025, 41.73281992], [-8.700980602000016, 41.733056938999994], [-8.70037570400001, 41.732609793999984], [-8.699788667000007, 41.73418822399998], [-8.700692060999984, 41.73440882099999], [-8.701014389000022, 41.736883034000016], [-8.703137722999998, 41.73912265199999], [-8.70256464099998, 41.74227654399999], [-8.704071183999986, 41.74271974999999], [-8.703780651999978, 41.74384600399998], [-8.704682202000015, 41.74384150499998], [-8.70559377799998, 41.74496231799998], [-8.705313295999986, 41.74721502199998], [-8.707128538000006, 41.748556382000004], [-8.706549542000005, 41.751034531000016], [-8.708064374999992, 41.75237736899999], [-8.708090551999987, 41.75530319500001], [-8.709000331000027, 41.75619947500002], [-8.708711854, 41.75755137099998], [-8.707812112999989, 41.75778040199998], [-8.707822181999973, 41.758906282], [-8.708727979000003, 41.759351313000025], [-8.708744109999998, 41.76115182000001], [-8.708453591000023, 41.762278648000006], [-8.707555807000006, 41.76273330700002], [-8.707866469999999, 41.76385711400002], [-8.703076696999972, 41.76613235799999], [-8.702479432000018, 41.766584912999974], [-8.702489410999988, 41.76771079100001], [-8.70339130299999, 41.767706300999976], [-8.703397294000013, 41.76838092999998], [-8.705820404999997, 41.77039504700002], [-8.714244432999976, 41.77102724399998], [-8.71545924999998, 41.772371507], [-8.718167144000006, 41.772582770999975], [-8.719686840999998, 41.77437613699999], [-8.722104492000028, 41.775713596], [-8.722413416999984, 41.77661229900002], [-8.725133963000019, 41.77817377399998], [-8.725140194000005, 41.778849519000005], [-8.726952590999986, 41.779739860999996], [-8.726660229999993, 41.78064223199999], [-8.72426509600001, 41.781779985000014], [-8.723682334999978, 41.783808084999976], [-8.722481596000023, 41.784039345], [-8.721295283000018, 41.78584602799998], [-8.719196462000014, 41.78653257100001], [-8.718903963999992, 41.787434358999974], [-8.716800966999983, 41.78767017299998], [-8.716813247999994, 41.789020547999996], [-8.717719532999979, 41.789466065], [-8.717426999999986, 41.79036784599998], [-8.716232236999986, 41.791273665000006], [-8.714423738999983, 41.790833279000026], [-8.712932255999988, 41.79219128], [-8.71172928499999, 41.79219736700003], [-8.71023569800002, 41.79333026699999], [-8.710282249999977, 41.79850612400003]]]}}, {"type": "Feature", "properties": {"name": "Ribeira de Nogueira", "subBasin": "Lima", "basin": "PT01_LIMA", "code": "PT01LIM0054"}, "geometry": {"type": "Polygon", "coordinates": [[[-8.744869157999972, 41.766591283000025], [-8.744886313999984, 41.76839234200003], [-8.749393576999978, 41.76814253200001], [-8.755992099000025, 41.766531305], [-8.75750395099999, 41.767423930999996], [-8.76111583300002, 41.767853762000016], [-8.762302895000005, 41.766271725000024], [-8.764097757000002, 41.76536155299999], [-8.764064588999986, 41.76198563600002], [-8.762546165999993, 41.76041848], [-8.760742623999988, 41.760428381999986], [-8.75922869599998, 41.75931129899999], [-8.757122412000001, 41.75909773000001], [-8.75558023100001, 41.75505479499998], [-8.753763794999998, 41.753714215], [-8.753138786000022, 41.75124235200002], [-8.753735532999997, 41.75078840600003], [-8.754595814000027, 41.746507334], [-8.75453488300002, 41.74020558699999], [-8.753933886000027, 41.74020884700002], [-8.753315530999998, 41.738412169000014], [-8.752109243000007, 41.73796854599999], [-8.752394551999998, 41.73639092000002], [-8.749982088000024, 41.73550420999999], [-8.749666502000025, 41.73393038900002], [-8.750561420999986, 41.733249778000015], [-8.749949694999998, 41.73212770600003], [-8.749932421999972, 41.73032719899999], [-8.75052900999998, 41.72987439399998], [-8.74989788900001, 41.72672675199999], [-8.746251923999978, 41.72246991399999], [-8.747138120999978, 41.720889639999996], [-8.747129529000006, 41.719988823999984], [-8.74622618699999, 41.71976915099998], [-8.746213312000009, 41.718418208], [-8.748311770999976, 41.71795736600001], [-8.74828594500002, 41.71525659500003], [-8.747075831000018, 41.714362230999996], [-8.747065093000003, 41.71323691600003], [-8.747661526000002, 41.71278355700002], [-8.74585932399998, 41.71279321999998], [-8.746148975999972, 41.711666294], [-8.742819381000004, 41.708983175000014], [-8.742757013000016, 41.70239915299999], [-8.740448834999995, 41.70242750900002], [-8.738572126999998, 41.70450420999998], [-8.733775247999972, 41.705429786000025], [-8.732269401999986, 41.70498809700001], [-8.731691747000013, 41.70746638100002], [-8.729591436000021, 41.70770298899998], [-8.728098025000008, 41.70861050299999], [-8.725392805000013, 41.708399461], [-8.72510280900002, 41.70952689699999], [-8.719716936999987, 41.71180482699998], [-8.717038161000005, 41.714519429999996], [-8.716470062999974, 41.718124096], [-8.717669592999982, 41.71789289399999], [-8.718578956999977, 41.71878798300003], [-8.718587153999977, 41.719688804999976], [-8.721903938000025, 41.721022242000004], [-8.721015045000001, 41.722377256000016], [-8.721031499999981, 41.72417777300001], [-8.718640412000013, 41.72554048000001], [-8.718648601999973, 41.72644017499999], [-8.717749353999977, 41.72667040900001], [-8.717459132999977, 41.727796703000024], [-8.71837479200002, 41.729367545], [-8.718708031999995, 41.73296759599998], [-8.719308958, 41.732964519999996], [-8.719331524999973, 41.73544022300001], [-8.722379596999986, 41.740151131000005], [-8.722083220999991, 41.74060223999999], [-8.723591925999983, 41.74127025400003], [-8.723915175000002, 41.743743834999975], [-8.725448861000018, 41.747112582], [-8.72880266499999, 41.75227131499997], [-8.729704329000015, 41.75226661900001], [-8.72971060399999, 41.75294236799999], [-8.73182708500002, 41.754281760000026], [-8.733634665000011, 41.754721878], [-8.734555317999991, 41.75674270500002], [-8.736974732000022, 41.75830604800001], [-8.736981078999975, 41.758981232999986], [-8.73879095000001, 41.75964633000001], [-8.738507339000023, 41.76144898000001], [-8.740018813000006, 41.762340709], [-8.740338572999974, 41.76436523799998], [-8.741242531000012, 41.76458551000002], [-8.741551668999989, 41.765483597000014], [-8.744869157999972, 41.766591283000025]]]}}, {"type": "Feature", "properties": {"name": "Ribeira de Portuzelo", "subBasin": "Lima", "basin": "PT01_LIMA", "code": "PT01LIM0055"}, "geometry": {"type": "Polygon", "coordinates": [[[-8.764097757000002, 41.76536155299999], [-8.766215369000008, 41.76670030299999], [-8.770426282000017, 41.76690258000002], [-8.770735838000007, 41.767800592000015], [-8.773436971000024, 41.76733593099999], [-8.774327598000013, 41.76620501299999], [-8.776422894999996, 41.765292966000004], [-8.778552065999975, 41.76775679799999], [-8.778561120000006, 41.768657596000025], [-8.780367155000022, 41.76887191200001], [-8.781585580000012, 41.77044053399999], [-8.784309570999994, 41.772225658000025], [-8.786411792000024, 41.77198861099998], [-8.786717017, 41.77243701499998], [-8.788520888999983, 41.772426704], [-8.789415926999993, 41.77174636000001], [-8.790595444000019, 41.76948886100001], [-8.795407867999984, 41.76968676000001], [-8.796002152000028, 41.76900754299999], [-8.79991032800001, 41.768984853000006], [-8.800215636000019, 41.769433220999986], [-8.803522547, 41.76941395], [-8.804419719000009, 41.76895856499999], [-8.805932278, 41.76985057000002], [-8.808337312999981, 41.769836458999976], [-8.810425092000003, 41.76824865399999], [-8.81041559099998, 41.76734785299999], [-8.808611884000015, 41.767358473], [-8.807695845000012, 41.766013414999975], [-8.805887470000016, 41.765574437], [-8.806169210000007, 41.76377219699998], [-8.807665110000016, 41.76308763899999], [-8.807035574999986, 41.76039044700002], [-8.809428400999991, 41.759251018999976], [-8.808817777999991, 41.75835487799998], [-8.809411811000018, 41.757675597], [-8.808810669000025, 41.75767913499999], [-8.80787585600001, 41.75453359699998], [-8.811489677999987, 41.75518809800002], [-8.812078905000021, 41.75405924299997], [-8.812680012999976, 41.754055687999994], [-8.81326206, 41.752251651999984], [-8.81234138000002, 41.75045594300002], [-8.814719423999975, 41.74796660300001], [-8.814700318999996, 41.746165561], [-8.816486672999986, 41.74457942499998], [-8.815265517, 41.74278608899999], [-8.816450777, 41.741203524000014], [-8.816436419000013, 41.739853160999985], [-8.81822975099999, 41.73894217999998], [-8.818217762000018, 41.73781744399997], [-8.81790050699999, 41.73624381100001], [-8.815792416000022, 41.73580564500003], [-8.813369608000016, 41.734019424999985], [-8.813059613999997, 41.733120961], [-8.812158251000028, 41.733126293], [-8.809735638999996, 41.73133998600002], [-8.809413892999999, 41.729316767], [-8.808510205999994, 41.729097009999975], [-8.808488924000017, 41.727070896999976], [-8.806669844999988, 41.725506053000004], [-8.807251812000004, 41.723702601000014], [-8.805733268999973, 41.722135975000015], [-8.805712078999989, 41.72010985999998], [-8.801487806000011, 41.71833391199999], [-8.796374199000013, 41.71768898800002], [-8.795165687999997, 41.71702019200001], [-8.795401194000021, 41.710717277000015], [-8.79418820799998, 41.70959834600001], [-8.794178957999975, 41.70869809499999], [-8.795075360999988, 41.708242762], [-8.795354861000021, 41.706216025], [-8.798346572000014, 41.70507273700002], [-8.798334937999982, 41.70394742799999], [-8.799231247000023, 41.70349263000003], [-8.799817908000023, 41.70213875500002], [-8.799494287000016, 41.69988932799998], [-8.793183267000018, 41.69947573500002], [-8.78811245899999, 41.70288098999998], [-8.788419659999988, 41.703555026000004], [-8.787218368000026, 41.703561896], [-8.786924898999985, 41.70423823499999], [-8.785120665000022, 41.704023448999976], [-8.783334640000021, 41.705609142000014], [-8.780037777000018, 41.70630360400003], [-8.777955718999976, 41.708340471999975], [-8.774952251999991, 41.70835735100002], [-8.774360544999979, 41.709261529], [-8.771056687999987, 41.70927998899998], [-8.77106784099999, 41.71040530900001], [-8.768678340000008, 41.711768495], [-8.767772802000025, 41.71132336300002], [-8.767766142000028, 41.710648735999996], [-8.766865084000017, 41.710653729], [-8.765674707000016, 41.71178513299998], [-8.764172900999995, 41.71179342099998], [-8.761791991999985, 41.71405727400003], [-8.761800359999995, 41.71491364799999], [-8.75970692300001, 41.715869311999995], [-8.759421447000022, 41.717402504999995], [-8.757325702000003, 41.718133634000026], [-8.75703579399999, 41.71921614199999], [-8.752286696999988, 41.71924192900002], [-8.750740403000009, 41.72060073199998], [-8.74719281900002, 41.720619820000024], [-8.746541598000022, 41.721342424], [-8.746251923999978, 41.72246991399999], [-8.749588817000017, 41.72582755399998], [-8.750524687999985, 41.72942426999998], [-8.749949694999998, 41.73212770600003], [-8.750561420999986, 41.733249778000015], [-8.749666502000025, 41.73393038900002], [-8.749675129000025, 41.73483007700003], [-8.750284722999993, 41.735727653000026], [-8.752394551999998, 41.73639092000002], [-8.752109243000007, 41.73796854599999], [-8.753315530999998, 41.738412169000014], [-8.753933886000027, 41.74020884700002], [-8.75453488300002, 41.74020558699999], [-8.754595814000027, 41.746507334], [-8.753735532999997, 41.75078840600003], [-8.753138786000022, 41.75124235200002], [-8.753763794999998, 41.753714215], [-8.75558023100001, 41.75505479499998], [-8.757122412000001, 41.75909773000001], [-8.75922869599998, 41.75931129899999], [-8.760742623999988, 41.760428381999986], [-8.762546165999993, 41.76041848], [-8.76375957900001, 41.761537729999986], [-8.764097757000002, 41.76536155299999]]]}}, {"type": "Feature", "properties": {"name": "Lima-WB3", "subBasin": "Lima", "basin": "PT01_LIMA", "code": "PT01LIM0056"}, "geometry": {"type": "Polygon", "coordinates": [[[-8.585023653999997, 41.77156739999998], [-8.59037515, 41.771139855], [-8.591272281999977, 41.770461047000026], [-8.593680661000008, 41.77090150800001], [-8.594286812999997, 41.771574285999975], [-8.597595590000026, 41.77178596300001], [-8.597906023000007, 41.77313513600001], [-8.598811258000012, 41.773581596999975], [-8.60241587500002, 41.77311670300003], [-8.603036969000016, 41.77581502999999], [-8.604244602999984, 41.77648527000002], [-8.60425121999998, 41.77738553699999], [-8.605156554000018, 41.77783194], [-8.606073528000024, 41.77985437000001], [-8.607874320999997, 41.779396749], [-8.60815500000001, 41.77669470500001], [-8.609655024999995, 41.776237744000014], [-8.613242859000025, 41.773522402000026], [-8.616842259000009, 41.772381852000024], [-8.618038066999986, 41.771475923000025], [-8.618032969000012, 41.770801285999994], [-8.619830005999972, 41.76989278999997], [-8.619520836999982, 41.768768739999985], [-8.620718253999996, 41.76808897500001], [-8.620393701000012, 41.76493933400002], [-8.625196666000022, 41.76401788499999], [-8.625785817000008, 41.762439831999984], [-8.627584242000012, 41.76175740100001], [-8.628175032000001, 41.76040440100002], [-8.632058285000028, 41.75723591000002], [-8.634139528999981, 41.75430084200002], [-8.634130760999994, 41.75317607400001], [-8.63801860000001, 41.75068314399999], [-8.63860529499999, 41.74884991699997], [-8.640399473999992, 41.747694577000004], [-8.641297941999994, 41.74729249400002], [-8.649117250000018, 41.74793211000002], [-8.649729175000004, 41.74927978699998], [-8.651842065999972, 41.75039614799999], [-8.651557855000021, 41.75242253800002], [-8.652457707999986, 41.75219338300002], [-8.652749174999997, 41.75106668400002], [-8.656958719999977, 41.75127254099999], [-8.656951382999978, 41.75037284000001], [-8.65904784899999, 41.74946234700002], [-8.659929182999974, 41.74698247700002], [-8.663516992999973, 41.744715708], [-8.662897387999976, 41.74246727299999], [-8.661990301999992, 41.74179681300001], [-8.661966227999983, 41.738870964], [-8.66315149799999, 41.736839238000016], [-8.66253941299999, 41.735492195999996], [-8.66313850900002, 41.73526377600001], [-8.666445629999998, 41.735474033], [-8.670370650999985, 41.737705828], [-8.671565064999982, 41.73679990900001], [-8.672774554, 41.737694503], [-8.673093956999992, 41.73994429800001], [-8.674303526000017, 41.740838311000005], [-8.674917809000021, 41.74241091900001], [-8.676119845000017, 41.74240521500002], [-8.67673037999998, 41.74352768799997], [-8.67823677299998, 41.74397065699998], [-8.678853107999998, 41.745768876], [-8.681862196999987, 41.746204611999985], [-8.681889094999974, 41.749354951999976], [-8.682796508000024, 41.750026381], [-8.682808057999978, 41.751376768], [-8.68371356099999, 41.751822557000025], [-8.684023771, 41.75294643500001], [-8.685229869000011, 41.75339075800002], [-8.685542037999994, 41.75473969000001], [-8.686445669000022, 41.75495983299999], [-8.687360963999993, 41.75653090899999], [-8.68977531500002, 41.75764511099999], [-8.690097362000017, 41.760119350000025], [-8.691908730000023, 41.761010234000025], [-8.692828169999984, 41.763031962000014], [-8.694337091000023, 41.763699222000014], [-8.69465539700002, 41.76572331900002], [-8.695571058999974, 41.76729488799998], [-8.696172310000009, 41.767291926999974], [-8.69618019699999, 41.76819162200002], [-8.70040689000001, 41.77019693599999], [-8.702210718999993, 41.77018797599999], [-8.703701926000008, 41.76883011799998], [-8.70339130299999, 41.767706300999976], [-8.702489410999988, 41.76771079100001], [-8.702479432000018, 41.766584912999974], [-8.707866469999999, 41.76385711400002], [-8.707555807000006, 41.76273330700002], [-8.708453591000023, 41.762278648000006], [-8.708744109999998, 41.76115182000001], [-8.708727979000003, 41.759351313000025], [-8.707822181999973, 41.758906282], [-8.707812112999989, 41.75778040199998], [-8.708711854, 41.75755137099998], [-8.709000331000027, 41.75619947500002], [-8.708090551999987, 41.75530319500001], [-8.708064374999992, 41.75237736899999], [-8.706549542000005, 41.751034531000016], [-8.707128538000006, 41.748556382000004], [-8.705313295999986, 41.74721502199998], [-8.70559377799998, 41.74496231799998], [-8.704682202000015, 41.74384150499998], [-8.703780651999978, 41.74384600399998], [-8.704071183999986, 41.74271974999999], [-8.70256464099998, 41.74227654399999], [-8.703137722999998, 41.73912265199999], [-8.701014389000022, 41.736883034000016], [-8.700692060999984, 41.73440882099999], [-8.699788667000007, 41.73418822399998], [-8.70037570400001, 41.732609793999984], [-8.700980602000016, 41.733056938999994], [-8.703382334000025, 41.73281992], [-8.702437109000016, 41.72787242200002], [-8.705433516000028, 41.72695774099998], [-8.705421501999979, 41.72560735299999], [-8.706020350000017, 41.725379282999995], [-8.706014332999985, 41.72470352900001], [-8.704506208999987, 41.724036402000024], [-8.701778526999988, 41.72134909800002], [-8.701764602000026, 41.71977363899998], [-8.702960238000003, 41.71909190500003], [-8.70294785599998, 41.71769366199999], [-8.704448243000002, 41.71750896200001], [-8.707472257999996, 41.719745132000014], [-8.708103236999989, 41.723117521999995], [-8.710206165999978, 41.723106934999976], [-8.71169813199998, 41.721974031], [-8.712006656000028, 41.722873332999995], [-8.712909932999992, 41.723093269], [-8.714440491999994, 41.726236556], [-8.71595286500002, 41.727354236999986], [-8.717457088000003, 41.72757163599999], [-8.717749353999977, 41.72667040900001], [-8.718648601999973, 41.72644017499999], [-8.718640412000013, 41.72554048000001], [-8.721031499999981, 41.72417777300001], [-8.721015045000001, 41.722377256000016], [-8.721903938000025, 41.721022242000004], [-8.718587153999977, 41.719688804999976], [-8.718578956999977, 41.71878798300003], [-8.717669592999982, 41.71789289399999], [-8.716470062999974, 41.718124096], [-8.717038161000005, 41.714519429999996], [-8.719716936999987, 41.71180482699998], [-8.72510280900002, 41.70952689699999], [-8.725392805000013, 41.708399461], [-8.728098025000008, 41.70861050299999], [-8.729591436000021, 41.70770298899998], [-8.731691747000013, 41.70746638100002], [-8.732269401999986, 41.70498809700001], [-8.73287424900002, 41.70543451200001], [-8.736776491, 41.70518948300003], [-8.738572126999998, 41.70450420999998], [-8.740055003999998, 41.702504826999984], [-8.742757013000016, 41.70239915299999], [-8.742819381000004, 41.708983175000014], [-8.746148975999972, 41.711666294], [-8.74585932399998, 41.71279321999998], [-8.747661526000002, 41.71278355700002], [-8.747065093000003, 41.71323691600003], [-8.747075831000018, 41.714362230999996], [-8.74828594500002, 41.71525659500003], [-8.748311770999976, 41.71795736600001], [-8.746213312000009, 41.718418208], [-8.74622618699999, 41.71976915099998], [-8.747129529000006, 41.719988823999984], [-8.746833417999994, 41.720440560999975], [-8.747495372000003, 41.720843272000025], [-8.749841355000001, 41.720830654999986], [-8.752286696999988, 41.71924192900002], [-8.75703579399999, 41.71921614199999], [-8.757325702000003, 41.718133634000026], [-8.759421447000022, 41.717402504999995], [-8.75970692300001, 41.715869311999995], [-8.761800359999995, 41.71491364799999], [-8.761791991999985, 41.71405727400003], [-8.764172900999995, 41.71179342099998], [-8.765674707000016, 41.71178513299998], [-8.766865084000017, 41.710653729], [-8.767766142000028, 41.710648735999996], [-8.767772802000025, 41.71132336300002], [-8.768678340000008, 41.711768495], [-8.77106784099999, 41.71040530900001], [-8.771056671999986, 41.709279433999995], [-8.769855285999995, 41.70928612300003], [-8.769510417999982, 41.70478652600002], [-8.767695128000014, 41.703446149], [-8.766794272000027, 41.69800993299998], [-8.764364504000014, 41.69486778700002], [-8.762863085999982, 41.694876056], [-8.761942454000007, 41.692855436], [-8.761037665000003, 41.69245414300002], [-8.759176604000004, 41.69223982800003], [-8.755009775000019, 41.69608883199999], [-8.751393323999991, 41.69475797000001], [-8.749271938999982, 41.69274315400003], [-8.745971075, 41.69298594999998], [-8.745078794999984, 41.693891022], [-8.742082392999976, 41.69458279600002], [-8.738197746000026, 41.69662908999999], [-8.732790371000021, 41.696432475999984], [-8.728296387, 41.697581313], [-8.72558127000002, 41.69624494599998], [-8.721977770000024, 41.696263542999986], [-8.721352501000013, 41.69356583299998], [-8.71713428999999, 41.69201190299998], [-8.71532043000002, 41.690670677000014], [-8.715007957000012, 41.689321803999974], [-8.714407456000004, 41.689324854999995], [-8.714695498000026, 41.68797292900001], [-8.71407467900002, 41.68572502699999], [-8.715565717999993, 41.68459206599999], [-8.714362748999974, 41.684373100000016], [-8.714652802999979, 41.68324624000002], [-8.71314556599998, 41.682578648], [-8.712218568000026, 41.679657342999974], [-8.711618138999995, 41.67966037899998], [-8.71037692599998, 41.675165084000014], [-8.709168088000013, 41.67427085899999], [-8.707943226999987, 41.67157608399998], [-8.707342872000027, 41.671579097999995], [-8.705855982000003, 41.673162090000005], [-8.702569864999987, 41.674979103], [-8.702575835000005, 41.675654312999995], [-8.695975395999994, 41.676137143000005], [-8.692983173000016, 41.67727721900002], [-8.693008613000018, 41.680203108], [-8.69061269399998, 41.680890050000016], [-8.689425416999995, 41.68247137399999], [-8.686731074000022, 41.68338476700001], [-8.68643664199999, 41.68406142399999], [-8.682829943999991, 41.68362866299998], [-8.683457358999988, 41.68677702100001], [-8.681959936999988, 41.687233806999984], [-8.678683847000002, 41.690400576], [-8.68110324600002, 41.692415271000016], [-8.681415028000004, 41.69376423699998], [-8.679659205000007, 41.699173942000016], [-8.677271958000006, 41.700986511999986], [-8.676692241000012, 41.70346453899998], [-8.678507565000018, 41.705031984000016], [-8.680361247000008, 41.711100163000026], [-8.68187457900001, 41.71244336000001], [-8.681889934000026, 41.71424388999998], [-8.683097206000014, 41.714912749999996], [-8.68372688400001, 41.71828641299999], [-8.677755119999972, 41.722591439999974], [-8.677771032999999, 41.72447074399997], [-8.67566739099999, 41.724401968999985], [-8.673549272999992, 41.722611401999984], [-8.671446360000004, 41.722621326000024], [-8.669332170000018, 41.721280819000015], [-8.667813260000003, 41.719261691999975], [-8.66600897799998, 41.719045042999994], [-8.661178525000025, 41.716141487000016], [-8.657275303999995, 41.71638452899998], [-8.654553561, 41.71414678899998], [-8.650346432999982, 41.71394083299998], [-8.648562189000017, 41.71619908600002], [-8.646162661000005, 41.71666004100001], [-8.646182410999984, 41.719135772000016], [-8.645014842000023, 41.723417434], [-8.644117146999974, 41.72387161299997], [-8.643233733999978, 41.72612686399998], [-8.640238244999978, 41.72726557300001], [-8.639950226999986, 41.72884237699998], [-8.640263102999995, 41.73041650800002], [-8.640865792, 41.73063834999999], [-8.641192933000013, 41.734013015000016], [-8.640291511999976, 41.734017015000006], [-8.639996370000006, 41.734694117000004], [-8.641200050000009, 41.73491328199998], [-8.641829507000011, 41.738512232000005], [-8.643349845999978, 41.74075563399998], [-8.644519839999987, 41.74120055999998], [-8.64336056899998, 41.742106035999996], [-8.643365931000005, 41.74278123300002], [-8.638881249000008, 41.745727140999975], [-8.637993834999975, 41.747532216000025], [-8.634999015999995, 41.748895859000015], [-8.63078793699998, 41.74846356799998], [-8.626896486000021, 41.750506685000005], [-8.623588722000022, 41.75029586199997], [-8.618149941000013, 41.746492819000025], [-8.617822230000002, 41.74289246500001], [-8.616611697999986, 41.741772792000006], [-8.616900351000027, 41.74019604], [-8.616297652000014, 41.73997295999999], [-8.61658289899998, 41.73794607899998], [-8.617480993000015, 41.737492686999985], [-8.617469115999995, 41.735917219999976], [-8.617160157, 41.73479315499998], [-8.615649308999991, 41.73367361200002], [-8.615338708000024, 41.732324472000016], [-8.61413178700002, 41.73165490100001], [-8.612028548000012, 41.731663739], [-8.611135530000013, 41.73279229100001], [-8.609631524000008, 41.73257349400001], [-8.606009350000022, 41.73033836500002], [-8.603605689999995, 41.730348291999974], [-8.601192190999996, 41.72900776], [-8.600911402999998, 41.73170981200002], [-8.601517257000012, 41.73238199000002], [-8.600625675999993, 41.733736092000015], [-8.599126575000014, 41.734192361], [-8.598251225000013, 41.737797683999986], [-8.598860378999973, 41.73892057699999], [-8.603694706999988, 41.742501393], [-8.603699658999972, 41.743177163999974], [-8.608529583000006, 41.746083129], [-8.608845119000023, 41.74810691800002], [-8.608567904999973, 41.751259103999985], [-8.605879501000004, 41.753521568999986], [-8.604713603999983, 41.75847745599998], [-8.603512910999996, 41.75870748199998], [-8.600525038, 41.761195567000016], [-8.598420825999995, 41.761204152999994], [-8.599296478999975, 41.75759996199997], [-8.596888536999984, 41.757159048000005], [-8.593565985999987, 41.754922306000026], [-8.59116622900001, 41.75560660100001], [-8.589962311000022, 41.75538634600002], [-8.589354768000021, 41.75448847500002], [-8.589361167999982, 41.755388746999984], [-8.588761612999974, 41.755616212999996], [-8.584235572000011, 41.75315834999998], [-8.582136342000013, 41.753842400999986], [-8.580627219000007, 41.752947458999984], [-8.580915219000019, 41.75114573799999], [-8.580310976000021, 41.750698520000014], [-8.57761223099999, 41.75160878600002], [-8.576428656000019, 41.75431427000001], [-8.574626775000013, 41.754546318999985], [-8.574645361000023, 41.75724714099999], [-8.573524743000007, 41.760808759999975], [-8.574127498999985, 41.761031507999974], [-8.574750395000024, 41.764180135000004], [-8.575656895000009, 41.764851851], [-8.578061862000027, 41.76484251199997], [-8.578074351999987, 41.766643042], [-8.579281555000023, 41.76731356800002], [-8.579590019000022, 41.768437731999995], [-8.582300470999996, 41.76910233699999], [-8.585023653999997, 41.77156739999998]]]}}, {"type": "Feature", "properties": {"name": "Lima-WB2", "subBasin": "Lima", "basin": "PT01_LIMA", "code": "PT01LIM0057"}, "geometry": {"type": "Polygon", "coordinates": [[[-8.769855285999995, 41.70928612300003], [-8.774360544999979, 41.709261529], [-8.774952251999991, 41.70835735100002], [-8.777955718999976, 41.708340471999975], [-8.780037777000018, 41.70630360400003], [-8.783334640000021, 41.705609142000014], [-8.785120665000022, 41.704023448999976], [-8.786924898999985, 41.70423823499999], [-8.787218368000026, 41.703561896], [-8.788419659999988, 41.703555026000004], [-8.78811245899999, 41.70288098999998], [-8.793183267000018, 41.69947573500002], [-8.799494287000016, 41.69988932799998], [-8.799817908000023, 41.70213875500002], [-8.799231247000023, 41.70349263000003], [-8.798334937999982, 41.70394742799999], [-8.798346572000014, 41.70507273700002], [-8.795354861000021, 41.706216025], [-8.795075360999988, 41.708242762], [-8.794178957999975, 41.70869809499999], [-8.79418820799998, 41.70959834600001], [-8.795401194000021, 41.710717277000015], [-8.795165687999997, 41.71702019200001], [-8.796374199000013, 41.71768898800002], [-8.801487806000011, 41.71833391199999], [-8.805712078999989, 41.72010985999998], [-8.805733268999973, 41.722135975000015], [-8.807251812000004, 41.723702601000014], [-8.806669844999988, 41.725506053000004], [-8.808488924000017, 41.727070896999976], [-8.808510205999994, 41.729097009999975], [-8.809413892999999, 41.729316767], [-8.809735638999996, 41.73133998600002], [-8.812158251000028, 41.733126293], [-8.813059613999997, 41.733120961], [-8.813369608000016, 41.734019424999985], [-8.815792416000022, 41.73580564500003], [-8.81790050699999, 41.73624381100001], [-8.81755210099999, 41.73174383000003], [-8.821137769000018, 41.729877921000025], [-8.821426630000019, 41.72879470100003], [-8.823221534000027, 41.72806481700002], [-8.823212343000023, 41.72720846200002], [-8.825004757999977, 41.726253482999994], [-8.825293552999995, 41.72517082500002], [-8.827090732999977, 41.724665378], [-8.828277803999981, 41.72330775299997], [-8.828310729000009, 41.721056798000006], [-8.829505030000007, 41.72037433899999], [-8.829495284000018, 41.71947409799998], [-8.830687078999972, 41.71856656599999], [-8.83067487599999, 41.71744125700002], [-8.831270777999976, 41.716987485000004], [-8.830960618000006, 41.71608906199998], [-8.829453865999994, 41.71564806399999], [-8.829446557999972, 41.714972875], [-8.830643151000004, 41.71451547700002], [-8.830616312000018, 41.71203978400001], [-8.834484179000015, 41.70864011499998], [-8.835658514999977, 41.706157099999984], [-8.835924436000028, 41.70300441799998], [-8.835008764999998, 41.70165955300001], [-8.834976868000012, 41.698733765999975], [-8.833162861000005, 41.69761947400002], [-8.832850340999983, 41.69649599899998], [-8.828614733999984, 41.69359574700002], [-8.828580701000021, 41.69044490099998], [-8.819512988999975, 41.68487256499998], [-8.819493803, 41.68307207599997], [-8.820687489000022, 41.682389711999974], [-8.820677880000005, 41.681489466000016], [-8.818864599999984, 41.68037492899998], [-8.818552416999978, 41.67925141500001], [-8.819731656999977, 41.67721869000002], [-8.821520835000001, 41.676082614999984], [-8.82151842899998, 41.67585754999999], [-8.821144636999975, 41.67432843199998], [-8.819017008000003, 41.671865320999984], [-8.817213590999984, 41.67165100400001], [-8.815126675999977, 41.673013863999984], [-8.810018925999998, 41.67259392699998], [-8.809425668000017, 41.673272646999976], [-8.808220222999978, 41.67282958800001], [-8.803422076999993, 41.67330783800003], [-8.80250984600002, 41.67218777900001], [-8.801609319000022, 41.67219302400002], [-8.799217226999986, 41.67310725200002], [-8.797730254999976, 41.674466349], [-8.797127553999985, 41.674244765000026], [-8.795344952999983, 41.67605569], [-8.794444366999983, 41.67606089399999], [-8.794137241999977, 41.67538744900003], [-8.793236678000028, 41.67539264200002], [-8.79291574299998, 41.67336880300002], [-8.788708615000019, 41.672942809999995], [-8.78689839399999, 41.672052846999975], [-8.786584522999988, 41.67070418999998], [-8.781790874000023, 41.67163174299998], [-8.781784071000004, 41.67095654299999], [-8.779066738999973, 41.66939636799998], [-8.780253834999996, 41.668039213999975], [-8.77723425900001, 41.66625561500001], [-8.774833062000027, 41.66626909199999], [-8.774252918000002, 41.668298037], [-8.771251317000008, 41.66831479799998], [-8.764365288000022, 41.670153562999985], [-8.763462573000027, 41.66993346100003], [-8.76345156299999, 41.66880813900002], [-8.761337261999984, 41.66746928700002], [-8.755331964999982, 41.66727699299997], [-8.749639773000013, 41.668433171000004], [-8.747860274999994, 41.67069350100002], [-8.745458901000006, 41.67070636599999], [-8.742448658, 41.669822117000024], [-8.742137859000024, 41.66869838299999], [-8.740334765, 41.66848288599999], [-8.739421558999993, 41.667137250999986], [-8.734923421000019, 41.667611131], [-8.73401665199998, 41.66694066100001], [-8.73252216200001, 41.66762372300002], [-8.731644688000017, 41.67010417199998], [-8.729849915999978, 41.67078877], [-8.72985825500001, 41.671689042000025], [-8.72775909500001, 41.671925042], [-8.727765329000022, 41.67260023699998], [-8.72595180899998, 41.671259170999974], [-8.721153099999981, 41.671734078999975], [-8.721743176000018, 41.67060565000003], [-8.721134609999979, 41.66970847099998], [-8.719035469999994, 41.669944309000016], [-8.718145182, 41.67107424699998], [-8.712737973999992, 41.67065158999998], [-8.711843520999992, 41.67133135099999], [-8.707943226999987, 41.67157608399998], [-8.709168088000013, 41.67427085899999], [-8.71037692599998, 41.675165084000014], [-8.711618138999995, 41.67966037899998], [-8.712218568000026, 41.679657342999974], [-8.71314556599998, 41.682578648], [-8.714652802999979, 41.68324624000002], [-8.714362748999974, 41.684373100000016], [-8.715565717999993, 41.68459206599999], [-8.71407467900002, 41.68572502699999], [-8.714695498000026, 41.68797292900001], [-8.714407456000004, 41.689324854999995], [-8.715007957000012, 41.689321803999974], [-8.71532043000002, 41.690670677000014], [-8.71713428999999, 41.69201190299998], [-8.721352501000013, 41.69356583299998], [-8.721977770000024, 41.696263542999986], [-8.72558127000002, 41.69624494599998], [-8.728296387, 41.697581313], [-8.732790371000021, 41.696432475999984], [-8.738197746000026, 41.69662908999999], [-8.742082392999976, 41.69458279600002], [-8.745078794999984, 41.693891022], [-8.745971075, 41.69298594999998], [-8.749271938999982, 41.69274315400003], [-8.751393323999991, 41.69475797000001], [-8.755009775000019, 41.69608883199999], [-8.759176604000004, 41.69223982800003], [-8.761037665000003, 41.69245414300002], [-8.761942454000007, 41.692855436], [-8.762863085999982, 41.694876056], [-8.764364504000014, 41.69486778700002], [-8.766794272000027, 41.69800993299998], [-8.767695128000014, 41.703446149], [-8.769510417999982, 41.70478652600002], [-8.769855285999995, 41.70928612300003]]]}}, {"type": "Feature", "properties": {"name": "Ribeira de Anha", "subBasin": "Lima", "basin": "PT01_LIMA", "code": "PT01LIM0058"}, "geometry": {"type": "Polygon", "coordinates": [[[-8.73252216200001, 41.66762372300002], [-8.73401665199998, 41.66694066100001], [-8.734923421000019, 41.667611131], [-8.739421558999993, 41.667137250999986], [-8.740334765, 41.66848288599999], [-8.742137859000024, 41.66869838299999], [-8.742448658, 41.669822117000024], [-8.747860274999994, 41.67069350100002], [-8.749639773000013, 41.668433171000004], [-8.75353319300001, 41.667511827], [-8.761337261999984, 41.66746928700002], [-8.76345156299999, 41.66880813900002], [-8.763462573000027, 41.66993346100003], [-8.764365288000022, 41.670153562999985], [-8.771251317000008, 41.66831479799998], [-8.774252918000002, 41.668298037], [-8.774833062000027, 41.66626909199999], [-8.77723425900001, 41.66625561500001], [-8.780253834999996, 41.668039213999975], [-8.779066738999973, 41.66939636799998], [-8.781784071000004, 41.67095654299999], [-8.781790874000023, 41.67163174299998], [-8.786584522999988, 41.67070418999998], [-8.78689839399999, 41.672052846999975], [-8.788708615000019, 41.672942809999995], [-8.79291574299998, 41.67336880300002], [-8.793236678000028, 41.67539264200002], [-8.794137241999977, 41.67538744900003], [-8.794444366999983, 41.67606089399999], [-8.795344952999983, 41.67605569], [-8.797127553999985, 41.674244765000026], [-8.797730254999976, 41.674466349], [-8.799217226999986, 41.67310725200002], [-8.801609319000022, 41.67219302400002], [-8.80250984600002, 41.67218777900001], [-8.803422076999993, 41.67330783800003], [-8.808220222999978, 41.67282958800001], [-8.809425668000017, 41.673272646999976], [-8.810018925999998, 41.67259392699998], [-8.815126675999977, 41.673013863999984], [-8.817213590999984, 41.67165100400001], [-8.819017008000003, 41.671865320999984], [-8.821144636999975, 41.67432843199998], [-8.821161459999985, 41.67590385800003], [-8.826562474000013, 41.67564630300001], [-8.825954825999986, 41.674974744999986], [-8.82744849300002, 41.674290498000005], [-8.825666033000005, 41.669799738999984], [-8.823497886999974, 41.66981279100003], [-8.823464134999995, 41.666661928999986], [-8.824062013999992, 41.66643325899997], [-8.823749812000017, 41.665309761], [-8.824350091999975, 41.665306149], [-8.824340439000025, 41.66440590299999], [-8.823383976999992, 41.661853665000024], [-8.819509482, 41.661733957000024], [-8.818299419000027, 41.66084087899998], [-8.81885896099999, 41.657011243], [-8.816155639999977, 41.65680227500002], [-8.815534005000018, 41.654780276], [-8.81343098100001, 41.65456767500001], [-8.812218753000025, 41.653449464999994], [-8.808613004999984, 41.653020577999996], [-8.80499086499998, 41.651016126], [-8.804974449999975, 41.64944068599999], [-8.804071905, 41.64922088200001], [-8.804057855999986, 41.647870504000025], [-8.803150661000018, 41.647200570999985], [-8.803441361000012, 41.64629857], [-8.802241147000018, 41.646305568], [-8.802234140999985, 41.64563037200003], [-8.799826739000025, 41.64496915699999], [-8.798917304999975, 41.644074144], [-8.799196431999974, 41.64204681899997], [-8.798296321999999, 41.642052046], [-8.797386945000028, 41.64115701899999], [-8.797073005000016, 41.639808378], [-8.793456575999983, 41.63825372399998], [-8.793442753000022, 41.63690334400002], [-8.792542718999982, 41.636908525000024], [-8.792215105000025, 41.634209476000024], [-8.790405940000028, 41.63331955799998], [-8.789185361000023, 41.63130084599999], [-8.785596897000005, 41.632446723999976], [-8.785312830999999, 41.63402388100002], [-8.782326418000025, 41.63539130800001], [-8.781753561000016, 41.63809547300002], [-8.776984717000005, 41.641273454999975], [-8.776404849000016, 41.643302413000015], [-8.775206921000006, 41.643534208000005], [-8.774915838000027, 41.644436144999986], [-8.766812304999974, 41.644256170000006], [-8.765901121000013, 41.64313581800002], [-8.764400911999985, 41.64314409299999], [-8.763509569000007, 41.64404930799998], [-8.759315474000005, 41.64474753899998], [-8.755156009000018, 41.649046672], [-8.753655642000012, 41.64905480800002], [-8.749787020999975, 41.652451868000014], [-8.744106682999984, 41.654733084999975], [-8.743517144999998, 41.65586161300001], [-8.741722906999996, 41.656546392999985], [-8.741731406999975, 41.657446666], [-8.740835318999984, 41.65790157800001], [-8.741143922999981, 41.65880025000001], [-8.739366501999996, 41.66128552999999], [-8.739372855, 41.661960728], [-8.741184268999973, 41.663076510999986], [-8.737603740999987, 41.66534624399998], [-8.732499130000008, 41.66514799800001], [-8.73252216200001, 41.66762372300002]]]}}, {"type": "Feature", "properties": {"name": "Lima-WB1", "subBasin": "Lima", "basin": "PT01_LIMA", "code": "PT01LIM0059"}, "geometry": {"type": "Polygon", "coordinates": [[[-8.821461178999982, 41.675857893], [-8.819731656999977, 41.67721869000002], [-8.818552416999978, 41.67925141500001], [-8.818864599999984, 41.68037492899998], [-8.820677880000005, 41.681489466000016], [-8.820687489000022, 41.682389711999974], [-8.819493803, 41.68307207599997], [-8.819512988999975, 41.68487256499998], [-8.828580701000021, 41.69044490099998], [-8.828614733999984, 41.69359574700002], [-8.832850340999983, 41.69649599899998], [-8.833162861000005, 41.69761947400002], [-8.834676573000024, 41.69873560100001], [-8.837054325999986, 41.696470311999974], [-8.839751959000012, 41.69600360800001], [-8.84421643600001, 41.69237485100001], [-8.843878921999988, 41.689000819], [-8.845370203000016, 41.68809127399999], [-8.844737384999974, 41.685169210000026], [-8.84652631199998, 41.684032746000014], [-8.847492246000002, 41.68408409199998], [-8.84656590100002, 41.67923470300002], [-8.844451601000003, 41.67398131599998], [-8.835164210000016, 41.661575760000005], [-8.82466833799998, 41.66165884600002], [-8.824351327999977, 41.66008521200001], [-8.824944308999989, 41.659406416000024], [-8.824041560000012, 41.65918677500002], [-8.824029499999995, 41.65806146900002], [-8.825217861999988, 41.656928935999986], [-8.824005382999985, 41.65581084600001], [-8.82428618199998, 41.654008550000015], [-8.823683598000002, 41.653787093999995], [-8.82456695899998, 41.652206252999974], [-8.823666726999988, 41.652211668999996], [-8.823359403999973, 41.651538276], [-8.820658716000025, 41.65155447199999], [-8.820349045, 41.65065602300001], [-8.809832285000027, 41.64936799700001], [-8.805038233000005, 41.65007137600003], [-8.805031197000005, 41.649396180999986], [-8.804431061000003, 41.649399690999985], [-8.804428717999997, 41.649174628000026], [-8.804128651999974, 41.64917638100002], [-8.80411460099998, 41.64782600699999], [-8.803814536000004, 41.647827759999984], [-8.803809854999997, 41.64737762300001], [-8.80314832099998, 41.646975509000015], [-8.803757797000003, 41.64787225600003], [-8.804057855999986, 41.647870504000025], [-8.804071905, 41.64922088200001], [-8.804374316000008, 41.649444191999976], [-8.804974449999975, 41.64944068599999], [-8.80499086499998, 41.651016126], [-8.806200567000019, 41.651909348000004], [-8.808613004999984, 41.653020577999996], [-8.812218753000025, 41.653449464999994], [-8.81343098100001, 41.65456767500001], [-8.815534005000018, 41.654780276], [-8.816155639999977, 41.65680227500002], [-8.81885896099999, 41.657011243], [-8.818299419000027, 41.66084087899998], [-8.819509482, 41.661733957000024], [-8.823383976999992, 41.661853665000024], [-8.824340439000025, 41.66440590299999], [-8.824350091999975, 41.665306149], [-8.823749812000017, 41.665309761], [-8.824062013999992, 41.66643325899997], [-8.823464134999995, 41.666661928999986], [-8.823497886999974, 41.66981279100003], [-8.825666033000005, 41.669799738999984], [-8.82744849300002, 41.674290498000005], [-8.825954825999986, 41.674974744999986], [-8.826562474000013, 41.67564630300001], [-8.821461178999982, 41.675857893]]]}}, {"type": "Feature", "properties": {"name": "Rio Trancoso", "subBasin": "Minho", "basin": "PT01_MINHO", "code": "PT01MIN0001I"}, "geometry": {"type": "Polygon", "coordinates": [[[-8.190908864999983, 42.15101266800002], [-8.192421109000009, 42.151011864], [-8.194540694000011, 42.153486405000024], [-8.196961079000005, 42.15416022300002], [-8.198775631999979, 42.15393409699999], [-8.197562518999973, 42.15078392100003], [-8.197256133999986, 42.146958015999985], [-8.196348160000014, 42.14628334700001], [-8.196647615000018, 42.14335734299999], [-8.193923938000012, 42.141333298000006], [-8.19422546200002, 42.14043287599998], [-8.196945668000012, 42.13908095300002], [-8.196035327000004, 42.135930574999975], [-8.198754828000006, 42.13412847699999], [-8.19935861099998, 42.13322785899999], [-8.199356231000024, 42.130977212999994], [-8.199960936000025, 42.13097684899998], [-8.202676861999976, 42.12624880999999], [-8.200859960999992, 42.12354918400001], [-8.200858731999972, 42.122423873], [-8.201462862000028, 42.12197337499998], [-8.20146138299998, 42.120623002], [-8.202669590000028, 42.11972199600001], [-8.20266783400001, 42.118146560000014], [-8.204781545999992, 42.11611964399998], [-8.204474892000007, 42.112293776], [-8.205682636999995, 42.111167674], [-8.203866285000004, 42.10869316100002], [-8.204167250000012, 42.10756765299999], [-8.203260023999974, 42.10711810800001], [-8.203861952000011, 42.104867101000025], [-8.202348325000003, 42.102617459999976], [-8.201138722999985, 42.10194303100002], [-8.201137499000026, 42.10081773000002], [-8.200230390999991, 42.10036816500002], [-8.200228700000025, 42.098792742], [-8.201738458000023, 42.097666511], [-8.202039411999976, 42.09654102100001], [-8.201434054000003, 42.09564115400002], [-8.202641538000023, 42.09451509899998], [-8.202632789000006, 42.086637978], [-8.203235810000024, 42.085512295], [-8.206254797999975, 42.08348480500001], [-8.207158247999985, 42.08100853799999], [-8.205343744000004, 42.07943430099999], [-8.205039826000018, 42.077859069], [-8.204133271999979, 42.07763458900001], [-8.204130716999998, 42.07538397799999], [-8.202921111000023, 42.074259434], [-8.20321663499999, 42.06840764999998], [-8.203819217999978, 42.067056901], [-8.203213861999984, 42.06593197400002], [-8.201400128999978, 42.06458272399999], [-8.198379295999985, 42.064134405000004], [-8.19505490900002, 42.06211073700001], [-8.192034664999994, 42.062112377999995], [-8.190825526000026, 42.06098769900001], [-8.184784593000018, 42.06031549400001], [-8.184180191999985, 42.05986564900002], [-8.184481086999995, 42.05851513099998], [-8.183877074000009, 42.05851541099997], [-8.18357378600001, 42.056940107], [-8.182667428999991, 42.056490392], [-8.182968158999984, 42.05491481400003], [-8.182363108000004, 42.053564704999985], [-8.183268511999984, 42.05288910799999], [-8.182965447000015, 42.05153886400001], [-8.181757376000007, 42.05131434100002], [-8.181456104999995, 42.05221472699998], [-8.179946219999977, 42.05221537900002], [-8.178737980999983, 42.05176576000002], [-8.17873698599999, 42.050415380000004], [-8.177830917999984, 42.05019068799999], [-8.17783026699999, 42.04929043499999], [-8.176622414999997, 42.049290919999976], [-8.175717147, 42.05019152900002], [-8.173905343000001, 42.050192218999996], [-8.173905938000019, 42.05109247199999], [-8.172094534999985, 42.05176832400002], [-8.171793974000025, 42.05401906499998], [-8.172398088000023, 42.054243912000004], [-8.17239880599999, 42.05536922900001], [-8.171796943000004, 42.05874539299998], [-8.17240110199998, 42.05897024000001], [-8.172402393000027, 42.06099580799997], [-8.169986650999988, 42.06167184399999], [-8.169381810999994, 42.06032167000001], [-8.166361904999974, 42.06077277000003], [-8.166362392999986, 42.061673023000026], [-8.164248928999996, 42.063024036], [-8.164551303999986, 42.063699138000004], [-8.163646336, 42.06595003000001], [-8.160626422000007, 42.06707616900002], [-8.160325476000025, 42.069551940999986], [-8.161534027000016, 42.07022681199999], [-8.16153454900001, 42.07135212700001], [-8.159722338999984, 42.07180272400001], [-8.16002510200002, 42.07337808699998], [-8.157608755000012, 42.07405386800002], [-8.154285712999979, 42.07360447299999], [-8.153077844999984, 42.07495509199998], [-8.153079261000016, 42.07923128599998], [-8.153683547000014, 42.079456230000005], [-8.153684006999981, 42.08080660600001], [-8.153079854999987, 42.08103178800002], [-8.153080303000024, 42.08238216400002], [-8.157613555000012, 42.085982188], [-8.158821820000014, 42.08530670900001], [-8.161238893000018, 42.08530608900003], [-8.167886352999972, 42.08620437100001], [-8.170002262000025, 42.087779101000024], [-8.170305762999988, 42.090029620999985], [-8.171212509999975, 42.09047942799998], [-8.171213480000006, 42.09205486399998], [-8.170609558000024, 42.09273026300002], [-8.17121403599998, 42.092955113000016], [-8.171517603999973, 42.095205626999984], [-8.170612016999996, 42.09678138300001], [-8.169705582999995, 42.09700675800002], [-8.169404584000006, 42.099032419000025], [-8.167893966000008, 42.099708109000005], [-8.166082073999974, 42.102184368999986], [-8.16306113500002, 42.10466095200002], [-8.163364136999974, 42.10623630200001], [-8.165178597000022, 42.108261330999994], [-8.164877746999991, 42.110962175], [-8.169111309000016, 42.11433676199999], [-8.16941516999998, 42.11703740899998], [-8.170322297999974, 42.117487220999976], [-8.170020548000025, 42.118387575999975], [-8.168207436999978, 42.11951349999998], [-8.168207947999974, 42.12041374900002], [-8.166394744999991, 42.121539644999984], [-8.166395475999991, 42.12289001800002], [-8.164582399999972, 42.12446600999999], [-8.164583772000015, 42.127166767999995], [-8.16337487300001, 42.128067378000026], [-8.163375201000008, 42.128742569999986], [-8.164584794999996, 42.12919234200001], [-8.164283352999973, 42.13099294199998], [-8.16488909100002, 42.133018333999985], [-8.167308977000005, 42.13481808900002], [-8.166706298999998, 42.13864436099999], [-8.170940837999979, 42.14044345000002], [-8.172452826999972, 42.140442905999976], [-8.173360600000024, 42.14134282399999], [-8.176082373999975, 42.14156683700003], [-8.176385401000005, 42.142466970999976], [-8.17759503000002, 42.142466479999996], [-8.17971507499999, 42.146741797000004], [-8.184251308, 42.14651470000001], [-8.188788914999975, 42.147862868999994], [-8.189999263999994, 42.148537439999984], [-8.190908864999983, 42.15101266800002]]]}}, {"type": "Feature", "properties": {"name": "Ribeiro de S\u00e3o Louren\u00e7o", "subBasin": "Minho", "basin": "PT01_MINHO", "code": "PT01MIN0002"}, "geometry": {"type": "Polygon", "coordinates": [[[-8.265854123999986, 42.121466344], [-8.267061442999989, 42.12056468999998], [-8.269782677000023, 42.12078653999998], [-8.270386305999978, 42.120335694000005], [-8.269778764000023, 42.118986044999986], [-8.271289263000028, 42.118534108999995], [-8.270984994999992, 42.11763422500002], [-8.272796742000025, 42.116731781], [-8.272492461000013, 42.11583190099998], [-8.274604392000015, 42.114028811000026], [-8.273998333000009, 42.113354371000014], [-8.27460034400002, 42.11222831499998], [-8.269457929999987, 42.11043404600002], [-8.269456466000008, 42.10975886], [-8.267035564000025, 42.10841133700001], [-8.266727102999994, 42.105485878000025], [-8.259159090000026, 42.09941777900002], [-8.255229997000015, 42.099196973999994], [-8.250990289000015, 42.09447511600001], [-8.248572846000002, 42.09447758499999], [-8.24705949700001, 42.093128732000025], [-8.244037359999993, 42.09290664600002], [-8.24282709800002, 42.092007567999985], [-8.241614149999975, 42.08953305], [-8.239193856999975, 42.08773483300001], [-8.23979280499998, 42.08458341099998], [-8.24190422800001, 42.082555860000014], [-8.241895265999972, 42.07737944799999], [-8.240080374999991, 42.07603079699999], [-8.239472761000002, 42.07400581000002], [-8.238263302000007, 42.07333175000002], [-8.237958218000017, 42.07153153600001], [-8.236748820999992, 42.07085746000001], [-8.23523409400002, 42.06815808800002], [-8.23366566499999, 42.06775381199998], [-8.23336253399998, 42.067079448000015], [-8.227925636000009, 42.06708412199998], [-8.220074214000022, 42.06844080500002], [-8.217352673999983, 42.066191652999976], [-8.214633970000023, 42.06596858], [-8.210709624999993, 42.06777185300001], [-8.203217191000022, 42.06890318799998], [-8.202921111000023, 42.074259434], [-8.204130716999998, 42.07538397799999], [-8.204133271999979, 42.07763458900001], [-8.205039826000018, 42.077859069], [-8.205343744000004, 42.07943430099999], [-8.206855338000025, 42.08033355600003], [-8.207159312999977, 42.08190878099998], [-8.205651330000023, 42.08416038199999], [-8.203235810000024, 42.085512295], [-8.202632789000006, 42.086637978], [-8.202641538000023, 42.09451509899998], [-8.201434054000003, 42.09564115400002], [-8.202039908000017, 42.09699114199998], [-8.200228700000025, 42.098792742], [-8.200230390999991, 42.10036816500002], [-8.201137499000026, 42.10081773000002], [-8.201138722999985, 42.10194303100002], [-8.202348325000003, 42.102617459999976], [-8.203861952000011, 42.104867101000025], [-8.203260023999974, 42.10711810800001], [-8.204167250000012, 42.10756765299999], [-8.203866285000004, 42.10869316100002], [-8.205380377999973, 42.11116787200001], [-8.208704938999972, 42.11094058499998], [-8.210520151000026, 42.11228970799999], [-8.211728069999992, 42.111388605], [-8.215355784999986, 42.111836154], [-8.21565893799999, 42.112511122], [-8.217473442000028, 42.113184975000024], [-8.220495187999973, 42.112507498000014], [-8.227757038999982, 42.11745305300002], [-8.230421518000014, 42.11812598900002], [-8.234407406999992, 42.11744733400002], [-8.236221887, 42.11789584000002], [-8.237131003999991, 42.11924539300003], [-8.242572379000023, 42.119240323999975], [-8.244083075999981, 42.11878874600001], [-8.248006753000027, 42.11540894000001], [-8.253145087999997, 42.115178609], [-8.255260168999996, 42.114726249], [-8.256769341999984, 42.11359931700002], [-8.260398427999974, 42.114495594999994], [-8.264030425999977, 42.11674212999998], [-8.264032300999986, 42.11764237800003], [-8.265546126000004, 42.11876595199999], [-8.265854123999986, 42.121466344]]]}}, {"type": "Feature", "properties": {"name": "Ribeiro do Ameal", "subBasin": "Minho", "basin": "PT01_MINHO", "code": "PT01MIN0003"}, "geometry": {"type": "Polygon", "coordinates": [[[-8.421186101999979, 42.042902199000025], [-8.420295419000013, 42.04623670000001], [-8.42061372500001, 42.049836933999984], [-8.421218683000006, 42.050060472999974], [-8.42152885500002, 42.051860206000015], [-8.424553795000008, 42.05297784200002], [-8.429097191999972, 42.05589198299998], [-8.431816206000008, 42.056109959000025], [-8.432725387999994, 42.056782763], [-8.434535234999998, 42.056327855999996], [-8.436656761999984, 42.05789766999999], [-8.433662378000008, 42.063307157999986], [-8.433665585000028, 42.063982340999985], [-8.436089386999981, 42.06555136600002], [-8.435185416000024, 42.06600389699997], [-8.435188638999989, 42.06667908200001], [-8.436400054999979, 42.06735105500002], [-8.437011718000008, 42.06892487499999], [-8.438222111000016, 42.06937176700001], [-8.436417315000028, 42.07095204000001], [-8.436130339999977, 42.07410370399998], [-8.438554586999999, 42.07567267500002], [-8.44127337399999, 42.075665351], [-8.441284336000024, 42.07791596300001], [-8.447642936000022, 42.08082441200003], [-8.453379637000012, 42.08013323099999], [-8.456102052999995, 42.080800728999975], [-8.457913562999977, 42.08057050899998], [-8.459125480000012, 42.08124223599998], [-8.460322297000005, 42.078988159999994], [-8.459414830000014, 42.07876570100001], [-8.458196021999981, 42.07674361199997], [-8.459705319000022, 42.07651422700002], [-8.460606933000008, 42.07561137900001], [-8.460295542999972, 42.07381176000001], [-8.461496848000024, 42.07245791399998], [-8.461488678000023, 42.070882486000016], [-8.458154421000017, 42.06864141400001], [-8.456339802000002, 42.068196453999974], [-8.456332909000025, 42.066846086], [-8.454512642999987, 42.06527578999999], [-8.454194626000003, 42.062125786000024], [-8.45328059000002, 42.060552911], [-8.452070262000007, 42.06010618099998], [-8.452066861999981, 42.05943099699999], [-8.456884059999993, 42.05649154700001], [-8.458995716000004, 42.056035388], [-8.460192068000026, 42.05378130499997], [-8.46109685099998, 42.053553636000004], [-8.461391834999972, 42.052202394999995], [-8.462597395999978, 42.05174877899998], [-8.462891168999988, 42.050172471999986], [-8.462286068000026, 42.04994915999998], [-8.461662298000022, 42.046124855000016], [-8.461959573000001, 42.04522373399999], [-8.463163826000027, 42.04454504900002], [-8.462789084999997, 42.041664056], [-8.46158021399998, 42.04144247900001], [-8.460364388000016, 42.03987051600001], [-8.458551732999979, 42.039651203000005], [-8.457642528000008, 42.038978595], [-8.457637921000014, 42.038078342999995], [-8.455823031000023, 42.037407737000024], [-8.454911611, 42.036285545], [-8.45128880599998, 42.03629572], [-8.448260848000018, 42.034503047999976], [-8.444633721999992, 42.03361331999997], [-8.443720341000017, 42.032040349], [-8.445820181999977, 42.029333803999975], [-8.445807972000011, 42.026857544999984], [-8.444595020000008, 42.02573553399998], [-8.442478773000005, 42.025066665], [-8.439752345999977, 42.02304787600002], [-8.429480365000018, 42.02104947700002], [-8.429180637000002, 42.02150039000003], [-8.427066772999979, 42.021280803000025], [-8.423461313000018, 42.024891685], [-8.423776583000006, 42.027816744000006], [-8.423189346000015, 42.03141874200003], [-8.425308718999986, 42.032763719], [-8.425015133999977, 42.03456500499999], [-8.428348540000002, 42.03725720099999], [-8.427442825000014, 42.03725954599997], [-8.425336752000021, 42.03884043300002], [-8.424740180000015, 42.040417424], [-8.423535597000011, 42.04109626600001], [-8.424445511999977, 42.04199420399999], [-8.42324295200001, 42.043122039000025], [-8.421186101999979, 42.042902199000025]]]}}, {"type": "Feature", "properties": {"name": "Rio Mouro", "subBasin": "Minho", "basin": "PT01_MINHO", "code": "PT01MIN0004"}, "geometry": {"type": "Polygon", "coordinates": [[[-8.332117709999977, 42.06217874800001], [-8.334897150000018, 42.063299202999985], [-8.338823575999982, 42.063292210999975], [-8.340028755999981, 42.06238978099998], [-8.345767293999984, 42.06237926], [-8.345768809999981, 42.062829385999976], [-8.347582523000028, 42.06327613000002], [-8.347580993000008, 42.06282600399999], [-8.357544792999988, 42.061906634000024], [-8.358455690000028, 42.06325523100003], [-8.361179671000002, 42.06482528499998], [-8.366010645000017, 42.06436542300003], [-8.368734859000028, 42.06593529700001], [-8.370547127000009, 42.065931551000006], [-8.372664853000003, 42.06682739299998], [-8.380846641999995, 42.07356189000001], [-8.38144726500002, 42.07266032899997], [-8.387485168000012, 42.07174679899998], [-8.393529383999976, 42.07240838199999], [-8.392336780999983, 42.07623718899998], [-8.393247691999989, 42.07736043900002], [-8.392647194000006, 42.078262060999975], [-8.394158635999986, 42.07848367999998], [-8.397478947000025, 42.07780084900003], [-8.399283962000027, 42.075996143], [-8.399279223000008, 42.07487083199999], [-8.401992253000003, 42.07351409199998], [-8.401680610000028, 42.07126418199999], [-8.402582978999988, 42.07036179800002], [-8.402573384999982, 42.068111176], [-8.40136230500002, 42.06743883399997], [-8.401349890000006, 42.06451302400001], [-8.402548446000026, 42.06225955899998], [-8.408269313999995, 42.05819476099998], [-8.407959483000013, 42.05639499099999], [-8.409461706000002, 42.05461338600003], [-8.407893211999976, 42.05441340499999], [-8.406375502999992, 42.05261710000002], [-8.40456363200002, 42.05262143499999], [-8.402745044000028, 42.05105030300001], [-8.389467351000008, 42.05333095999998], [-8.38795380099998, 42.052434646999984], [-8.38402537799999, 42.051767583000014], [-8.381602483999984, 42.04997291500001], [-8.377979730999982, 42.05020523899998], [-8.376161852999985, 42.048633662999976], [-8.372244861000013, 42.050893143999986], [-8.371033580000017, 42.04999541199999], [-8.368617829000016, 42.05000041699998], [-8.367406612000025, 42.049102084000026], [-8.366198753999981, 42.049104554999985], [-8.363473691000024, 42.047085056000014], [-8.359244701000023, 42.046643374999974], [-8.357123048000005, 42.044396339], [-8.355007866999983, 42.04395089799999], [-8.353499736999993, 42.044403389000024], [-8.354108344999986, 42.04575260600001], [-8.352306801999987, 42.048681929], [-8.350797762000013, 42.04890988], [-8.349285633000022, 42.048238121], [-8.34838281499998, 42.04913952499999], [-8.34626982200001, 42.049369117000026], [-8.34415379799998, 42.04869728900002], [-8.343860097999993, 42.051174113], [-8.342048992999992, 42.05140250599999], [-8.337531743999989, 42.055236795999974], [-8.335718331999999, 42.05478933500001], [-8.333608675999983, 42.056143451000025], [-8.333621553, 42.060195161000024], [-8.332716918000017, 42.060646315999975], [-8.332117709999977, 42.06217874800001]]]}}, {"type": "Feature", "properties": {"name": "Rio da Gadanha", "subBasin": "Minho", "basin": "PT01_MINHO", "code": "PT01MIN0005"}, "geometry": {"type": "Polygon", "coordinates": [[[-8.49196136400002, 42.06448865499999], [-8.494071743999996, 42.063806785], [-8.494981687000006, 42.06447909000002], [-8.501626396999995, 42.06445776800001], [-8.504032113999983, 42.06264943299999], [-8.507951762000005, 42.061511266000025], [-8.512486068999976, 42.062171440999975], [-8.513700910000011, 42.06329271200002], [-8.51762451899998, 42.06282940099999], [-8.520031093, 42.06124579200002], [-8.525163975999988, 42.06100317200003], [-8.527584296999976, 42.06167001099999], [-8.526969074000021, 42.05987161600001], [-8.528767085000027, 42.057614727999976], [-8.528757254000027, 42.05603930199999], [-8.52935842300002, 42.05558708000001], [-8.527240301999996, 42.05491923400001], [-8.52602538399998, 42.05379810300002], [-8.522397469999987, 42.05313536699998], [-8.520873817999984, 42.05088990899998], [-8.520559473999981, 42.04886538599999], [-8.515120169999989, 42.04820857200002], [-8.514513554000018, 42.04776047500002], [-8.51450678499998, 42.04663516800002], [-8.513600944000018, 42.04663820000002], [-8.513888027000007, 42.044161519], [-8.515091702999996, 42.043482289999986], [-8.515985269999987, 42.04145369899999], [-8.519296826000016, 42.03986705599999], [-8.519277644999988, 42.036716205000005], [-8.51837057900002, 42.03649421199998], [-8.518363744999988, 42.03536890800001], [-8.520772017000013, 42.03423540699998], [-8.522281458000009, 42.03423025799998], [-8.523182970999983, 42.033551977], [-8.523177436000026, 42.032651735], [-8.524383569999998, 42.03242253100001], [-8.52498177000001, 42.03152021300002], [-8.52466461900002, 42.02904558099999], [-8.524959534000004, 42.02791923900003], [-8.525862323000013, 42.027465999000015], [-8.524948418000008, 42.026118752], [-8.524941469999987, 42.024993446999986], [-8.525844219000021, 42.02454020800002], [-8.525229410999998, 42.022741800000006], [-8.525830293000013, 42.022289598999976], [-8.525814979000018, 42.01981392900001], [-8.526720437999984, 42.01981080600001], [-8.526717646999998, 42.019360683], [-8.526105653000002, 42.018012399999975], [-8.523984660999986, 42.01666929999999], [-8.523977734000027, 42.015543993999984], [-8.521856870000022, 42.01420085199999], [-8.522758106000026, 42.013522576000014], [-8.526077794999992, 42.01351117899998], [-8.526065259999996, 42.011485628], [-8.527270982999994, 42.01125639899999], [-8.528160920999994, 42.008777592], [-8.53116307800002, 42.00629142299999], [-8.530848639999988, 42.00426692299999], [-8.532045729999993, 42.00268727600002], [-8.532034424000017, 42.00088678399999], [-8.534748571000023, 42.000652199], [-8.535346328999992, 41.999749828000006], [-8.541681090999987, 41.99950226599998], [-8.541669515000024, 41.997701774999996], [-8.54227004500001, 41.99724949099999], [-8.542185381000024, 41.99301807500001], [-8.545859898000003, 41.99251017], [-8.547047604, 41.989580003000015], [-8.549459537000018, 41.989346168], [-8.54946395899998, 41.990021351999985], [-8.550368992000017, 41.990018048000024], [-8.551569776999997, 41.98911338800002], [-8.55155348300002, 41.98663771299999], [-8.552448078999987, 41.98505896400002], [-8.55394890399998, 41.98392811100001], [-8.557261041000004, 41.98301559499998], [-8.557558475999997, 41.98238378100001], [-8.555080534000012, 41.98126762300001], [-8.548738797999988, 41.980164979999984], [-8.548131134000016, 41.979492547999996], [-8.545116300000018, 41.979728533000014], [-8.540568783000026, 41.97614319899998], [-8.536639244000014, 41.97480674500002], [-8.536027475000026, 41.973458498000014], [-8.533907767000017, 41.97211610900001], [-8.532398379000028, 41.971895765], [-8.531799423999985, 41.97257362800002], [-8.529388046999998, 41.97280652699999], [-8.524851603999991, 41.97079713300002], [-8.523343657999987, 41.97080229699998], [-8.52213042400001, 41.96968109400001], [-8.519716387000017, 41.96946422799999], [-8.517003495999973, 41.969698451], [-8.51640710800001, 41.9708258], [-8.510678244000019, 41.97106996299999], [-8.509769472000016, 41.97039719700001], [-8.509762809999984, 41.96927187699998], [-8.508855402999984, 41.968824730999984], [-8.505839599000012, 41.968834619999996], [-8.503432205000024, 41.96974329300002], [-8.49949214999998, 41.96637942199999], [-8.498287171000015, 41.96660891900001], [-8.497997215999987, 41.96863490300001], [-8.493470966000018, 41.96819972399999], [-8.492268464000006, 41.968878163], [-8.491658958000016, 41.967754738], [-8.490147293000007, 41.967084837000016], [-8.490429896000023, 41.96370791999999], [-8.488909524999997, 41.961461423], [-8.488293871999986, 41.959213213], [-8.48376338899999, 41.95787682500003], [-8.481658845000027, 41.959008059999974], [-8.476532747000022, 41.959023618], [-8.475027495000006, 41.95947884499998], [-8.474431663000018, 41.96083104600001], [-8.47081433400001, 41.961066889999984], [-8.46599667999999, 41.962431477999985], [-8.465399452999975, 41.96355800499998], [-8.464495956999997, 41.96378626799998], [-8.464507683000022, 41.966036359999976], [-8.462705272999983, 41.967392002], [-8.458183947999999, 41.96785513200001], [-8.455778182000017, 41.96921238300001], [-8.452160301999982, 41.96944764199998], [-8.450965216999975, 41.971701670000016], [-8.449459476000015, 41.972155999999984], [-8.448860755999988, 41.973057935999975], [-8.444030712000028, 41.972170948999974], [-8.441318513999988, 41.972629023000025], [-8.440418062999981, 41.97353116800002], [-8.431368856999995, 41.97333016499999], [-8.430174018999992, 41.97580960800002], [-8.427768403000016, 41.97739134], [-8.423249189999979, 41.97852829499999], [-8.417218624999975, 41.978993084000024], [-8.416019118000008, 41.98057155499998], [-8.416024134999986, 41.981697446], [-8.413913616999992, 41.981927180000014], [-8.413313309999978, 41.982604428], [-8.409392861000015, 41.98283908600001], [-8.409407551000015, 41.98621451399998], [-8.410618151999984, 41.987112405000005], [-8.41212649900001, 41.98710871600002], [-8.411829769000008, 41.988234223000006], [-8.412437080000018, 41.98913300700002], [-8.414555817999997, 41.99070326100002], [-8.41546889, 41.99250154600003], [-8.416980387000024, 41.993173550999984], [-8.417899619000025, 41.99632220699999], [-8.419713961000014, 41.99721792399998], [-8.419419350999988, 41.99879413999997], [-8.421841337999979, 42.00058856300001], [-8.421848506999993, 42.002163456999995], [-8.422761950999984, 42.00396167600002], [-8.423365449000016, 42.003960138000025], [-8.423673386000019, 42.005309755999974], [-8.42457865099999, 42.005307441000014], [-8.427305938000018, 42.00777672700002], [-8.427309068999989, 42.008451358], [-8.426403756000013, 42.008453694000025], [-8.422795885000028, 42.011388807], [-8.422502324999982, 42.01319065199999], [-8.421298222000019, 42.013868349000006], [-8.423430376999988, 42.01813919799997], [-8.42736129399998, 42.019704574], [-8.42736652100001, 42.020830456], [-8.439752345999977, 42.02304787600002], [-8.445200938000028, 42.02618457199998], [-8.445807972000011, 42.026857544999984], [-8.445820181999977, 42.029333803999975], [-8.443720341000017, 42.032040349], [-8.444633721999992, 42.03361331999997], [-8.448260848000018, 42.034503047999976], [-8.45128880599998, 42.03629572], [-8.454911611, 42.036285545], [-8.455823031000023, 42.037407737000024], [-8.457637921000014, 42.038078342999995], [-8.457642528000008, 42.038978595], [-8.458551732999979, 42.039651203000005], [-8.460364388000016, 42.03987051600001], [-8.46158021399998, 42.04144247900001], [-8.462789084999997, 42.041664056], [-8.462801956000021, 42.044139745999985], [-8.46376770400002, 42.04454329599997], [-8.465593508999973, 42.04723875799999], [-8.471649375000027, 42.05037181300003], [-8.473765558000025, 42.050815623999995], [-8.473786127999972, 42.054641670000024], [-8.475304568000013, 42.05621256799998], [-8.474099016000025, 42.05666631899999], [-8.473203899999987, 42.05869458400002], [-8.473508324000022, 42.059143802999984], [-8.476530842999978, 42.059584846999996], [-8.476536941999996, 42.06071015399999], [-8.478045792999978, 42.06048052400001], [-8.479258766999976, 42.061377099000026], [-8.481372894000003, 42.06137064699999], [-8.481375367999988, 42.06182076900001], [-8.483787794000023, 42.061138164], [-8.483792775999973, 42.062038409000024], [-8.485307885999987, 42.06293398899999], [-8.488631426999973, 42.06314871799998], [-8.49196136400002, 42.06448865499999]]]}}, {"type": "Feature", "properties": {"name": "Rio Minho (HMWB - Jusante B. Frieira)", "subBasin": "Minho", "basin": "PT01_MINHO", "code": "PT01MIN0006I"}, "geometry": {"type": "Polygon", "coordinates": [[[-8.198775631999979, 42.15393409699999], [-8.198781562000022, 42.159560677], [-8.200294505999977, 42.160009893999984], [-8.204533036999976, 42.16315811999999], [-8.204536906999977, 42.16653406099999], [-8.203932109999982, 42.16675951299999], [-8.204236940999976, 42.168784886000026], [-8.206956848000004, 42.16630741], [-8.207254279999972, 42.16203101799999], [-8.208766250999986, 42.161579871000015], [-8.208462113999985, 42.16022970099999], [-8.210880383000017, 42.158877657000005], [-8.210576491999973, 42.157752555], [-8.212994326, 42.156175415999996], [-8.212690123000016, 42.154825254], [-8.215409955999974, 42.153022796000016], [-8.217526868999983, 42.15279616700002], [-8.218129943000008, 42.151445335000005], [-8.219642517000011, 42.15166924699997], [-8.220548614999984, 42.15076829499998], [-8.220547038000007, 42.14964298000001], [-8.222663177000015, 42.148966127999984], [-8.223264159999985, 42.14626488699997], [-8.224774651000018, 42.145138351000014], [-8.225075419999996, 42.14401278700001], [-8.226285088999987, 42.144011793999994], [-8.225074098999983, 42.143112530999986], [-8.22507277699998, 42.14221227600001], [-8.23172540600001, 42.14198159900002], [-8.232329149999998, 42.14130588400002], [-8.234747647999995, 42.14085362899999], [-8.235655957000006, 42.14152800699998], [-8.237772789000019, 42.141526086], [-8.24109536200001, 42.13927235699998], [-8.241400477000013, 42.14084751199999], [-8.242611260999979, 42.141521547000025], [-8.242312383000012, 42.143547403000014], [-8.244735701000025, 42.14579568900001], [-8.244740105000005, 42.14827138200002], [-8.242626583999993, 42.150299002], [-8.243536299000027, 42.15164850399998], [-8.242327665000005, 42.152324857999986], [-8.242027162999989, 42.15345046200002], [-8.240818090999994, 42.153901738], [-8.240519482000025, 42.156152652], [-8.243545014999995, 42.15659988499999], [-8.24415116199998, 42.157274486000006], [-8.249292061000006, 42.156594170999995], [-8.252319812999986, 42.15816648499998], [-8.252322377999974, 42.15951685900001], [-8.254138622000028, 42.16019013599998], [-8.255345969000018, 42.15883847499998], [-8.255343341000014, 42.15748810100001], [-8.256249458000013, 42.15681194000001], [-8.258969953000019, 42.15590872500002], [-8.262901640999985, 42.155679264000014], [-8.263806718000012, 42.154552920000015], [-8.265621044, 42.154325769000025], [-8.26773396599998, 42.152297737000026], [-8.267427665000014, 42.15049759599998], [-8.269844308000017, 42.14914435700001], [-8.270444768000004, 42.14711807200001], [-8.271351073000005, 42.146666856000024], [-8.271347612, 42.14509142100002], [-8.270742276000021, 42.144867089], [-8.271039760000008, 42.14261610800003], [-8.274965000999998, 42.139910563], [-8.277081268000018, 42.139682859000004], [-8.279799161000028, 42.13810397399999], [-8.27949101500002, 42.135628681000014], [-8.281303157000025, 42.13472610100001], [-8.281602873999987, 42.13360039999998], [-8.280994438999983, 42.13202574899998], [-8.282806993000008, 42.131348206999974], [-8.283710831999997, 42.129996646999984], [-8.283707063999998, 42.128421213000024], [-8.28279896700002, 42.127972277000026], [-8.283093801999996, 42.12482101299997], [-8.28430202300001, 42.12436930199999], [-8.284299319000013, 42.123243994000006], [-8.288525101999994, 42.120537592000005], [-8.288523435999991, 42.11986240700003], [-8.290333874999988, 42.118509562999975], [-8.290027654000028, 42.11693454499999], [-8.291537393999988, 42.11625728000001], [-8.291533997999977, 42.11490690800002], [-8.29213798699999, 42.11468100899998], [-8.291528337999978, 42.11265628899997], [-8.293036248000021, 42.11130381800001], [-8.295152656000027, 42.11152590699999], [-8.29636462000002, 42.112649499999975], [-8.298176457000011, 42.11197171600003], [-8.299691349, 42.11331990000002], [-8.300301263999984, 42.115344574999995], [-8.301815076000025, 42.116242607000004], [-8.301819293999984, 42.117818039999975], [-8.309084985000027, 42.12163317300002], [-8.312117035000028, 42.12477934899999], [-8.313933570000017, 42.125676743999975], [-8.313935506000007, 42.12635192900001], [-8.315449774000001, 42.127249776999975], [-8.315454980000027, 42.129050269000004], [-8.317274967999992, 42.13107291699998], [-8.317581931999996, 42.132647857999984], [-8.319100381999988, 42.134896024], [-8.327265157, 42.13510753700001], [-8.33635813799998, 42.14184361600002], [-8.340594050999982, 42.142511204000016], [-8.34210908099999, 42.143408695999995], [-8.346657471000015, 42.14700128800001], [-8.346662035999998, 42.148351648000016], [-8.350299796999991, 42.15082048099998], [-8.352719390999994, 42.15081586399998], [-8.352394280999988, 42.144289707999974], [-8.353903222999975, 42.14338656199999], [-8.354197753999983, 42.14113537700001], [-8.355705802999978, 42.140007146000016], [-8.355700248000005, 42.138431724999975], [-8.35660582600002, 42.13797983699999], [-8.358105738999996, 42.134600972999976], [-8.358100127, 42.13302555000001], [-8.359004804999984, 42.13234858300001], [-8.35900239, 42.13167340199999], [-8.355060659999992, 42.12853024200001], [-8.353244245999974, 42.12785856199997], [-8.35324110900001, 42.12695831899998], [-8.352635654999972, 42.12673441999999], [-8.353530869999986, 42.12335676599997], [-8.356542106000006, 42.11997499300003], [-8.356522987000005, 42.114573527999994], [-8.358935566000014, 42.112993356000004], [-8.359232997999982, 42.11164239200002], [-8.362549709999996, 42.109385164], [-8.363148475000003, 42.10780852200003], [-8.364956984000003, 42.106454496000026], [-8.36495202499998, 42.105104127000004], [-8.367061804999992, 42.10352439299999], [-8.366751250999982, 42.10127439500002], [-8.367352337, 42.10037291399999], [-8.370070525000017, 42.09991719300001], [-8.371574757000019, 42.09811356300003], [-8.376713857000027, 42.098552858999994], [-8.376705173999994, 42.096302243000025], [-8.377609999000015, 42.09585018500002], [-8.378508685999975, 42.09382268799999], [-8.383630521999976, 42.08998549900002], [-8.384227681000027, 42.08818367800001], [-8.385734832000026, 42.08728010300001], [-8.385731231000022, 42.08637985500002], [-8.387847129000022, 42.086600224999984], [-8.389048404999983, 42.084797030999994], [-8.392972439999994, 42.083887921999974], [-8.392966885000021, 42.08253755099997], [-8.393569274000015, 42.082086050999976], [-8.397193777999973, 42.08185266200002], [-8.398698699000022, 42.080498788], [-8.402638642999989, 42.08341538899998], [-8.403545023999982, 42.08341324600002], [-8.403252518999977, 42.08566457699999], [-8.403857759000005, 42.08588820900002], [-8.404470732999982, 42.087912330999984], [-8.404478466, 42.08971282499999], [-8.405994109000005, 42.09083453400001], [-8.406619869999986, 42.095784443000014], [-8.41236238099998, 42.09599560999999], [-8.412369345999991, 42.09757103999999], [-8.413277918999995, 42.098018937999996], [-8.412991679000015, 42.10162065999998], [-8.411485579999976, 42.102749663], [-8.410590790000015, 42.105452602000014], [-8.413927331000025, 42.10814520399998], [-8.413629087000004, 42.10904619399997], [-8.41272234600001, 42.109048422], [-8.411819579999985, 42.109950887000025], [-8.412134759000025, 42.112875944999985], [-8.411547099000018, 42.11670346], [-8.410643212000025, 42.11738084900003], [-8.410650137999994, 42.118956275000016], [-8.409144561000005, 42.12031030100002], [-8.41006035700002, 42.12233365499998], [-8.410082064999983, 42.12728498199999], [-8.414026400000012, 42.13042620499999], [-8.415537133999976, 42.130197407000026], [-8.417946786000016, 42.128165851000006], [-8.418244050999988, 42.12703979899999], [-8.420657586999994, 42.12590842200001], [-8.424874558999988, 42.122521758999994], [-8.427894508000008, 42.121838798], [-8.437230259999978, 42.114387170999976], [-8.437225931, 42.11348693000002], [-8.438130557000022, 42.113034384], [-8.438122957000019, 42.11145896199997], [-8.439627694000023, 42.11010454199999], [-8.439919025999984, 42.10785312500002], [-8.441123601000015, 42.10694961899998], [-8.441107155999987, 42.10357371399999], [-8.443221587999972, 42.103342912000016], [-8.444120492000025, 42.101765016], [-8.445630434000009, 42.10153581899999], [-8.445927077000022, 42.10040968800001], [-8.445923736999987, 42.099734506999994], [-8.443197305000012, 42.09839158199998], [-8.442566483999997, 42.09299176899998], [-8.446191401000021, 42.09275679799998], [-8.44861548, 42.094100491999995], [-8.44982305000002, 42.093872077000015], [-8.45282999699998, 42.090937844999985], [-8.456150299, 42.09025327699999], [-8.458248045999994, 42.08687134500002], [-8.461263608000024, 42.08573737099999], [-8.461253106000015, 42.08371182500002], [-8.46275903999998, 42.08280721900002], [-8.462752006000017, 42.081456855], [-8.46365952299999, 42.081679286999986], [-8.46397222600001, 42.083703953999986], [-8.46669846200001, 42.085046380999984], [-8.467008903000021, 42.086620918999984], [-8.469430789, 42.087514046000024], [-8.46974011200001, 42.08886351699999], [-8.473370734000014, 42.08975297699999], [-8.478834059000008, 42.094237788999976], [-8.480344929000012, 42.09423318900002], [-8.482477532000019, 42.097377557000016], [-8.482487467999988, 42.09917803500002], [-8.48339654900002, 42.09962536799998], [-8.48340277699998, 42.100750667], [-8.48492130400001, 42.10209636600001], [-8.488243098999988, 42.10163592499998], [-8.489455734999979, 42.102307327000005], [-8.489453201000003, 42.10185720800001], [-8.495184887999983, 42.10003861400003], [-8.495786711999983, 42.099586570999975], [-8.495173306000027, 42.09801307800001], [-8.496063111000012, 42.095084414999974], [-8.501194896000015, 42.09416768300002], [-8.502700507999975, 42.093262548999974], [-8.503295637000008, 42.091685168000026], [-8.502379969999993, 42.09011269299998], [-8.505997864999983, 42.088750516000005], [-8.505985943999974, 42.08672497700002], [-8.509309456999972, 42.08671404400002], [-8.511417698999992, 42.08558173799997], [-8.515021574000002, 42.081968679], [-8.516834263000021, 42.08196258700002], [-8.518336626000007, 42.080607128999986], [-8.518927137999981, 42.078354483], [-8.521346676000007, 42.078796392000015], [-8.52106249100001, 42.08172320099999], [-8.52197159299999, 42.08217023100002], [-8.521977118999985, 42.083070470999985], [-8.525300436999999, 42.08305907900001], [-8.526513108000017, 42.083730091999996], [-8.526827818000015, 42.085754587], [-8.526236117999986, 42.08778220900001], [-8.527753836999977, 42.08890228400003], [-8.528951178, 42.087097615999994], [-8.532578262000015, 42.087310023999976], [-8.53348041800001, 42.08663166600002], [-8.535896082000022, 42.086398092000024], [-8.534661864999975, 42.08235128299998], [-8.535261812999977, 42.081673975], [-8.53525038700002, 42.079873496999994], [-8.535853165999981, 42.07964630399999], [-8.535220397999979, 42.07514723899999], [-8.53732779500001, 42.074014464000015], [-8.537323489000016, 42.073339283999985], [-8.536717909000004, 42.073116363], [-8.536712177000027, 42.072216122999976], [-8.535805971999991, 42.07221932700003], [-8.535790244999987, 42.06974366600002], [-8.534274265000022, 42.06884874799999], [-8.534269993999999, 42.068173566999974], [-8.535471046999987, 42.06704401000002], [-8.538490043000024, 42.06680825299998], [-8.539101334999998, 42.06793140399998], [-8.542121811000015, 42.06792061099998], [-8.543639335000023, 42.069040485000016], [-8.546917843000017, 42.062276681000014], [-8.548426469999981, 42.062046133000024], [-8.549929168999995, 42.060915325999986], [-8.550220818000014, 42.059338803], [-8.551126837000027, 42.059335487], [-8.553527968000026, 42.057076016999986], [-8.555336946000011, 42.056619212999976], [-8.555005004999998, 42.05211913199997], [-8.554094605999978, 42.05144729400001], [-8.552581782000004, 42.051002728000014], [-8.548059641000009, 42.052144587999976], [-8.547753253999986, 42.051470505], [-8.544123790000015, 42.050583374999974], [-8.540503098999977, 42.051046493], [-8.540182351999988, 42.04812178100002], [-8.540771794000023, 42.04586901699997], [-8.541981014999976, 42.046089756000015], [-8.541970860999982, 42.04451433600002], [-8.537710736000008, 42.03935302899998], [-8.537686339000004, 42.035527007999974], [-8.53556166200002, 42.03373399999998], [-8.535852121000005, 42.031932453000024], [-8.533734719999984, 42.031264710000016], [-8.533724775999985, 42.029689287999986], [-8.532211199000017, 42.02901939499998], [-8.532507396000028, 42.028118097000004], [-8.534614712999996, 42.02721043899999], [-8.534610441999973, 42.026535258000024], [-8.533703467999999, 42.026313379999976], [-8.53338033, 42.02293853200001], [-8.532773827000028, 42.022490527], [-8.533976892999988, 42.02181111099998], [-8.534572012000012, 42.02045862599999], [-8.53789062200002, 42.020221838], [-8.538790334999987, 42.019318381000005], [-8.537271222000015, 42.01774831199998], [-8.536344354999983, 42.014375605], [-8.53724687099998, 42.01392228200001], [-8.537524298999983, 42.01009518000001], [-8.538728516999981, 42.00964077499998], [-8.537803128999997, 42.00649313700001], [-8.538403769000013, 42.00604087400001], [-8.538389412000015, 42.003790261999995], [-8.540194104000022, 42.002883575], [-8.540475641, 41.99973163999999], [-8.53956758999999, 41.999284742999976], [-8.535346328999992, 41.999749828000006], [-8.534748571000023, 42.000652199], [-8.532034424000017, 42.00088678399999], [-8.532045729999993, 42.00268727600002], [-8.530848639999988, 42.00426692299999], [-8.53116307800002, 42.00629142299999], [-8.528160920999994, 42.008777592], [-8.527270982999994, 42.01125639899999], [-8.526065259999996, 42.011485628], [-8.526077794999992, 42.01351117899998], [-8.522758106000026, 42.013522576000014], [-8.521856870000022, 42.01420085199999], [-8.523977734000027, 42.015543993999984], [-8.523984660999986, 42.01666929999999], [-8.526105653000002, 42.018012399999975], [-8.526717646999998, 42.019360683], [-8.526720437999984, 42.01981080600001], [-8.525814979000018, 42.01981392900001], [-8.525830293000013, 42.022289598999976], [-8.525229410999998, 42.022741800000006], [-8.525844219000021, 42.02454020800002], [-8.524941469999987, 42.024993446999986], [-8.524948418000008, 42.026118752], [-8.525862323000013, 42.027465999000015], [-8.524959534000004, 42.02791923900003], [-8.52466461900002, 42.02904558099999], [-8.52498177000001, 42.03152021300002], [-8.524383569999998, 42.03242253100001], [-8.523177436000026, 42.032651735], [-8.523182970999983, 42.033551977], [-8.522281458000009, 42.03423025799998], [-8.520772017000013, 42.03423540699998], [-8.518363744999988, 42.03536890800001], [-8.51837057900002, 42.03649421199998], [-8.519277644999988, 42.036716205000005], [-8.519296826000016, 42.03986705599999], [-8.515985269999987, 42.04145369899999], [-8.515091702999996, 42.043482289999986], [-8.513888027000007, 42.044161519], [-8.513600944000018, 42.04663820000002], [-8.51450678499998, 42.04663516800002], [-8.514513554000018, 42.04776047500002], [-8.515120169999989, 42.04820857200002], [-8.520559473999981, 42.04886538599999], [-8.520873817999984, 42.05088990899998], [-8.522397469999987, 42.05313536699998], [-8.52602538399998, 42.05379810300002], [-8.527240301999996, 42.05491923400001], [-8.52935842300002, 42.05558708000001], [-8.528757254000027, 42.05603930199999], [-8.528767085000027, 42.057614727999976], [-8.526969074000021, 42.05987161600001], [-8.527584296999976, 42.06167001099999], [-8.525163975999988, 42.06100317200003], [-8.520031093, 42.06124579200002], [-8.51762451899998, 42.06282940099999], [-8.513700910000011, 42.06329271200002], [-8.512486068999976, 42.062171440999975], [-8.507951762000005, 42.061511266000025], [-8.504032113999983, 42.06264943299999], [-8.501626396999995, 42.06445776800001], [-8.494981687000006, 42.06447909000002], [-8.494071743999996, 42.063806785], [-8.49196136400002, 42.06448865499999], [-8.488631426999973, 42.06314871799998], [-8.485307885999987, 42.06293398899999], [-8.483792775999973, 42.062038409000024], [-8.483787794000023, 42.061138164], [-8.481375367999988, 42.06182076900001], [-8.481372894000003, 42.06137064699999], [-8.479258766999976, 42.061377099000026], [-8.478045792999978, 42.06048052400001], [-8.476536941999996, 42.06071015399999], [-8.476530842999978, 42.059584846999996], [-8.473205108999991, 42.058919645], [-8.474099016000025, 42.05666631899999], [-8.475304568000013, 42.05621256799998], [-8.473786127999972, 42.054641670000024], [-8.473765558000025, 42.050815623999995], [-8.466502916000024, 42.04791129300003], [-8.463162653999973, 42.044319986999994], [-8.461662298000022, 42.046124855000016], [-8.462286068000026, 42.04994915999998], [-8.462891168999988, 42.050172471999986], [-8.462597395999978, 42.05174877899998], [-8.461391834999972, 42.052202394999995], [-8.46109685099998, 42.053553636000004], [-8.460192068000026, 42.05378130499997], [-8.458995716000004, 42.056035388], [-8.456884059999993, 42.05649154700001], [-8.452066861999981, 42.05943099699999], [-8.452070262000007, 42.06010618099998], [-8.45328059000002, 42.060552911], [-8.454194626000003, 42.062125786000024], [-8.454512642999987, 42.06527578999999], [-8.456332909000025, 42.066846086], [-8.456339802000002, 42.068196453999974], [-8.458154421000017, 42.06864141400001], [-8.461488678000023, 42.070882486000016], [-8.461496848000024, 42.07245791399998], [-8.460295542999972, 42.07381176000001], [-8.460606933000008, 42.07561137900001], [-8.459705319000022, 42.07651422700002], [-8.458196021999981, 42.07674361199997], [-8.459414830000014, 42.07876570100001], [-8.460322297000005, 42.078988159999994], [-8.459125480000012, 42.08124223599998], [-8.457913562999977, 42.08057050899998], [-8.456102052999995, 42.080800728999975], [-8.453379637000012, 42.08013323099999], [-8.447642936000022, 42.08082441200003], [-8.441284336000024, 42.07791596300001], [-8.44127337399999, 42.075665351], [-8.438554586999999, 42.07567267500002], [-8.436130339999977, 42.07410370399998], [-8.436417315000028, 42.07095204000001], [-8.438222111000016, 42.06937176700001], [-8.437011718000008, 42.06892487499999], [-8.436400054999979, 42.06735105500002], [-8.435188638999989, 42.06667908200001], [-8.435185416000024, 42.06600389699997], [-8.436089386999981, 42.06555136600002], [-8.433665585000028, 42.063982340999985], [-8.433662378000008, 42.063307157999986], [-8.436656761999984, 42.05789766999999], [-8.434535234999998, 42.056327855999996], [-8.432725387999994, 42.056782763], [-8.431816206000008, 42.056109959000025], [-8.429097191999972, 42.05589198299998], [-8.424553795000008, 42.05297784200002], [-8.42152885500002, 42.051860206000015], [-8.421218683000006, 42.050060472999974], [-8.42061372500001, 42.049836933999984], [-8.420295419000013, 42.04623670000001], [-8.42118590199999, 42.042858481999986], [-8.418478649000008, 42.04511593400002], [-8.419090673000028, 42.046914920000006], [-8.416981043000021, 42.04782045000002], [-8.416081211000005, 42.049173075], [-8.41487435900001, 42.04940112700001], [-8.414578403000007, 42.050752246], [-8.413072531000012, 42.05165621200001], [-8.413077510999983, 42.05278152400001], [-8.408558577999997, 42.055268223999974], [-8.407959483000013, 42.05639499099999], [-8.408269313999995, 42.05819476099998], [-8.402248336000014, 42.062710396], [-8.402252168000018, 42.06361064399999], [-8.401349890000006, 42.06451302400001], [-8.40136230500002, 42.06743883399997], [-8.402573384999982, 42.068111176], [-8.402582978999988, 42.07036179800002], [-8.401680610000028, 42.07126418199999], [-8.401992253000003, 42.07351409199998], [-8.399279223000008, 42.07487083199999], [-8.399283962000027, 42.075996143], [-8.397478947000025, 42.07780084900003], [-8.394158635999986, 42.07848367999998], [-8.392647194000006, 42.078262060999975], [-8.393247691999989, 42.07736043900002], [-8.392336780999983, 42.07623718899998], [-8.393529383999976, 42.07240838199999], [-8.387485168000012, 42.07174679899998], [-8.38144726500002, 42.07266032899997], [-8.380846641999995, 42.07356189000001], [-8.372664853000003, 42.06682739299998], [-8.370547127000009, 42.065931551000006], [-8.368734859000028, 42.06593529700001], [-8.366010645000017, 42.06436542300003], [-8.361179671000002, 42.06482528499998], [-8.358455690000028, 42.06325523100003], [-8.357544792999988, 42.061906634000024], [-8.347580993000008, 42.06282600399999], [-8.347582523000028, 42.06327613000002], [-8.345768809999981, 42.062829385999976], [-8.345767293999984, 42.06237926], [-8.340028755999981, 42.06238978099998], [-8.338823575999982, 42.063292210999975], [-8.334897150000018, 42.063299202999985], [-8.331571247999989, 42.06217969800002], [-8.327950396999995, 42.06331124100001], [-8.320697596999992, 42.06197297199998], [-8.314960394000025, 42.06243236199998], [-8.313145652000003, 42.06153497499997], [-8.308614035999994, 42.061091886999975], [-8.306507312000008, 42.063795868], [-8.304697553999972, 42.064698851], [-8.303184321000003, 42.063575791000005], [-8.298051511999972, 42.064258498000015], [-8.293528405000018, 42.06719075900003], [-8.293833898999992, 42.068540712000015], [-8.292023255999993, 42.069218432000014], [-8.288998197000012, 42.06742208700001], [-8.289293552999993, 42.06472092000001], [-8.288385216999984, 42.06382190300002], [-8.290195740000001, 42.06314423800001], [-8.288685026999985, 42.06292123999998], [-8.286564232999979, 42.06022334300002], [-8.285052516999997, 42.059550172], [-8.280218708000007, 42.05888130699998], [-8.276898640000013, 42.05978578899999], [-8.27690018300001, 42.06046097799998], [-8.274483526999973, 42.060238930000025], [-8.27357596600001, 42.05956486000002], [-8.270556806000002, 42.060018662000004], [-8.269352638999976, 42.06182061300001], [-8.267542896000009, 42.06294807699999], [-8.266334775000018, 42.06294949400001], [-8.266640149000011, 42.06452457900002], [-8.265735458999984, 42.06520082399999], [-8.263320064000027, 42.06565373299998], [-8.259090105999974, 42.064983294], [-8.249727705999987, 42.065443387000016], [-8.245195474000013, 42.06454769700002], [-8.242478313999982, 42.06522553399998], [-8.242479489999994, 42.06590072099999], [-8.241574134000018, 42.06635171300002], [-8.241275186999985, 42.06815249599998], [-8.239764531999981, 42.067928861999974], [-8.23825539400002, 42.068605456], [-8.23523409400002, 42.06815808800002], [-8.236748820999992, 42.07085746000001], [-8.237958218000017, 42.07153153600001], [-8.238263302000007, 42.07333175000002], [-8.239472761000002, 42.07400581000002], [-8.240080374999991, 42.07603079699999], [-8.241895265999972, 42.07737944799999], [-8.24190422800001, 42.082555860000014], [-8.23979280499998, 42.08458341099998], [-8.239496766999991, 42.08818467499998], [-8.241614149999975, 42.08953305], [-8.24282709800002, 42.092007567999985], [-8.244037359999993, 42.09290664600002], [-8.24705949700001, 42.093128732000025], [-8.248572846000002, 42.09447758499999], [-8.250990289000015, 42.09447511600001], [-8.255229997000015, 42.099196973999994], [-8.259159090000026, 42.09941777900002], [-8.266727102999994, 42.105485878000025], [-8.267035564000025, 42.10841133700001], [-8.269456466000008, 42.10975886], [-8.269457929999987, 42.11043404600002], [-8.27460034400002, 42.11222831499998], [-8.273998333000009, 42.113354371000014], [-8.274604392000015, 42.114028811000026], [-8.272492461000013, 42.11583190099998], [-8.272796742000025, 42.116731781], [-8.272193662000006, 42.117407703000026], [-8.270984994999992, 42.11763422500002], [-8.271289263000028, 42.118534108999995], [-8.269778764000023, 42.118986044999986], [-8.270386305999978, 42.120335694000005], [-8.269782677000023, 42.12078653999998], [-8.267061442999989, 42.12056468999998], [-8.265854123999986, 42.121466344], [-8.265546126000004, 42.11876595199999], [-8.264032300999986, 42.11764237800003], [-8.264030425999977, 42.11674212999998], [-8.260398427999974, 42.114495594999994], [-8.256769341999984, 42.11359931700002], [-8.255260168999996, 42.114726249], [-8.253145087999997, 42.115178609], [-8.248006753000027, 42.11540894000001], [-8.244083075999981, 42.11878874600001], [-8.242572379000023, 42.119240323999975], [-8.237131003999991, 42.11924539300003], [-8.236221887, 42.11789584000002], [-8.234407406999992, 42.11744733400002], [-8.230421518000014, 42.11812598900002], [-8.227757038999982, 42.11745305300002], [-8.220495187999973, 42.112507498000014], [-8.217473442000028, 42.113184975000024], [-8.21565893799999, 42.112511122], [-8.215355784999986, 42.111836154], [-8.211728069999992, 42.111388605], [-8.210520151000026, 42.11228970799999], [-8.209611983999991, 42.111165024], [-8.205984892999993, 42.111167475], [-8.204474892000007, 42.112293776], [-8.204781545999992, 42.11611964399998], [-8.20266783400001, 42.118146560000014], [-8.202669590000028, 42.11972199600001], [-8.20146138299998, 42.120623002], [-8.201462862000028, 42.12197337499998], [-8.200858731999972, 42.122423873], [-8.200859960999992, 42.12354918400001], [-8.202676861999976, 42.12624880999999], [-8.199960936000025, 42.13097684899998], [-8.199356231000024, 42.130977212999994], [-8.19935861099998, 42.13322785899999], [-8.198754828000006, 42.13412847699999], [-8.196035327000004, 42.135930574999975], [-8.196945668000012, 42.13908095300002], [-8.19422546200002, 42.14043287599998], [-8.193923938000012, 42.141333298000006], [-8.196647615000018, 42.14335734299999], [-8.196348160000014, 42.14628334700001], [-8.197256133999986, 42.146958015999985], [-8.197562518999973, 42.15078392100003], [-8.198775631999979, 42.15393409699999]]]}}, {"type": "Feature", "properties": {"name": "Rio Mouro", "subBasin": "Minho", "basin": "PT01_MINHO", "code": "PT01MIN0007"}, "geometry": {"type": "Polygon", "coordinates": [[[-8.355309809999994, 42.043950311], [-8.357123048000005, 42.044396339], [-8.359244701000023, 42.046643374999974], [-8.363473691000024, 42.047085056000014], [-8.366198753999981, 42.049104554999985], [-8.367406612000025, 42.049102084000026], [-8.368617829000016, 42.05000041699998], [-8.371033580000017, 42.04999541199999], [-8.372244861000013, 42.050893143999986], [-8.376161852999985, 42.048633662999976], [-8.377979730999982, 42.05020523899998], [-8.381602483999984, 42.04997291500001], [-8.38402537799999, 42.051767583000014], [-8.38795380099998, 42.052434646999984], [-8.389467351000008, 42.05333095999998], [-8.402745044000028, 42.05105030300001], [-8.40456363200002, 42.05262143499999], [-8.406375502999992, 42.05261710000002], [-8.407893211999976, 42.05441340499999], [-8.410970566000003, 42.054362126], [-8.413077510999983, 42.05278152400001], [-8.413072531000012, 42.05165621200001], [-8.414578403000007, 42.050752246], [-8.41487435900001, 42.04940112700001], [-8.416081211000005, 42.049173075], [-8.416981043000021, 42.04782045000002], [-8.419090673000028, 42.046914920000006], [-8.418478649000008, 42.04511593400002], [-8.419379391999996, 42.043988352999975], [-8.420883968999988, 42.042859244], [-8.42324295200001, 42.043122039000025], [-8.424445511999977, 42.04199420399999], [-8.423535597000011, 42.04109626600001], [-8.424740180000015, 42.040417424], [-8.425336752000021, 42.03884043300002], [-8.427442825000014, 42.03725954599997], [-8.428348540000002, 42.03725720099999], [-8.425015133999977, 42.03456500499999], [-8.425308718999986, 42.032763719], [-8.423189346000015, 42.03141874200003], [-8.423776583000006, 42.027816744000006], [-8.423461313000018, 42.024891685], [-8.427066772999979, 42.021280803000025], [-8.429180637000002, 42.02150039000003], [-8.429480365000018, 42.02104947700002], [-8.42736652100001, 42.020830456], [-8.42736129399998, 42.019704574], [-8.423430376999988, 42.01813919799997], [-8.422512598000026, 42.01544073500003], [-8.420695652999996, 42.01409493900002], [-8.409528185999989, 42.013897551000014], [-8.408626713999979, 42.01480056999998], [-8.405608713999982, 42.014807839000014], [-8.404094894000025, 42.01368611800001], [-8.400473350000027, 42.013694680000015], [-8.399571750000007, 42.01459705299999], [-8.398062750000008, 42.01460056100001], [-8.398065572999997, 42.01527519299998], [-8.393552402000012, 42.018661565], [-8.387214185000005, 42.01867583400002], [-8.384806785000023, 42.020482258000015], [-8.380884775000027, 42.02094096299999], [-8.379984550000017, 42.02229331299998], [-8.381199840000022, 42.024315711999975], [-8.380597909000016, 42.024767714999996], [-8.380004749000022, 42.02746923000001], [-8.374274521000018, 42.02883186499997], [-8.37246756899998, 42.029960999000025], [-8.370964972000024, 42.031764665000026], [-8.370969204999994, 42.03288998800002], [-8.367652616999976, 42.03402273699999], [-8.367655958, 42.03492299499999], [-8.366753588999984, 42.035824545000025], [-8.363129947000004, 42.03560683500001], [-8.360717172000022, 42.036286862], [-8.359217315000024, 42.038990635000005], [-8.35530110100001, 42.041474042999994], [-8.355309809999994, 42.043950311]]]}}, {"type": "Feature", "properties": {"name": "Rio Manco", "subBasin": "Minho", "basin": "PT01_MINHO", "code": "PT01MIN0008A"}, "geometry": {"type": "Polygon", "coordinates": [[[-8.561651433999998, 42.052544523999984], [-8.564056521999987, 42.05096001999999], [-8.564048876000015, 42.049834723000004], [-8.563139939999985, 42.04938801700001], [-8.563120105999985, 42.04646224200002], [-8.564022883999996, 42.046008710000024], [-8.563711775000002, 42.04465949299998], [-8.564309528000024, 42.043756981], [-8.563095696999994, 42.04286129500002], [-8.563693444000023, 42.04195878600001], [-8.562171648999993, 42.040163990999986], [-8.565187734999995, 42.039702498], [-8.566081187000009, 42.03789859699998], [-8.569996644000014, 42.03653330700001], [-8.569967205000012, 42.032257184], [-8.57449223499998, 42.03178966899998], [-8.575691887999994, 42.030659705000005], [-8.579315905999977, 42.030870682], [-8.581098531999999, 42.02681253899999], [-8.582304345000011, 42.026582743000006], [-8.582898476000025, 42.02523001499998], [-8.58500817800001, 42.02477156499998], [-8.58741003199998, 42.02296152299999], [-8.588315528999999, 42.02295792199999], [-8.591014180999991, 42.02047142499998], [-8.592221467000002, 42.02046658199998], [-8.591909892999979, 42.01911744], [-8.591304641000022, 42.01889480099999], [-8.591288414000019, 42.01664420899999], [-8.592489122000018, 42.01573912600003], [-8.588249430000019, 42.01373049099999], [-8.58854476800002, 42.01282905199997], [-8.586114445000021, 42.01058804899998], [-8.58610642399998, 42.009462751], [-8.58519791499998, 42.009016214999974], [-8.584884950000003, 42.00744199000002], [-8.584279832999982, 42.00721931300001], [-8.584270247999996, 42.00586895499998], [-8.582148441000015, 42.00452691200002], [-8.581537009999977, 42.00340398200001], [-8.581525897000006, 42.001828562000014], [-8.580614360000027, 42.000931869], [-8.579993498000022, 41.99845856799999], [-8.579085188000022, 41.998011983000026], [-8.57516444800001, 41.998252278999985], [-8.575155058000007, 41.99690191799999], [-8.572730480000018, 41.99533580299999], [-8.573308954000026, 41.991732512], [-8.569082266999999, 41.99129857999998], [-8.567258333999973, 41.989279924000016], [-8.563635196999996, 41.988843497999994], [-8.562117725000007, 41.98749880399998], [-8.55970137700001, 41.98705771700003], [-8.559681748000003, 41.98413191999998], [-8.557259540000018, 41.98279053300001], [-8.552448078999987, 41.98505896400002], [-8.55155348300002, 41.98663771299999], [-8.551569776999997, 41.98911338800002], [-8.550368992000017, 41.990018048000024], [-8.54946395899998, 41.990021351999985], [-8.549459537000018, 41.989346168], [-8.547047604, 41.989580003000015], [-8.545859898000003, 41.99251017], [-8.542185381000024, 41.99301807500001], [-8.54227004500001, 41.99724949099999], [-8.541669515000024, 41.997701774999996], [-8.541681090999987, 41.99950226599998], [-8.540475641, 41.99973163999999], [-8.540178243000014, 42.00040790000003], [-8.540194104000022, 42.002883575], [-8.538389412000015, 42.003790261999995], [-8.538403769000013, 42.00604087400001], [-8.53780599700002, 42.006943259000025], [-8.538410949000024, 42.00716617799998], [-8.538728516999981, 42.00964077499998], [-8.537524298999983, 42.01009518000001], [-8.53724687099998, 42.01392228200001], [-8.536344354999983, 42.014375605], [-8.537271222000015, 42.01774831199998], [-8.538790334999987, 42.019318381000005], [-8.53789062200002, 42.020221838], [-8.534572012000012, 42.02045862599999], [-8.533976892999988, 42.02181111099998], [-8.532773827000028, 42.022490527], [-8.53338033, 42.02293853200001], [-8.533703467999999, 42.026313379999976], [-8.534610441999973, 42.026535258000024], [-8.534614712999996, 42.02721043899999], [-8.532507396000028, 42.028118097000004], [-8.532211199000017, 42.02901939499998], [-8.533724775999985, 42.029689287999986], [-8.533734719999984, 42.031264710000016], [-8.535852121000005, 42.031932453000024], [-8.53556166200002, 42.03373399999998], [-8.537686339000004, 42.035527007999974], [-8.537710736000008, 42.03935302899998], [-8.540754436999975, 42.043168299], [-8.544682447000014, 42.043604328000015], [-8.54801841599999, 42.04584289600001], [-8.551043771000025, 42.04673212], [-8.557386156000007, 42.046933807000016], [-8.558305576999999, 42.04895597900003], [-8.56012641000001, 42.05029958099999], [-8.561032301000012, 42.05029619099997], [-8.561651433999998, 42.052544523999984]]]}}, {"type": "Feature", "properties": {"name": "Rio Mouro", "subBasin": "Minho", "basin": "PT01_MINHO", "code": "PT01MIN0009"}, "geometry": {"type": "Polygon", "coordinates": [[[-8.203217191000022, 42.06890318799998], [-8.207991956, 42.06844944300002], [-8.215238057000022, 42.065968704], [-8.215538617999982, 42.064842602], [-8.21674677499999, 42.06484171599999], [-8.217953710000018, 42.06394055999999], [-8.218253294000021, 42.06213982100002], [-8.22157208599998, 42.059661568000024], [-8.224289558999999, 42.05920928400002], [-8.226703640999972, 42.05785692799998], [-8.227609997999991, 42.058081242000014], [-8.227913708000017, 42.059206311000025], [-8.231238663999989, 42.061004002000004], [-8.232446746999983, 42.06100294999999], [-8.23274769699998, 42.06032749299999], [-8.235466588000008, 42.06077520299999], [-8.237881243000004, 42.05987330200003], [-8.241807053000002, 42.059643987000015], [-8.246029582999995, 42.05648895899998], [-8.25176756899998, 42.05648311200002], [-8.25237413100001, 42.057832867], [-8.254487738000023, 42.057605566999996], [-8.256599111000014, 42.05625290400002], [-8.25659734200002, 42.05535264600002], [-8.258406164000007, 42.053775212999994], [-8.26082205199998, 42.053772525], [-8.261416380000014, 42.04904548600001], [-8.255070337000006, 42.04657675499999], [-8.255368345000022, 42.04455084699998], [-8.254461653000021, 42.04410224899999], [-8.25415754300002, 42.04297668200002], [-8.253251309000007, 42.04275314199998], [-8.253847393000001, 42.038700769], [-8.249616412000023, 42.03645452699999], [-8.249309931000028, 42.03397968500002], [-8.243869125999993, 42.03015843999998], [-8.243563687000005, 42.028133705000016], [-8.245372863, 42.02700660300002], [-8.245068598999978, 42.02565594399999], [-8.244464495999978, 42.025432033000016], [-8.244458910999981, 42.02228111199997], [-8.245057771999996, 42.01957916700002], [-8.245961625999996, 42.018678006000016], [-8.244148723000023, 42.017554464], [-8.239317788999983, 42.016434316000016], [-8.239315886999975, 42.01530898599998], [-8.240823750999994, 42.01463180500002], [-8.242027828000005, 42.01283012099998], [-8.240816033999977, 42.010130480999976], [-8.240812561999974, 42.008104882], [-8.241414937999991, 42.007429108999986], [-8.237185364000027, 42.00450719899999], [-8.236578522000002, 42.00248215300002], [-8.235370450000005, 42.00180861299998], [-8.232049900999982, 42.000910734], [-8.230844003000016, 42.00158697699999], [-8.230845405000025, 42.00248724300002], [-8.227827979999972, 42.00248980700002], [-8.225115925000011, 42.004968341999984], [-8.22330572300001, 42.005194304999975], [-8.222707680999974, 42.00902147599999], [-8.221200072999977, 42.00992236500002], [-8.219393433999983, 42.01284961900001], [-8.215472507000015, 42.014653076], [-8.211549380000008, 42.014881496999976], [-8.210043693999978, 42.017582764999986], [-8.208535165, 42.018034476000025], [-8.208536250999998, 42.018934177000006], [-8.203405040999996, 42.01871242499999], [-8.200383449000014, 42.01556334899999], [-8.198874424999985, 42.01556425299998], [-8.19736702900002, 42.017140600999994], [-8.195556153999974, 42.01714163499997], [-8.192239217000008, 42.02029437599998], [-8.191333949000011, 42.020519921000016], [-8.191031284000019, 42.019619818000024], [-8.189823373000024, 42.01894524400001], [-8.18656215599998, 42.02025326699999], [-8.185959274000027, 42.02115381499999], [-8.186262651999982, 42.02295418800003], [-8.185658973999978, 42.022954476999985], [-8.18565954799999, 42.02362967099998], [-8.187170722000019, 42.025879589], [-8.186870821000014, 42.02813038099998], [-8.188682400000005, 42.028579616], [-8.188381137000022, 42.02925496], [-8.185967151, 42.03038146], [-8.185063607000018, 42.032857596999975], [-8.18355436500002, 42.03308335999998], [-8.179628994999973, 42.031959762999975], [-8.17842196700002, 42.032635460999984], [-8.176006894000011, 42.032636430000025], [-8.175404827000023, 42.03511236999998], [-8.176311145999989, 42.03601227399997], [-8.175707346000024, 42.03601250999998], [-8.175406683000006, 42.03781313899998], [-8.176011126999981, 42.038713160999976], [-8.174804239000025, 42.03983894700002], [-8.175409623000007, 42.042089353999984], [-8.174504744999979, 42.04344008300001], [-8.175410860999989, 42.04388986499998], [-8.175411942999972, 42.045465311999976], [-8.176922305999994, 42.04636497400003], [-8.17662083099998, 42.04704028499998], [-8.175111221999998, 42.047265935999974], [-8.175112141, 42.04861631799997], [-8.176319821999982, 42.04839078499998], [-8.176924378000024, 42.049290799000005], [-8.17783026699999, 42.04929043499999], [-8.177830917999984, 42.05019068799999], [-8.17873698599999, 42.050415380000004], [-8.178737980999983, 42.05176576000002], [-8.181456104999995, 42.05221472699998], [-8.181757376000007, 42.05131434100002], [-8.182965447000015, 42.05153886400001], [-8.183268511999984, 42.05288910799999], [-8.182363108000004, 42.053564704999985], [-8.182968158999984, 42.05491481400003], [-8.182667428999991, 42.056490392], [-8.18357378600001, 42.056940107], [-8.183877074000009, 42.05851541099997], [-8.184481086999995, 42.05851513099998], [-8.184180191999985, 42.05986564900002], [-8.184784593000018, 42.06031549400001], [-8.190825526000026, 42.06098769900001], [-8.192034664999994, 42.062112377999995], [-8.19505490900002, 42.06211073700001], [-8.198379295999985, 42.064134405000004], [-8.201400128999978, 42.06458272399999], [-8.203818710000007, 42.06660677799999], [-8.203217191000022, 42.06890318799998]]]}}, {"type": "Feature", "properties": {"name": "Rio Mouro", "subBasin": "Minho", "basin": "PT01_MINHO", "code": "PT01MIN0010"}, "geometry": {"type": "Polygon", "coordinates": [[[-8.23366566499999, 42.06775381199998], [-8.23825539400002, 42.068605456], [-8.239764531999981, 42.067928861999974], [-8.241275186999985, 42.06815249599998], [-8.241574134000018, 42.06635171300002], [-8.242479489999994, 42.06590072099999], [-8.242478313999982, 42.06522553399998], [-8.245195474000013, 42.06454769700002], [-8.249727705999987, 42.065443387000016], [-8.259090105999974, 42.064983294], [-8.263320064000027, 42.06565373299998], [-8.265735458999984, 42.06520082399999], [-8.266640149000011, 42.06452457900002], [-8.266334775000018, 42.06294949400001], [-8.267542896000009, 42.06294807699999], [-8.269352638999976, 42.06182061300001], [-8.270556806000002, 42.060018662000004], [-8.27357596600001, 42.05956486000002], [-8.274483526999973, 42.060238930000025], [-8.27690018300001, 42.06046097799998], [-8.276898640000013, 42.05978578899999], [-8.280218708000007, 42.05888130699998], [-8.285052516999997, 42.059550172], [-8.286564232999979, 42.06022334300002], [-8.288685026999985, 42.06292123999998], [-8.290195740000001, 42.06314423800001], [-8.288385216999984, 42.06382190300002], [-8.289293552999993, 42.06472092000001], [-8.288998197000012, 42.06742208700001], [-8.292023255999993, 42.069218432000014], [-8.293833898999992, 42.068540712000015], [-8.293528405000018, 42.06719075900003], [-8.298051511999972, 42.064258498000015], [-8.303184321000003, 42.063575791000005], [-8.304697553999972, 42.064698851], [-8.306507312000008, 42.063795868], [-8.308614035999994, 42.061091886999975], [-8.313145652000003, 42.06153497499997], [-8.314960394000025, 42.06243236199998], [-8.320697596999992, 42.06197297199998], [-8.328554463999978, 42.06331021099999], [-8.330061815000022, 42.06240737000002], [-8.332117709999977, 42.06217874800001], [-8.332716918000017, 42.060646315999975], [-8.333621553, 42.060195161000024], [-8.333608675999983, 42.056143451000025], [-8.335718331999999, 42.05478933500001], [-8.337531743999989, 42.055236795999974], [-8.342048992999992, 42.05140250599999], [-8.343860097999993, 42.051174113], [-8.34385258499998, 42.048922909], [-8.345058933000018, 42.04847110999998], [-8.345045332999973, 42.044419393], [-8.345948890999978, 42.04374307699999], [-8.345934479999983, 42.03946685599999], [-8.346834144000013, 42.03766408500002], [-8.345020412999986, 42.036992829999974], [-8.342908555000008, 42.03744630099999], [-8.34109338899998, 42.03632428899999], [-8.338980789999994, 42.03655374900001], [-8.337466162999988, 42.03498100899998], [-8.332328916999984, 42.03341406499999], [-8.331720887000017, 42.03206529200003], [-8.330815234, 42.032066864], [-8.330203735999987, 42.029592191999996], [-8.327785276999975, 42.028470449999986], [-8.323861679999993, 42.02870214400002], [-8.319631524999977, 42.027358741], [-8.315707313000019, 42.027365089], [-8.311472325000011, 42.02422085799998], [-8.312068361000001, 42.02151912900001], [-8.31055412400002, 42.01972095999997], [-8.31054969600001, 42.018146064999996], [-8.311451970999997, 42.017018759999985], [-8.308728757999972, 42.014547252], [-8.308423204000007, 42.01319732000002], [-8.306609336000008, 42.012075322999976], [-8.30569965799998, 42.01050123499999], [-8.302978762999999, 42.008704222999995], [-8.302368575000003, 42.00622995499998], [-8.301163920000022, 42.00713144299999], [-8.299655099000006, 42.007133658999976], [-8.298752173000025, 42.008035807], [-8.296640374999981, 42.008263363000026], [-8.293929613999978, 42.01029282500002], [-8.289705270000013, 42.010524342999986], [-8.286094828999978, 42.01503058999998], [-8.284585282000023, 42.014807538000014], [-8.283673967000027, 42.012333015000024], [-8.282464677000007, 42.01143377699998], [-8.278539916, 42.010764225], [-8.275515491000021, 42.00784217900002], [-8.259824015999982, 42.008085817999984], [-8.257105433999982, 42.00673841999998], [-8.253492465000022, 42.01101857499998], [-8.24927124200002, 42.013048003999984], [-8.247766384999977, 42.01530076400002], [-8.24837411599998, 42.017550253000024], [-8.245057771999996, 42.01957916700002], [-8.244464495999978, 42.025432033000016], [-8.245068598999978, 42.02565594399999], [-8.245372863, 42.02700660300002], [-8.243563687000005, 42.028133705000016], [-8.243565666999984, 42.029259034000006], [-8.244171795, 42.03060827500002], [-8.249309931000028, 42.03397968500002], [-8.249616412000023, 42.03645452699999], [-8.253847393000001, 42.038700769], [-8.253251309000007, 42.04275314199998], [-8.25415754300002, 42.04297668200002], [-8.254461653000021, 42.04410224899999], [-8.255368345000022, 42.04455084699998], [-8.255070337000006, 42.04657675499999], [-8.261416380000014, 42.04904548600001], [-8.26082205199998, 42.053772525], [-8.258406164000007, 42.053775212999994], [-8.25659734200002, 42.05535264600002], [-8.256599111000014, 42.05625290400002], [-8.254487738000023, 42.057605566999996], [-8.25237413100001, 42.057832867], [-8.25176756899998, 42.05648311200002], [-8.246029582999995, 42.05648895899998], [-8.241807053000002, 42.059643987000015], [-8.237881243000004, 42.05987330200003], [-8.235466588000008, 42.06077520299999], [-8.23274769699998, 42.06032749299999], [-8.232446746999983, 42.06100294999999], [-8.231238663999989, 42.061004002000004], [-8.227913708000017, 42.059206311000025], [-8.227609997999991, 42.058081242000014], [-8.226703640999972, 42.05785692799998], [-8.224289558999999, 42.05920928400002], [-8.22157208599998, 42.059661568000024], [-8.218253294000021, 42.06213982100002], [-8.217953710000018, 42.06394055999999], [-8.21674677499999, 42.06484171599999], [-8.215538617999982, 42.064842602], [-8.21523775999998, 42.06574364099998], [-8.217352673999983, 42.066191652999976], [-8.220074214000022, 42.06844080500002], [-8.227925636000009, 42.06708412199998], [-8.23336253399998, 42.067079448000015], [-8.23366566499999, 42.06775381199998]]]}}, {"type": "Feature", "properties": {"name": "Rio Mouro", "subBasin": "Minho", "basin": "PT01_MINHO", "code": "PT01MIN0011"}, "geometry": {"type": "Polygon", "coordinates": [[[-8.344757725000022, 42.04869617100002], [-8.34626982200001, 42.049369117000026], [-8.34838281499998, 42.04913952499999], [-8.349285633000022, 42.048238121], [-8.350797762000013, 42.04890988], [-8.352306801999987, 42.048681929], [-8.354108344999986, 42.04575260600001], [-8.353499736999993, 42.044403389000024], [-8.355309809999994, 42.043950311], [-8.35530110100001, 42.041474042999994], [-8.359217315000024, 42.038990635000005], [-8.360114982000027, 42.03673875800001], [-8.363129947000004, 42.03560683500001], [-8.366753588999984, 42.035824545000025], [-8.367655958, 42.03492299499999], [-8.367652616999976, 42.03402273699999], [-8.370969204999994, 42.03288998800002], [-8.370964972000024, 42.031764665000026], [-8.37246756899998, 42.029960999000025], [-8.374274521000018, 42.02883186499997], [-8.380004749000022, 42.02746923000001], [-8.380597909000016, 42.024767714999996], [-8.381199840000022, 42.024315711999975], [-8.379984550000017, 42.02229331299998], [-8.380884775000027, 42.02094096299999], [-8.384806785000023, 42.020482258000015], [-8.387214185000005, 42.01867583400002], [-8.393552402000012, 42.018661565], [-8.398065572999997, 42.01527519299998], [-8.398062750000008, 42.01460056100001], [-8.399571750000007, 42.01459705299999], [-8.400473350000027, 42.013694680000015], [-8.404094894000025, 42.01368611800001], [-8.405608713999982, 42.014807839000014], [-8.408626713999979, 42.01480056999998], [-8.409528185999989, 42.013897551000014], [-8.421300270000017, 42.01431847499998], [-8.422502324999982, 42.01319065199999], [-8.422795885000028, 42.011388807], [-8.426403756000013, 42.008453694000025], [-8.427309068999989, 42.008451358], [-8.427305938000018, 42.00777672700002], [-8.424881443999993, 42.00553172999997], [-8.423673386000019, 42.005309755999974], [-8.423365449000016, 42.003960138000025], [-8.422761950999984, 42.00396167600002], [-8.421848506999993, 42.002163456999995], [-8.421841337999979, 42.00058856300001], [-8.419419350999988, 41.99879413999997], [-8.419713961000014, 41.99721792399998], [-8.417899619000025, 41.99632220699999], [-8.416980387000024, 41.993173550999984], [-8.41546889, 41.99250154600003], [-8.414555817999997, 41.99070326100002], [-8.412437080000018, 41.98913300700002], [-8.411829769000008, 41.988234223000006], [-8.41212649900001, 41.98710871600002], [-8.410618151999984, 41.987112405000005], [-8.409407551000015, 41.98621451399998], [-8.409391880999976, 41.98261401899998], [-8.407275484000024, 41.981493796999985], [-8.404260012000009, 41.98172609300002], [-8.403352198999983, 41.98105248500002], [-8.401240712000003, 41.98105748199998], [-8.399735340000007, 41.98173677400001], [-8.397321244000011, 41.98151731500002], [-8.395817679000004, 41.982646123999984], [-8.395219955000016, 41.983997348], [-8.394909945999984, 41.98197243999999], [-8.393699663999996, 41.981074933], [-8.393693195000026, 41.97949946799997], [-8.391882468999995, 41.979278514999976], [-8.391276457000004, 41.97860524499998], [-8.390675934, 41.97928124200001], [-8.385546373000011, 41.97884312100001], [-8.385248314000023, 41.979743488999986], [-8.384944894, 41.979294021999976], [-8.380722016999982, 41.97930325599998], [-8.380124006000017, 41.98065496100003], [-8.377412712000023, 41.98156163200002], [-8.37409461599998, 41.98156868199999], [-8.373185428, 41.980445255999996], [-8.371681457000022, 41.981573749000006], [-8.369882510000025, 41.98450337999998], [-8.366567576000023, 41.98540991700003], [-8.366571718999978, 41.986535247999996], [-8.36536834200001, 41.98743853799999], [-8.363859982999998, 41.987441596], [-8.362356497999997, 41.988795031999985], [-8.35269963899998, 41.98791318000002], [-8.351199006999991, 41.99016729599998], [-8.349994572000014, 41.99084423099998], [-8.34788122499998, 41.99039865499998], [-8.345771680999974, 41.991077245999975], [-8.345171316000005, 41.99197919400001], [-8.340645891999998, 41.991987513000026], [-8.339141813000026, 41.99334064300001], [-8.336728923999999, 41.99356947899997], [-8.335828860999982, 41.995146551000005], [-8.333110627999986, 41.99425107799999], [-8.333114181999974, 41.995376410000006], [-8.330406502000017, 41.99785742500001], [-8.327690301000018, 41.99763702199999], [-8.325882716000024, 41.99853979699998], [-8.32437272300001, 41.99809220399999], [-8.320149919000016, 41.99854933900002], [-8.318945658000018, 41.99945157500002], [-8.318947641000022, 42.00012677199999], [-8.315326191999986, 41.99990754800001], [-8.313820739999983, 42.00103527599998], [-8.309898775000022, 42.00126648999998], [-8.306888817000015, 42.003971921000016], [-8.303872511000009, 42.004426611999975], [-8.302667914999972, 42.00532867800001], [-8.302371591999986, 42.00735472399998], [-8.302978762999999, 42.008704222999995], [-8.30569965799998, 42.01050123499999], [-8.306609336000008, 42.012075322999976], [-8.308423204000007, 42.01319732000002], [-8.308728757999972, 42.014547252], [-8.311451970999997, 42.017018759999985], [-8.31054969600001, 42.018146064999996], [-8.31055412400002, 42.01972095999997], [-8.312068361000001, 42.02151912900001], [-8.311472325000011, 42.02422085799998], [-8.315707313000019, 42.027365089], [-8.319631524999977, 42.027358741], [-8.323861679999993, 42.02870214400002], [-8.327785276999975, 42.028470449999986], [-8.330203735999987, 42.029592191999996], [-8.330815234, 42.032066864], [-8.331720887000017, 42.03206529200003], [-8.332328916999984, 42.03341406499999], [-8.337466162999988, 42.03498100899998], [-8.338980789999994, 42.03655374900001], [-8.34109338899998, 42.03632428899999], [-8.342908555000008, 42.03744630099999], [-8.345020412999986, 42.036992829999974], [-8.346834144000013, 42.03766408500002], [-8.345934479999983, 42.03946685599999], [-8.346245511999996, 42.042167065], [-8.345948890999978, 42.04374307699999], [-8.345045332999973, 42.044419393], [-8.344757725000022, 42.04869617100002]]]}}, {"type": "Feature", "properties": {"name": "Ribeira de Veiga de Mira", "subBasin": "Minho", "basin": "PT01_MINHO", "code": "PT01MIN0012A"}, "geometry": {"type": "Polygon", "coordinates": [[[-8.611324410000009, 42.032091616], [-8.615845725999975, 42.031172346000005], [-8.619775248999986, 42.03183087299999], [-8.62158131000001, 42.031147972999975], [-8.621876252999982, 42.03024645300002], [-8.624277274000008, 42.02843564], [-8.627588967999998, 42.02729603400002], [-8.632116778000011, 42.027276355000026], [-8.634217322999973, 42.025691712000025], [-8.637839469000028, 42.025675777000004], [-8.64510008000002, 42.027669074000016], [-8.646905747000005, 42.02698577899997], [-8.647196670000028, 42.025634083], [-8.648102204999986, 42.02563000700002], [-8.650502302000007, 42.023818651], [-8.653496698000026, 42.020879218999994], [-8.653783770000018, 42.019077392999975], [-8.653178303000004, 42.018855082000016], [-8.653159888000005, 42.016604513999994], [-8.651641703999985, 42.015486081000006], [-8.65254341299999, 42.015031858999976], [-8.653426686999978, 42.01232706000002], [-8.654324648999989, 42.01142271100002], [-8.655498469000008, 42.007366176000005], [-8.656699936999985, 42.00668548599998], [-8.656377813999995, 42.00421123799998], [-8.659994987999994, 42.00374450300001], [-8.660283670000013, 42.002167713000006], [-8.661784850000004, 42.001260521000006], [-8.664502278999976, 42.00147299600002], [-8.665096327000015, 42.00034490600001], [-8.664481600999977, 41.998997368000005], [-8.662660057999972, 41.99765541800002], [-8.66264319999999, 41.99562990200002], [-8.661430788000018, 41.99496030900002], [-8.661421444999974, 41.993835021999985], [-8.662611361000017, 41.991803925], [-8.664119775000017, 41.99179693399998], [-8.66439703200001, 41.98886978500002], [-8.661964975999979, 41.986630390000016], [-8.65893909099998, 41.985519006000004], [-8.658324640999979, 41.984171429000014], [-8.656202013999973, 41.98283075400002], [-8.655278629999998, 41.98058430399999], [-8.652872934000015, 41.981495526], [-8.651053964000027, 41.980378443999996], [-8.650150898999982, 41.98060759700002], [-8.650143586000013, 41.97970736299999], [-8.648935250000022, 41.979487753], [-8.650428755000007, 41.977680470999985], [-8.650404981999998, 41.97475470699999], [-8.649799945999973, 41.97453237600001], [-8.650388527000018, 41.97272917800001], [-8.649173023999992, 41.97160933399999], [-8.647665072999985, 41.97161612999997], [-8.646149865999973, 41.97072266999999], [-8.644950757000004, 41.97162831200001], [-8.641933051000024, 41.971416713999986], [-8.63800167300002, 41.97008373900002], [-8.63620462099999, 41.971667131000004], [-8.634691343999975, 41.97099857699999], [-8.631982342000015, 41.971685632], [-8.631051157999991, 41.96831368400001], [-8.628924353999992, 41.96629732100001], [-8.623168594999981, 41.962946131000024], [-8.618638467999972, 41.96206519100002], [-8.618014791999997, 41.95936703199999], [-8.612861565000003, 41.955787696000016], [-8.611957012999994, 41.95579148799999], [-8.611045703999991, 41.95489503099998], [-8.608631929000012, 41.954680027999984], [-8.606809461000012, 41.952887051000005], [-8.606492892000006, 41.95086275400001], [-8.605281912999999, 41.95019255699998], [-8.60408761299999, 41.951772957], [-8.601387385999999, 41.95358458800001], [-8.599578349000012, 41.953591983000024], [-8.598411821000013, 41.958998356999984], [-8.596004479999976, 41.95968333100001], [-8.595409587000006, 41.96081107600003], [-8.594198532000007, 41.960140764000016], [-8.591183161000004, 41.960152886], [-8.59088648300002, 41.96082927600003], [-8.583952666000016, 41.96108189400002], [-8.580016824999973, 41.958846669000025], [-8.571875497000008, 41.95887820299998], [-8.569481777000021, 41.961588178], [-8.568878691000009, 41.961590478999995], [-8.568529190999982, 41.96294221599999], [-8.565592313000025, 41.966104314000006], [-8.564670046000003, 41.97195955699999], [-8.557525134000002, 41.97738793299999], [-8.557541656000012, 41.97986361300002], [-8.55875420000001, 41.98075937099998], [-8.55815093199999, 41.980761616999985], [-8.557561183000018, 41.98278941299998], [-8.559681748000003, 41.98413191999998], [-8.55939820399999, 41.98683378200002], [-8.562117725000007, 41.98749880399998], [-8.563635196999996, 41.988843497999994], [-8.567258333999973, 41.989279924000016], [-8.569082266999999, 41.99129857999998], [-8.573308954000026, 41.991732512], [-8.572730480000018, 41.99533580299999], [-8.575155058000007, 41.99690191799999], [-8.57516444800001, 41.998252278999985], [-8.579085188000022, 41.998011983000026], [-8.579993498000022, 41.99845856799999], [-8.580614360000027, 42.000931869], [-8.581525897000006, 42.001828562000014], [-8.581537009999977, 42.00340398200001], [-8.582148441000015, 42.00452691200002], [-8.584270247999996, 42.00586895499998], [-8.584279832999982, 42.00721931300001], [-8.584884950000003, 42.00744199000002], [-8.58519791499998, 42.009016214999974], [-8.58610642399998, 42.009462751], [-8.586114445000021, 42.01058804899998], [-8.58854476800002, 42.01282905199997], [-8.588249430000019, 42.01373049099999], [-8.592489122000018, 42.01573912600003], [-8.591288414000019, 42.01664420899999], [-8.591304641000022, 42.01889480099999], [-8.591909892999979, 42.01911744], [-8.593443433999994, 42.02248725499999], [-8.594959141999993, 42.023381400999995], [-8.596468327000025, 42.02337528999999], [-8.598592726999982, 42.02494211300001], [-8.599800104999986, 42.024937188000024], [-8.599816648000001, 42.027187771], [-8.601340863000019, 42.02920711899998], [-8.602850183999976, 42.02920092400001], [-8.604973270000016, 42.03054256600001], [-8.608595713, 42.030527549], [-8.611324410000009, 42.032091616]]]}}, {"type": "Feature", "properties": {"name": "Ribeira das Insuas", "subBasin": "Minho", "basin": "PT01_MINHO", "code": "PT01MIN0013A"}, "geometry": {"type": "Polygon", "coordinates": [[[-8.666833033999978, 41.991559241999994], [-8.670170525999993, 41.99379428399999], [-8.67015533099999, 41.991993826], [-8.674086768999985, 41.99310063899998], [-8.676196656999991, 41.99286558099999], [-8.676190894000001, 41.99219040999998], [-8.675282013000015, 41.99174458700003], [-8.675566426999978, 41.989717643999995], [-8.674961169000028, 41.989495444], [-8.674600148000025, 41.982520093999995], [-8.66792063600002, 41.97737496600001], [-8.666107178999994, 41.97693329600003], [-8.666399368999976, 41.97580659900001], [-8.663971499000013, 41.97401735400001], [-8.662765100000001, 41.974022945], [-8.663018016000024, 41.968170025999996], [-8.663920856000004, 41.96794077300001], [-8.663905853000017, 41.96614030400002], [-8.664810541000008, 41.966136103], [-8.665102704999981, 41.965009407000025], [-8.664186771999994, 41.963663259999976], [-8.666576555999995, 41.96095133199998], [-8.66744341399999, 41.95644593399999], [-8.668344183999977, 41.95599158800002], [-8.667720378000013, 41.95351876000001], [-8.668321494999986, 41.95329088099999], [-8.668903682000007, 41.950812410000026], [-8.670401649999974, 41.94968004399999], [-8.669766460000005, 41.94585686900001], [-8.667644837000012, 41.9445164], [-8.667635376000021, 41.943391109000004], [-8.665805897999974, 41.94092390399999], [-8.666335189999984, 41.93214380799998], [-8.66029968700002, 41.93127150599997], [-8.658777821000001, 41.92947796499999], [-8.653334411999992, 41.92725216399998], [-8.649432897999986, 41.92929545599998], [-8.648519614000008, 41.92817423600002], [-8.645207993999975, 41.92863925199998], [-8.64308024799999, 41.92639808000001], [-8.641271984000014, 41.92640613100002], [-8.638548866000008, 41.92506779199999], [-8.638561374000005, 41.92664321500001], [-8.637054480000018, 41.92664986699998], [-8.636765565000019, 41.928226618], [-8.63556890000001, 41.929357224], [-8.635880956999983, 41.93070626100001], [-8.633783559999983, 41.93229094200001], [-8.630171965999978, 41.93298190500002], [-8.629863532000002, 41.93208297299998], [-8.626243192999993, 41.93164850900001], [-8.625643871000023, 41.93210122900001], [-8.625950503000013, 41.932775112], [-8.624443464000024, 41.93278159800002], [-8.622044302000006, 41.93436736000001], [-8.620859336000024, 41.937073236], [-8.622075424000002, 41.93841844899998], [-8.619386588999987, 41.94158086599998], [-8.611555661000011, 41.94251417800001], [-8.611264355000003, 41.943865802000005], [-8.610065265999992, 41.94477108000001], [-8.607956698999999, 41.94500492200001], [-8.606157945000007, 41.94636278399997], [-8.604980422999972, 41.950193802], [-8.606492892000006, 41.95086275400001], [-8.606809461000012, 41.952887051000005], [-8.608020509000028, 41.95355723099999], [-8.608328737000022, 41.95445622099999], [-8.612861565000003, 41.955787696000016], [-8.618014791999997, 41.95936703199999], [-8.618638467999972, 41.96206519100002], [-8.623168594999981, 41.962946131000024], [-8.627711094999995, 41.96540230699998], [-8.631051157999991, 41.96831368400001], [-8.631982342000015, 41.971685632], [-8.634691343999975, 41.97099857699999], [-8.63620462099999, 41.971667131000004], [-8.63800167300002, 41.97008373900002], [-8.641933051000024, 41.971416713999986], [-8.644950757000004, 41.97162831200001], [-8.646149865999973, 41.97072266999999], [-8.647665072999985, 41.97161612999997], [-8.649173023999992, 41.97160933399999], [-8.650388527000018, 41.97272917800001], [-8.649799945999973, 41.97453237600001], [-8.650404981999998, 41.97475470699999], [-8.650428755000007, 41.977680470999985], [-8.648935250000022, 41.979487753], [-8.650143586000013, 41.97970736299999], [-8.650150898999982, 41.98060759700002], [-8.651053964000027, 41.980378443999996], [-8.652872934000015, 41.981495526], [-8.655278629999998, 41.98058430399999], [-8.656202013999973, 41.98283075400002], [-8.658324640999979, 41.984171429000014], [-8.65893909099998, 41.985519006000004], [-8.661964975999979, 41.986630390000016], [-8.66439703200001, 41.98886978500002], [-8.664119775000017, 41.99179693399998], [-8.666833033999978, 41.991559241999994]]]}}, {"type": "Feature", "properties": {"name": "Rio Minho", "subBasin": "Minho", "basin": "PT01_MINHO", "code": "PT01MIN0014I"}, "geometry": {"type": "Polygon", "coordinates": [[[-8.555013988999974, 42.05346949199998], [-8.556220402000008, 42.053239964], [-8.558651325000028, 42.055481586999974], [-8.558960868999975, 42.05660575899998], [-8.561082419000002, 42.05772315399997], [-8.56110520599998, 42.061099044], [-8.559903206000001, 42.06200380199999], [-8.559922904000018, 42.06492957099999], [-8.562343740000017, 42.065595691], [-8.561762489999978, 42.068973847999985], [-8.562377260000005, 42.070546992000004], [-8.564500866000003, 42.07188937500001], [-8.566615328000012, 42.071881366000014], [-8.566630718999988, 42.074131953000006], [-8.565430086999982, 42.075261829], [-8.566946657000017, 42.07615633299997], [-8.566951277999976, 42.07683150899999], [-8.57058411600002, 42.07794296600002], [-8.570289783000021, 42.079069414], [-8.570601203000024, 42.08041860700001], [-8.571206970999981, 42.08064134799997], [-8.57122253, 42.08289192900003], [-8.573035240000024, 42.08288495800002], [-8.573331106000012, 42.081983561000015], [-8.575445903999992, 42.081975387], [-8.575768454000013, 42.084899968], [-8.57940191199998, 42.08601114200002], [-8.582133859999999, 42.08780094000002], [-8.582148207999978, 42.089826458999994], [-8.583665361999977, 42.09072073700003], [-8.583676560000015, 42.092296137999995], [-8.585794914000019, 42.09273788500002], [-8.585814202999984, 42.09543857199998], [-8.587323476999984, 42.09520751299999], [-8.587313800999993, 42.09385716999998], [-8.590636045999986, 42.093618839999976], [-8.590921960999992, 42.09136705899999], [-8.58908958500001, 42.08867362699999], [-8.593605421999996, 42.08640486500002], [-8.595694087000027, 42.08279540500001], [-8.59931949899999, 42.082780662000005], [-8.59961499000002, 42.08187920199998], [-8.601728118999972, 42.08164548600001], [-8.601716472000021, 42.080070089], [-8.603809481999974, 42.077135655000006], [-8.603490694000016, 42.074886332000005], [-8.604094853999982, 42.07488384200002], [-8.604989369000009, 42.07330470400001], [-8.609206551, 42.07171175799999], [-8.612512247999973, 42.069447294999975], [-8.612502042000017, 42.06809695499999], [-8.611894548999999, 42.067649374999974], [-8.608877473000007, 42.06811210699999], [-8.606445975999975, 42.06609663299997], [-8.606440936000013, 42.06542146200002], [-8.608224479, 42.06158797299997], [-8.611828291999984, 42.05887216399998], [-8.612734304000014, 42.05886836399998], [-8.613619857000003, 42.05616387600003], [-8.620865907999985, 42.05590810799998], [-8.623575114000005, 42.054771191999976], [-8.627195416000006, 42.054305467999995], [-8.627797625000028, 42.05407779799998], [-8.628089072000023, 42.05272615199999], [-8.629598941999973, 42.052719603000014], [-8.63019760100002, 42.05204180700002], [-8.629888584000014, 42.05114289599999], [-8.631387813999993, 42.04978598399998], [-8.633501532000025, 42.04977674899999], [-8.635325756999976, 42.051344196], [-8.63925491499998, 42.051776991999986], [-8.643473429999972, 42.050632914000005], [-8.64406829699999, 42.049504936000005], [-8.644672212999978, 42.04950223499998], [-8.645281576999992, 42.05017469799998], [-8.646489420000023, 42.05016927999998], [-8.647404420999976, 42.05129048600003], [-8.649219877999997, 42.051732431999994], [-8.649229029000026, 42.05285770900002], [-8.650140448999991, 42.053528782], [-8.649241840999991, 42.054433098000004], [-8.647731935000024, 42.05443990600003], [-8.647137086999976, 42.05556790100002], [-8.64835234200001, 42.056462683999996], [-8.651073930999985, 42.05690051099998], [-8.652298470999995, 42.05892052899998], [-8.652311361999978, 42.06049591499999], [-8.654742232999979, 42.06228535700001], [-8.65628015499999, 42.06565427999999], [-8.659598782999979, 42.065188920000026], [-8.660512358000005, 42.06608496199999], [-8.66414054400002, 42.06651829499998], [-8.66445011899998, 42.06741710900002], [-8.667470530000003, 42.067403033000005], [-8.674140365000028, 42.070297488999984], [-8.673853657999985, 42.072099347999995], [-8.675067673000001, 42.07276879099999], [-8.675081133999981, 42.07434416699999], [-8.674482751000028, 42.07502218899998], [-8.676004685999999, 42.07636535099999], [-8.676331828000002, 42.07928961099998], [-8.675727635999976, 42.07929247999999], [-8.675733412, 42.07996764000001], [-8.677249700000004, 42.080635624000024], [-8.677270942999996, 42.08311120899998], [-8.679089438999995, 42.08377773000001], [-8.680292081000005, 42.08309679500002], [-8.68120425699999, 42.083767615], [-8.682408823999992, 42.08331171100002], [-8.683322980000014, 42.084207565999975], [-8.684833572999992, 42.08420028900002], [-8.685445651000009, 42.08509758299999], [-8.688147027000014, 42.083058946999984], [-8.692376604000003, 42.08303834499998], [-8.692058625000016, 42.081239401000005], [-8.69145243600002, 42.081017298000006], [-8.691446491000022, 42.08034214000003], [-8.692348820000007, 42.079887609000025], [-8.691704985000001, 42.075389503999986], [-8.692597315, 42.073809708], [-8.691991197999982, 42.07358760699998], [-8.691979301999993, 42.072237288999986], [-8.68986092099999, 42.07179749300002], [-8.689235101000008, 42.06932484700002], [-8.687724863000028, 42.069332179000014], [-8.684078788000022, 42.066874106], [-8.683153170000026, 42.06462793100002], [-8.683433725999976, 42.06215088800002], [-8.682827748000022, 42.061928738999995], [-8.683422016000009, 42.06080056600001], [-8.681300186999977, 42.05991050099999], [-8.680078594999998, 42.05834090500002], [-8.680676762000019, 42.05766285300001], [-8.680363127000021, 42.05631397399998], [-8.683369332999973, 42.054724109999995], [-8.683059555, 42.05382534500001], [-8.684559652000019, 42.05269280700003], [-8.683038108999995, 42.051349749999986], [-8.683030310999982, 42.050449533999995], [-8.684234237999988, 42.04999361300003], [-8.684512739000013, 42.04729150700001], [-8.683289364000018, 42.04549688700001], [-8.683879569999988, 42.043918599999984], [-8.68236409299999, 42.043250693999994], [-8.682042715000023, 42.04100159699999], [-8.681133090000003, 42.04055582900003], [-8.680198276999988, 42.03718434199999], [-8.67928871800001, 42.036738559000014], [-8.679267433000007, 42.034262953999985], [-8.679865386000017, 42.033584905], [-8.679515116000005, 42.027959968000005], [-8.67708488400001, 42.02617103099999], [-8.676144738000005, 42.022124330999986], [-8.676133201000027, 42.02077399699999], [-8.677036729999998, 42.020544640000026], [-8.678228557000011, 42.01873845], [-8.678814787000022, 42.01671007099998], [-8.678197680999972, 42.015137557], [-8.679700833000027, 42.014455192000014], [-8.679679550000003, 42.01197957699998], [-8.680579066000007, 42.011300081], [-8.683296971000004, 42.01151211199999], [-8.683275551000008, 42.00903649700001], [-8.682368320000023, 42.00881579000003], [-8.682956273999991, 42.007012444], [-8.680840128, 42.00657246100002], [-8.678708565000022, 42.00433198899998], [-8.679310113999975, 42.00410405399998], [-8.679300452000007, 42.002978772000006], [-8.680203715999994, 42.002749392], [-8.680197910000004, 42.00207422300002], [-8.681397068000024, 42.001168221], [-8.681681325999989, 41.99914126800002], [-8.682582583999988, 41.998686813999996], [-8.682265330000007, 41.996887809999976], [-8.684061912999994, 41.99530371499998], [-8.687076923000006, 41.99506409600002], [-8.68736293400002, 41.99326218499999], [-8.688861540000005, 41.992129589], [-8.688841884999988, 41.98987902599998], [-8.684585336999987, 41.98607348799999], [-8.683680376999973, 41.98607784400002], [-8.684571688000005, 41.984498089], [-8.683055681999974, 41.983605117000025], [-8.683044016999986, 41.98225477400001], [-8.68212940799998, 41.98113383200001], [-8.682417444999999, 41.979556984], [-8.68361420299999, 41.978425902000026], [-8.683596690000002, 41.97640038600002], [-8.682078955000009, 41.97528233899999], [-8.681462187000022, 41.97370982699999], [-8.675111474999994, 41.97171446200002], [-8.67146963099998, 41.96903083699999], [-8.671452514999999, 41.96700531099998], [-8.669633642000008, 41.965888517999986], [-8.66991813200002, 41.96386157799998], [-8.667492501000027, 41.96229746199998], [-8.666864893000024, 41.95937451399999], [-8.666576555999995, 41.96095133199998], [-8.664186771999994, 41.963663259999976], [-8.665102704999981, 41.965009407000025], [-8.664810541000008, 41.966136103], [-8.663905853000017, 41.96614030400002], [-8.663920856000004, 41.96794077300001], [-8.663018016000024, 41.968170025999996], [-8.662765100000001, 41.974022945], [-8.663971499000013, 41.97401735400001], [-8.666399368999976, 41.97580659900001], [-8.666107178999994, 41.97693329600003], [-8.66792063600002, 41.97737496600001], [-8.674600148000025, 41.982520093999995], [-8.674961169000028, 41.989495444], [-8.675566426999978, 41.989717643999995], [-8.675282013000015, 41.99174458700003], [-8.676190894000001, 41.99219040999998], [-8.676196656999991, 41.99286558099999], [-8.674086768999985, 41.99310063899998], [-8.67015533099999, 41.991993826], [-8.670170525999993, 41.99379428399999], [-8.669567142000005, 41.99379711500001], [-8.666833033999978, 41.991559241999994], [-8.662611361000017, 41.991803925], [-8.661421444999974, 41.993835021999985], [-8.661430788000018, 41.99496030900002], [-8.66264319999999, 41.99562990200002], [-8.662660057999972, 41.99765541800002], [-8.664481600999977, 41.998997368000005], [-8.665096327000015, 42.00034490600001], [-8.664502278999976, 42.00147299600002], [-8.661784850000004, 42.001260521000006], [-8.660283670000013, 42.002167713000006], [-8.659994987999994, 42.00374450300001], [-8.656377813999995, 42.00421123799998], [-8.656699936999985, 42.00668548599998], [-8.655498469000008, 42.007366176000005], [-8.654324648999989, 42.01142271100002], [-8.653426686999978, 42.01232706000002], [-8.65254341299999, 42.015031858999976], [-8.651641703999985, 42.015486081000006], [-8.653159888000005, 42.016604513999994], [-8.653791144000024, 42.019977618999974], [-8.653200403000028, 42.02155576199999], [-8.648102204999986, 42.02563000700002], [-8.647196670000028, 42.025634083], [-8.646905747000005, 42.02698577899997], [-8.646005643000024, 42.027665016000014], [-8.636026614999992, 42.02545870099999], [-8.633615404000011, 42.025919413999986], [-8.632116778000011, 42.027276355000026], [-8.627588967999998, 42.02729603400002], [-8.624277274000008, 42.02843564], [-8.621876252999982, 42.03024645300002], [-8.62158131000001, 42.031147972999975], [-8.619775248999986, 42.03183087299999], [-8.615845725999975, 42.031172346000005], [-8.611324410000009, 42.032091616], [-8.608595713, 42.030527549], [-8.604973270000016, 42.03054256600001], [-8.602850183999976, 42.02920092400001], [-8.601340863000019, 42.02920711899998], [-8.599816648000001, 42.027187771], [-8.599800104999986, 42.024937188000024], [-8.598592726999982, 42.02494211300001], [-8.596468327000025, 42.02337528999999], [-8.594959141999993, 42.023381400999995], [-8.593443433999994, 42.02248725499999], [-8.592221467000002, 42.02046658199998], [-8.591014180999991, 42.02047142499998], [-8.588315528999999, 42.02295792199999], [-8.58741003199998, 42.02296152299999], [-8.58500817800001, 42.02477156499998], [-8.583198723999999, 42.025003767999976], [-8.582304345000011, 42.026582743000006], [-8.581098531999999, 42.02681253899999], [-8.579315905999977, 42.030870682], [-8.575691887999994, 42.030659705000005], [-8.57449223499998, 42.03178966899998], [-8.569967205000012, 42.032257184], [-8.569996644000014, 42.03653330700001], [-8.566081187000009, 42.03789859699998], [-8.565187734999995, 42.039702498], [-8.562171648999993, 42.040163990999986], [-8.563385415000027, 42.04105968699997], [-8.563696499000002, 42.04240890400001], [-8.563095696999994, 42.04286129500002], [-8.564309528000024, 42.043756981], [-8.564314118000027, 42.044432158000006], [-8.563711775000002, 42.04465949299998], [-8.564022883999996, 42.046008710000024], [-8.563120105999985, 42.04646224200002], [-8.563139939999985, 42.04938801700001], [-8.564048876000015, 42.049834723000004], [-8.564056521999987, 42.05096001999999], [-8.561953408000022, 42.05254338999998], [-8.561347941000008, 42.052320596000015], [-8.561032301000012, 42.05029619099997], [-8.56012641000001, 42.05029958099999], [-8.558305576999999, 42.04895597900003], [-8.557386156000007, 42.046933807000016], [-8.551043771000025, 42.04673212], [-8.54801841599999, 42.04584289600001], [-8.544682447000014, 42.043604328000015], [-8.54136119399999, 42.043616258999975], [-8.541981014999976, 42.046089756000015], [-8.540771794000023, 42.04586901699997], [-8.540182351999988, 42.04812178100002], [-8.540503098999977, 42.051046493], [-8.544123790000015, 42.050583374999974], [-8.547753253999986, 42.051470505], [-8.548059641000009, 42.052144587999976], [-8.552883749999978, 42.051001618999976], [-8.555005004999998, 42.05211913199997], [-8.555013988999974, 42.05346949199998]]]}}, {"type": "Feature", "properties": {"name": "Rio Coura", "subBasin": "Minho", "basin": "PT01_MINHO", "code": "PT01MIN0015"}, "geometry": {"type": "Polygon", "coordinates": [[[-8.555080534000012, 41.98126762300001], [-8.557859819999976, 41.98233816999999], [-8.55815093199999, 41.980761616999985], [-8.55875420000001, 41.98075937099998], [-8.557541656000012, 41.97986361300002], [-8.557525134000002, 41.97738793299999], [-8.564670046000003, 41.97195955699999], [-8.565592313000025, 41.966104314000006], [-8.568529190999982, 41.96294221599999], [-8.568878691000009, 41.961590478999995], [-8.569481777000021, 41.961588178], [-8.572717022999996, 41.958018494999976], [-8.57240307799998, 41.956219153000006], [-8.566955819999976, 41.953314073], [-8.566951222, 41.95263888400001], [-8.569049415999984, 41.95083033999998], [-8.569338585000025, 41.94902868499997], [-8.567520467000008, 41.947685197], [-8.566314551000005, 41.947689776000004], [-8.566308430999982, 41.94678952300001], [-8.565400956000019, 41.94634282300001], [-8.56568867599998, 41.94431610999999], [-8.564172229999997, 41.94297142400001], [-8.563248111999997, 41.940049004], [-8.562039309999989, 41.93960341100001], [-8.566239596999992, 41.93666165399998], [-8.567722177000007, 41.933054907999974], [-8.570719283000017, 41.93056770200002], [-8.569505991000028, 41.929446988999985], [-8.569762690000005, 41.92291898000002], [-8.568838616999983, 41.91999659200002], [-8.569129197999985, 41.91841998699999], [-8.567610222999974, 41.916625211999985], [-8.565499370999987, 41.916408151999974], [-8.564876907999974, 41.91348458800002], [-8.560355629000014, 41.913276516999986], [-8.559746976999975, 41.91237850900001], [-8.559734936999973, 41.91057798600002], [-8.560932604000016, 41.909448155999996], [-8.564242331999992, 41.90876050200001], [-8.564534496000022, 41.907408971999985], [-8.563018949000025, 41.906064259000004], [-8.561815329000012, 41.906293851999976], [-8.561509506999982, 41.90561979], [-8.560000097, 41.90517529599998], [-8.55697085700001, 41.90271079600001], [-8.55786118399999, 41.90068185199999], [-8.560860194999975, 41.89864503299998], [-8.560848136999994, 41.89684451599999], [-8.56054237799998, 41.89617045], [-8.557828255999993, 41.89573043299998], [-8.558116010999981, 41.89370372899998], [-8.556005948999996, 41.893486494], [-8.553886999999975, 41.89191882799997], [-8.555079976999991, 41.89011386200002], [-8.55507105800001, 41.88876347299998], [-8.552345472000013, 41.88652280500003], [-8.54842705499999, 41.886086981000005], [-8.547783786000025, 41.879787342999975], [-8.548981099000002, 41.87865763399998], [-8.546566043999974, 41.877766119], [-8.546859907999988, 41.87663970199998], [-8.544741751999993, 41.875071859], [-8.544718565999972, 41.87147080599999], [-8.54290606799998, 41.87057704], [-8.544696832999989, 41.868094817999975], [-8.544387040999993, 41.86674550800001], [-8.545287433999988, 41.866292117], [-8.544974740999976, 41.86449267500001], [-8.54406858599998, 41.864046363], [-8.544363878000013, 41.863144449], [-8.541054857999995, 41.863607022999986], [-8.538932988, 41.86136330800002], [-8.535624012000028, 41.861825162], [-8.535016208999991, 41.860927581], [-8.529301427999997, 41.861847275], [-8.527482485000007, 41.859828494], [-8.527168942999992, 41.857803932000024], [-8.526872035999986, 41.85847960900003], [-8.525065677999976, 41.858485825], [-8.524470446999999, 41.859613787], [-8.523266186, 41.85961790800002], [-8.520872670000017, 41.86210184800001], [-8.518462695999972, 41.86188437499999], [-8.518172461000006, 41.863686488999974], [-8.519382233999977, 41.86458212299999], [-8.521489857999995, 41.864574972000014], [-8.520897230000003, 41.866152484], [-8.519394471999988, 41.866608284999984], [-8.517597350000017, 41.868189848999975], [-8.516090474999999, 41.867969844000015], [-8.515181779999978, 41.867072604999976], [-8.512779650000027, 41.86820541399999], [-8.513100818999987, 41.87158040899999], [-8.51491427100001, 41.872699711999985], [-8.51493308800002, 41.87585063900002], [-8.513134260000015, 41.87720706800002], [-8.510124098999995, 41.87744212199999], [-8.510129409000001, 41.878342386999975], [-8.507725446999984, 41.87925058299999], [-8.506533961999992, 41.88150519300001], [-8.50533190599998, 41.88195926100002], [-8.505337149000013, 41.882859525000015], [-8.504137672000013, 41.88376371200002], [-8.502030712000021, 41.883995614000014], [-8.500832460000026, 41.885124831999974], [-8.49812178000002, 41.88513353600001], [-8.498442264000005, 41.888508564000006], [-8.496645290000004, 41.89031486599998], [-8.49424068799999, 41.891222782], [-8.492747280999993, 41.89347820199998], [-8.492751081999984, 41.89415340199997], [-8.493959812000014, 41.89482479399999], [-8.493967440000006, 41.89617519000001], [-8.493066258999988, 41.89662817499999], [-8.49247137399999, 41.89798047400001], [-8.490065164999976, 41.898663236000004], [-8.488272687000006, 41.901369671], [-8.487070130000006, 41.90182354900003], [-8.48768768399998, 41.904522488], [-8.48708512799999, 41.90452435899999], [-8.487093877999996, 41.90609982900003], [-8.488301528000022, 41.90654621800002], [-8.489805445999991, 41.906091382], [-8.490716877000011, 41.90743895600002], [-8.490720665000026, 41.90811415799999], [-8.489219220999985, 41.90901913900001], [-8.489226766000002, 41.91036954100002], [-8.487725249999983, 41.911274503000016], [-8.490440822999972, 41.91194124200001], [-8.48985709599998, 41.91531913199998], [-8.492885633000014, 41.91801046799998], [-8.493194603999996, 41.91935991700001], [-8.491994284999976, 41.92026398500002], [-8.49230325100001, 41.921613433999994], [-8.491703067999993, 41.922065463000024], [-8.493223863000026, 41.92453644699998], [-8.495937497, 41.924752918000024], [-8.496246564999979, 41.92610235500001], [-8.499583750999989, 41.929917878000026], [-8.501092035999989, 41.930138091], [-8.501088134999975, 41.92946289399998], [-8.501991015999977, 41.92923490499999], [-8.501696134999975, 41.930361213000026], [-8.503207053999972, 41.93103153200002], [-8.502910879000012, 41.93193277300003], [-8.503829506999978, 41.934405562999984], [-8.505037808999987, 41.93485177100001], [-8.505352387000016, 41.937101444999996], [-8.506563389999997, 41.93799776899999], [-8.502049681000017, 41.93936286799999], [-8.500558060000003, 41.942068518999974], [-8.50057624599998, 41.945219436], [-8.499371662999977, 41.945448381000006], [-8.49847371200002, 41.94657660799999], [-8.498179981000021, 41.94792796399997], [-8.496979195999984, 41.948832079], [-8.496686710999995, 41.95040849999998], [-8.495185640999978, 41.951538621], [-8.495193323000024, 41.95288901399999], [-8.492188424999995, 41.954699069000014], [-8.491895795000005, 41.956275473999995], [-8.488292612999999, 41.95898758499999], [-8.488296386000002, 41.95966334299999], [-8.490429896000023, 41.96370791999999], [-8.490147293000007, 41.967084837000016], [-8.491658958000016, 41.967754738], [-8.492268464000006, 41.968878163], [-8.493470966000018, 41.96819972399999], [-8.497997215999987, 41.96863490300001], [-8.498287171000015, 41.96660891900001], [-8.49949214999998, 41.96637942199999], [-8.503432205000024, 41.96974329300002], [-8.505839599000012, 41.968834619999996], [-8.508855402999984, 41.968824730999984], [-8.509762809999984, 41.96927187699998], [-8.509769472000016, 41.97039719700001], [-8.510678244000019, 41.97106996299999], [-8.51640710800001, 41.9708258], [-8.517003495999973, 41.969698451], [-8.519716387000017, 41.96946422799999], [-8.52213042400001, 41.96968109400001], [-8.523343657999987, 41.97080229699998], [-8.524851603999991, 41.97079713300002], [-8.529388046999998, 41.97280652699999], [-8.531799423999985, 41.97257362800002], [-8.532398379000028, 41.971895765], [-8.533907767000017, 41.97211610900001], [-8.536027475000026, 41.973458498000014], [-8.536639244000014, 41.97480674500002], [-8.540568783000026, 41.97614319899998], [-8.545116300000018, 41.979728533000014], [-8.548131134000016, 41.979492547999996], [-8.548738797999988, 41.980164979999984], [-8.555080534000012, 41.98126762300001]]]}}, {"type": "Feature", "properties": {"name": "Rio Minho", "subBasin": "Minho", "basin": "PT01_MINHO", "code": "PT01MIN0016I"}, "geometry": {"type": "Polygon", "coordinates": [[[-8.786437953000018, 42.03415183499999], [-8.788246867999987, 42.03391644200002], [-8.788539464999985, 42.033014509], [-8.78762691899999, 42.032344529], [-8.787603769999976, 42.03009401100002], [-8.78669127500001, 42.02942402399998], [-8.786672782999972, 42.027623608], [-8.785755716999972, 42.02650350900001], [-8.786018298999977, 42.02267590299999], [-8.78238040299999, 42.021121118999986], [-8.782343669999989, 42.017520280999975], [-8.776881769999989, 42.014625250999984], [-8.776552686000002, 42.011926313000004], [-8.778962266999997, 42.01146262200001], [-8.781652943999973, 42.00897169799998], [-8.784658972999978, 42.00782931100002], [-8.784935379999979, 42.00535201299999], [-8.785833669999988, 42.00467170000002], [-8.785193325000023, 42.00107429100001], [-8.786390960000006, 42.000167202], [-8.786975901000005, 41.998363333999976], [-8.78877917699998, 41.99767782700002], [-8.789361711000026, 41.99564889300001], [-8.790561509999975, 41.99496681400001], [-8.790245890999984, 41.993618226000024], [-8.791146287999993, 41.99316292399999], [-8.792329720999987, 41.99090545299998], [-8.793531730999973, 41.99044839599998], [-8.793503740000006, 41.98774775700002], [-8.795009672999981, 41.98751399899999], [-8.794390018000001, 41.98594210900001], [-8.794672975000026, 41.984139938], [-8.796770376999973, 41.98277740100002], [-8.79735253199999, 41.98074841900001], [-8.79945447199998, 41.97983593999999], [-8.800340480999978, 41.978030241], [-8.801841442000011, 41.977346286], [-8.801810761000013, 41.97442058399997], [-8.801200503000018, 41.973748941], [-8.802095826000027, 41.97284344399998], [-8.802058056000021, 41.969242576], [-8.804154820999997, 41.96787990199999], [-8.804145351999978, 41.96697968500001], [-8.805042909999997, 41.96629921800002], [-8.80502631600001, 41.964723838], [-8.805923833000008, 41.96404336500001], [-8.804997868999976, 41.962023187], [-8.804969426000014, 41.959322536], [-8.807958450000001, 41.95682920799999], [-8.80976511900002, 41.95659347899999], [-8.810026042000004, 41.95276577200002], [-8.809411136999984, 41.951644063], [-8.810897051999973, 41.949609658999975], [-8.810870764000015, 41.94713405700003], [-8.809648211000024, 41.945565805], [-8.807829955999978, 41.944676258000015], [-8.807196155999975, 41.941754092], [-8.80658140700001, 41.94063236400001], [-8.805674736000014, 41.940412623999975], [-8.806256244999986, 41.93838358300002], [-8.805634434000012, 41.936586681999984], [-8.804117898000015, 41.935695302], [-8.802005663999978, 41.93548259200003], [-8.800482145999979, 41.933915995999996], [-8.79715969099999, 41.933260107000024], [-8.795636344000002, 41.93169344500001], [-8.794129380000015, 41.93170215499998], [-8.792005693000021, 41.93036397999998], [-8.791954610999994, 41.925413064], [-8.793449011999996, 41.924279093999985], [-8.793129080000028, 41.92248036299998], [-8.790092491999985, 41.920247114000006], [-8.786416676999977, 41.914416277999976], [-8.779128817000014, 41.908830647], [-8.777923666999982, 41.90883744299998], [-8.776100085999985, 41.907272207999995], [-8.772801406999974, 41.908866191000016], [-8.770391460999974, 41.90887964199999], [-8.770083440000008, 41.90820614400002], [-8.767670912000028, 41.90799448299998], [-8.758641151000006, 41.90894450899998], [-8.754709041000012, 41.907390451000026], [-8.753202622999993, 41.907398629], [-8.753198252999994, 41.90694851000001], [-8.751095814999985, 41.90763510400001], [-8.749585045999993, 41.90719311800001], [-8.745375711999998, 41.90811602299999], [-8.741779564000012, 41.91016085299998], [-8.733941589999972, 41.90975218599999], [-8.733351690000006, 41.911105623000026], [-8.73244989699998, 41.91133551399997], [-8.727629064999974, 41.91136067899998], [-8.725547095000024, 41.91429740799998], [-8.724984102000008, 41.918576538000025], [-8.723725592999983, 41.91903332200002], [-8.715944005999972, 41.91862311199998], [-8.712951077000014, 41.920889042], [-8.712047034000022, 41.92089362399997], [-8.710853886999985, 41.92225007299999], [-8.707541096, 41.92249178999998], [-8.705743106, 41.923626137999975], [-8.70515250599999, 41.924979509000025], [-8.703059098999972, 41.92679048000002], [-8.703027763000023, 41.92971651200003], [-8.701848283999993, 41.93264824300002], [-8.694363065000005, 41.93178486400001], [-8.688597316000028, 41.92731159499999], [-8.686791034999999, 41.92754540499999], [-8.682898446000024, 41.93049002700002], [-8.681988457999978, 41.92981918700002], [-8.677465757999983, 41.92961569200003], [-8.674737968999978, 41.927828077000015], [-8.67232696000002, 41.927839447999986], [-8.672037025999998, 41.92919121800003], [-8.666632816999993, 41.931692285999986], [-8.66636160600001, 41.93529463099998], [-8.665762540000003, 41.935747556000024], [-8.665805897999974, 41.94092390399999], [-8.667635376000021, 41.943391109000004], [-8.667644837000012, 41.9445164], [-8.669766460000005, 41.94585686900001], [-8.66978730599999, 41.94833252000001], [-8.670394061000025, 41.94877980799998], [-8.670401649999974, 41.94968004399999], [-8.668903682000007, 41.950812410000026], [-8.668321494999986, 41.95329088099999], [-8.667720378000013, 41.95351876000001], [-8.668344183999977, 41.95599158800002], [-8.66744341399999, 41.95644593399999], [-8.667153215999974, 41.957797696], [-8.667492501000027, 41.96229746199998], [-8.66991813200002, 41.96386157799998], [-8.669633642000008, 41.965888517999986], [-8.671452514999999, 41.96700531099998], [-8.67146963099998, 41.96903083699999], [-8.675111474999994, 41.97171446200002], [-8.681765718999998, 41.973933439999996], [-8.682078955000009, 41.97528233899999], [-8.683596690000002, 41.97640038600002], [-8.68361420299999, 41.978425902000026], [-8.682417444999999, 41.979556984], [-8.68212940799998, 41.98113383200001], [-8.683044016999986, 41.98225477400001], [-8.683055681999974, 41.983605117000025], [-8.684571688000005, 41.984498089], [-8.683680376999973, 41.98607784400002], [-8.684585336999987, 41.98607348799999], [-8.686710611000024, 41.98763869200002], [-8.688845816000025, 41.99032913799999], [-8.691872427000021, 41.99143973299999], [-8.693682490000015, 41.991430885], [-8.696415515000012, 41.99344306199998], [-8.697366482000007, 41.99861488900001], [-8.702501610000013, 41.999264659999994], [-8.703113105, 42.00016187900002], [-8.70522513200001, 42.00015134300003], [-8.705239301000006, 42.00172672999997], [-8.708258591000003, 42.001936666000006], [-8.710358417999998, 42.00057570600001], [-8.710949590999974, 41.99922233199999], [-8.713654738000002, 41.99808331999998], [-8.713644467999984, 41.996958044999985], [-8.715444380999998, 41.99582357600002], [-8.715429960999984, 41.994248191], [-8.714520778999997, 41.99380267999999], [-8.714454976000013, 41.98660091099998], [-8.71384550900001, 41.98592880699999], [-8.714444695999987, 41.98547563400001], [-8.714727829000026, 41.98344860399999], [-8.714101947000017, 41.980976055999975], [-8.715308454000024, 41.98096992699999], [-8.71592201300001, 41.982092135000016], [-8.719868130000009, 41.984772770000006], [-8.721981722999999, 41.98498698499998], [-8.723502476000021, 41.986329548000015], [-8.724709082000004, 41.98632331900001], [-8.724719542000003, 41.98744859499999], [-8.726232020999987, 41.987890902000004], [-8.726845835999995, 41.98901304899999], [-8.726864735999982, 41.991038543], [-8.729873027999986, 41.99012263999998], [-8.729868807000003, 41.98967253000001], [-8.731685158000005, 41.99033824700001], [-8.731999538000025, 41.99168699699999], [-8.730811856999992, 41.99371879400002], [-8.735035460999995, 41.993696666999995], [-8.735632441000007, 41.993018329999984], [-8.737442536999993, 41.993008789999976], [-8.738052320000008, 41.993680767], [-8.739560747999974, 41.99367278699998], [-8.740179146999992, 41.99524496999999], [-8.743499927000016, 41.99545238100001], [-8.741088526999988, 41.995690276000005], [-8.741125083999975, 41.99951619699999], [-8.74023497799999, 42.001096378], [-8.742967717999989, 42.00288237900003], [-8.743015182000022, 42.00783356400001], [-8.74515126, 42.010297885], [-8.745166416000018, 42.011873261000005], [-8.746078233999981, 42.01254357900001], [-8.747587103, 42.01253549299997], [-8.750939397000025, 42.01589343400002], [-8.750685680000004, 42.02084623100001], [-8.751595495000004, 42.021291452000014], [-8.75222541300002, 42.02398882599999], [-8.753437110999982, 42.02443240100001], [-8.754360184999996, 42.02622791700003], [-8.755878184999972, 42.027119933999984], [-8.755924471000014, 42.031846040999994], [-8.756830060000027, 42.03184111500002], [-8.758654523000018, 42.03318155699998], [-8.760749840000017, 42.03136957999999], [-8.76165542199999, 42.03136461600002], [-8.762569913999982, 42.03225985400002], [-8.764682968999978, 42.032248227000025], [-8.767719580000005, 42.034031965], [-8.769828184999994, 42.033570138000016], [-8.770715747999986, 42.031764684999985], [-8.774033959999997, 42.031521107], [-8.774932729999989, 42.03084088100002], [-8.774939542000027, 42.03151603800001], [-8.776455671999997, 42.03218272999999], [-8.784011460999977, 42.03304031900001], [-8.786437953000018, 42.03415183499999]]]}}, {"type": "Feature", "properties": {"name": "Rio Coura", "subBasin": "Minho", "basin": "PT01_MINHO", "code": "PT01MIN0017"}, "geometry": {"type": "Polygon", "coordinates": [[[-8.583952666000016, 41.96108189400002], [-8.59088648300002, 41.96082927600003], [-8.591183161000004, 41.960152886], [-8.594198532000007, 41.960140764000016], [-8.595409587000006, 41.96081107600003], [-8.596004479999976, 41.95968333100001], [-8.598411821000013, 41.958998356999984], [-8.599578349000012, 41.953591983000024], [-8.601387385999999, 41.95358458800001], [-8.604685603000007, 41.95109528900002], [-8.606157945000007, 41.94636278399997], [-8.607956698999999, 41.94500492200001], [-8.610065265999992, 41.94477108000001], [-8.611264355000003, 41.943865802000005], [-8.611555661000011, 41.94251417800001], [-8.616980124999998, 41.94226628000001], [-8.616974991000006, 41.94159109899999], [-8.619386588999987, 41.94158086599998], [-8.620284045999995, 41.940676774999986], [-8.622075424000002, 41.93841844899998], [-8.62085416299999, 41.936398054999984], [-8.621753253999998, 41.93571901199999], [-8.621682652999993, 41.93396243199999], [-8.622883107000007, 41.93328209700002], [-8.622876195999993, 41.932381838000026], [-8.621665416999974, 41.93171180500002], [-8.621651627999995, 41.929911308999976], [-8.62255234700001, 41.929457313], [-8.622540261999973, 41.927881877999994], [-8.623141291000024, 41.92765423899999], [-8.623130920999984, 41.92630386500002], [-8.622219905000009, 41.925407474999986], [-8.622209553999994, 41.924057102000006], [-8.623111909999977, 41.923828173000004], [-8.62308426300001, 41.92022716700001], [-8.62247984999999, 41.92000468399999], [-8.622757020999984, 41.91685251000001], [-8.619716278999988, 41.913264347999984], [-8.617011300999991, 41.914176095000016], [-8.616701447000025, 41.91305205499998], [-8.615794117000007, 41.91260574299997], [-8.612478034999981, 41.91239460600002], [-8.611264360999996, 41.911274323999976], [-8.608848916, 41.91060917599998], [-8.60853420799998, 41.908809924000025], [-8.607021061000012, 41.90791590800001], [-8.607011036000017, 41.906565537999995], [-8.607906517000004, 41.905436468999994], [-8.606992660999992, 41.904089822], [-8.606960926, 41.89981361399998], [-8.605140122000023, 41.898020581000026], [-8.604517709999982, 41.895322299999975], [-8.605714293000005, 41.89419201700002], [-8.604199882999978, 41.89307290199997], [-8.59727183299998, 41.89310123299998], [-8.596377968000013, 41.89445528700003], [-8.595474290000027, 41.894458945999986], [-8.593961664000005, 41.893564767999976], [-8.589145307000024, 41.894034240999986], [-8.58914209400001, 41.89358410300002], [-8.587331543999994, 41.89314117499998], [-8.586410316000013, 41.89066906599999], [-8.586700334999989, 41.88909241699997], [-8.585780784000008, 41.88684536400001], [-8.585761649000005, 41.884144589000016], [-8.585157701000014, 41.883921910000026], [-8.586631635000003, 41.879414656999984], [-8.586022946000014, 41.878516784], [-8.585385600999984, 41.87356774699998], [-8.584477446999983, 41.872896126], [-8.583860913000024, 41.87087291900002], [-8.573607445999983, 41.86866220100001], [-8.571802348000006, 41.868894216], [-8.570003398999972, 41.870026465000024], [-8.565787817, 41.87004251000002], [-8.564890563999995, 41.87094675200001], [-8.561883911999985, 41.87163272599997], [-8.56126961199999, 41.869835029], [-8.556444367999973, 41.868727095], [-8.555831736000016, 41.86715386399999], [-8.55281482700002, 41.866264704], [-8.550090293999972, 41.864024535], [-8.544672201000026, 41.864268693999975], [-8.545287433999988, 41.866292117], [-8.544387040999993, 41.86674550800001], [-8.544696832999989, 41.868094817999975], [-8.54290606799998, 41.87057704], [-8.544718565999972, 41.87147080599999], [-8.544741751999993, 41.875071859], [-8.546859907999988, 41.87663970199998], [-8.546566043999974, 41.877766119], [-8.548981099000002, 41.87865763399998], [-8.547783786000025, 41.879787342999975], [-8.54842705499999, 41.886086981000005], [-8.552345472000013, 41.88652280500003], [-8.55507105800001, 41.88876347299998], [-8.555079976999991, 41.89011386200002], [-8.553886999999975, 41.89191882799997], [-8.556005948999996, 41.893486494], [-8.558116010999981, 41.89370372899998], [-8.557828255999993, 41.89573043299998], [-8.56054237799998, 41.89617045], [-8.560848136999994, 41.89684451599999], [-8.560860194999975, 41.89864503299998], [-8.55786118399999, 41.90068185199999], [-8.55697085700001, 41.90271079600001], [-8.560000097, 41.90517529599998], [-8.561509506999982, 41.90561979], [-8.561815329000012, 41.906293851999976], [-8.563018949000025, 41.906064259000004], [-8.564534496000022, 41.907408971999985], [-8.564242331999992, 41.90876050200001], [-8.560932604000016, 41.909448155999996], [-8.559734936999973, 41.91057798600002], [-8.559746976999975, 41.91237850900001], [-8.560355629000014, 41.913276516999986], [-8.564876907999974, 41.91348458800002], [-8.565499370999987, 41.916408151999974], [-8.567610222999974, 41.916625211999985], [-8.569129197999985, 41.91841998699999], [-8.568838616999983, 41.91999659200002], [-8.569762690000005, 41.92291898000002], [-8.569505991000028, 41.929446988999985], [-8.570719283000017, 41.93056770200002], [-8.567722177000007, 41.933054907999974], [-8.566239596999992, 41.93666165399998], [-8.562037796000027, 41.939378347], [-8.563248111999997, 41.940049004], [-8.564172229999997, 41.94297142400001], [-8.56568867599998, 41.94431610999999], [-8.565400956000019, 41.94634282300001], [-8.566308430999982, 41.94678952300001], [-8.566314551000005, 41.947689776000004], [-8.567520467000008, 41.947685197], [-8.569338585000025, 41.94902868499997], [-8.569049415999984, 41.95083033999998], [-8.566951222, 41.95263888400001], [-8.566955819999976, 41.953314073], [-8.57240307799998, 41.956219153000006], [-8.572717022999996, 41.958018494999976], [-8.571818640000004, 41.958922787000006], [-8.580016824999973, 41.958846669000025], [-8.583952666000016, 41.96108189400002]]]}}, {"type": "Feature", "properties": {"name": "Minho-WB2", "subBasin": "Minho", "basin": "PT01_MINHO", "code": "PT01MIN0018"}, "geometry": {"type": "Polygon", "coordinates": [[[-8.802005663999978, 41.93548259200003], [-8.804117898000015, 41.935695302], [-8.804110803000015, 41.935020135], [-8.805010290999974, 41.934564721000015], [-8.804998450000028, 41.933439443], [-8.805895538000016, 41.932758966999984], [-8.808297197000002, 41.93184455099998], [-8.80887855100002, 41.929815495000014], [-8.81068923700002, 41.930029863000016], [-8.811885206, 41.929122500999995], [-8.812169836999999, 41.92754532499998], [-8.814858163999986, 41.92527865599999], [-8.814850959000012, 41.92460348899999], [-8.81665429100002, 41.92414259999998], [-8.817845240999986, 41.92278506600002], [-8.820545276000018, 41.92164354099998], [-8.822324209999977, 41.91893200700002], [-8.82442865600001, 41.91846918300001], [-8.824421352999991, 41.917794017000006], [-8.825915783000028, 41.916659634999974], [-8.826474478000023, 41.91260498499997], [-8.829186187000005, 41.91258853800002], [-8.831915115000015, 41.914147415], [-8.833419183999979, 41.91391316099998], [-8.834330507999994, 41.914582799000016], [-8.83435272700001, 41.91660829699998], [-8.835264096999992, 41.91727792699999], [-8.835281404, 41.91885331399999], [-8.839208618999976, 41.919729460999974], [-8.84013502099998, 41.921749380999984], [-8.839549748000024, 41.92332848299998], [-8.841676657999983, 41.92489084099998], [-8.842578229000026, 41.92466019300002], [-8.842912076000005, 41.927584034999995], [-8.844431444000008, 41.928699963999975], [-8.84744518299999, 41.92868121599997], [-8.847138781000012, 41.92823298500002], [-8.848037862000012, 41.92777723900002], [-8.855569534999972, 41.927504942999974], [-8.855858179999984, 41.92637777300001], [-8.860352997999996, 41.924098646000004], [-8.861543014999995, 41.92274066900001], [-8.871791916000006, 41.92312621299999], [-8.871477599999992, 41.922002874999976], [-8.87265953299999, 41.919969623999975], [-8.872646529000008, 41.91884435399999], [-8.869916493000005, 41.91728641899999], [-8.869906129000015, 41.916386198], [-8.868085340999983, 41.91527252200001], [-8.86774270799998, 41.91167355699997], [-8.866836267999986, 41.91145428499999], [-8.867727210999988, 41.91032322900003], [-8.866789840000024, 41.90740328800001], [-8.867685892999987, 41.90672234200002], [-8.866462793999972, 41.905154665], [-8.865821649999987, 41.901782669], [-8.865795873000025, 41.89953212900002], [-8.867286535999995, 41.89817217500001], [-8.867268454999987, 41.896596789], [-8.868764183999986, 41.89568692900002], [-8.869636728999978, 41.89298047400001], [-8.86513725399999, 41.89462864500001], [-8.862452037000025, 41.89689645499999], [-8.860644723000007, 41.89690792599998], [-8.858850175999976, 41.89804464600002], [-8.856736511000008, 41.897607850999975], [-8.854043262000005, 41.89920029899997], [-8.851030958000024, 41.899219182000024], [-8.848275592999983, 41.897194988000024], [-8.841301428999998, 41.875378110999975], [-8.838700731000017, 41.873818615000005], [-8.83874787100001, 41.87809470899998], [-8.837550760999989, 41.87877727699998], [-8.837561526000002, 41.87975534200001], [-8.833174099000018, 41.882018647999985], [-8.827897145000009, 41.88624324699998], [-8.825628377999976, 41.888656228], [-8.824996985999974, 41.890601285], [-8.823524109000005, 41.890610154], [-8.822006030000011, 41.88949391400001], [-8.821384282999986, 41.88769706800002], [-8.818372033999992, 41.88767119900001], [-8.816249361000018, 41.88633342200001], [-8.814141156000005, 41.88634595100001], [-8.812943631999985, 41.887028265000026], [-8.811411507000003, 41.884561537000025], [-8.809296674999985, 41.883942687], [-8.806915833000005, 41.886657559000014], [-8.807259235000004, 41.89066295399999], [-8.80576083599999, 41.89139085199997], [-8.80725447499998, 41.89565846199997], [-8.803398445000028, 41.895906120999996], [-8.802147912999999, 41.89703878300003], [-8.798289376000014, 41.897061252000015], [-8.796440920000009, 41.898647478999976], [-8.791910765000011, 41.897548269000026], [-8.790163131999975, 41.897783387000004], [-8.788312140000016, 41.89914441500002], [-8.786258594999993, 41.898931084000026], [-8.784715613999992, 41.90096552799997], [-8.780868214000009, 41.90211271800001], [-8.779320417000008, 41.90369697199998], [-8.777574802000004, 41.90415696500003], [-8.77608657899998, 41.905965905000016], [-8.77610235100002, 41.90749726600001], [-8.777923666999982, 41.90883744299998], [-8.779128817000014, 41.908830647], [-8.786416676999977, 41.914416277999976], [-8.790092491999985, 41.920247114000006], [-8.793129080000028, 41.92248036299998], [-8.793449011999996, 41.924279093999985], [-8.791954610999994, 41.925413064], [-8.792005693000021, 41.93036397999998], [-8.794129380000015, 41.93170215499998], [-8.795636344000002, 41.93169344500001], [-8.79715969099999, 41.933260107000024], [-8.799573239999972, 41.93347115099999], [-8.802005663999978, 41.93548259200003]]]}}, {"type": "Feature", "properties": {"name": "Minho-WB5", "subBasin": "Minho", "basin": "PT01_MINHO", "code": "PT01MIN0019"}, "geometry": {"type": "Polygon", "coordinates": [[[-8.809841144000018, 41.88389558], [-8.811411507000003, 41.884561537000025], [-8.812943631999985, 41.887028265000026], [-8.814141156000005, 41.88634595100001], [-8.816249361000018, 41.88633342200001], [-8.818372033999992, 41.88767119900001], [-8.821384282999986, 41.88769706800002], [-8.822006030000011, 41.88949391400001], [-8.823524109000005, 41.890610154], [-8.824996985999974, 41.890601285], [-8.825628377999976, 41.888656228], [-8.827897145000009, 41.88624324699998], [-8.833174099000018, 41.882018647999985], [-8.837561526000002, 41.87975534200001], [-8.837550760999989, 41.87877727699998], [-8.83874787100001, 41.87809470899998], [-8.838700731000017, 41.873818615000005], [-8.839890262999972, 41.872460862000025], [-8.838977011999987, 41.871566194000025], [-8.840470091999975, 41.87043164300002], [-8.840159057999983, 41.86953325899998], [-8.841039923999972, 41.867502183], [-8.84129124499998, 41.862999177000006], [-8.839154018999977, 41.86031146099998], [-8.839141614000027, 41.85918617499999], [-8.83580545000001, 41.856955906999985], [-8.835788166999976, 41.85538048699999], [-8.834877688999995, 41.85471084599999], [-8.834510130000012, 41.848636102], [-8.830873673999974, 41.846407527999986], [-8.830852095000012, 41.84442588100001], [-8.830809424999984, 41.845776582999974], [-8.825692731999993, 41.84580756499997], [-8.823597989000007, 41.84694554800001], [-8.823610115999998, 41.848071403000006], [-8.821522510000023, 41.849883971999986], [-8.821845285999984, 41.851907693999976], [-8.818555849999996, 41.853953606999994], [-8.818274072000008, 41.855755310999996], [-8.816479921999985, 41.856891941000015], [-8.815586413999995, 41.85779754599997], [-8.815598401999978, 41.85892227900001], [-8.81440141600001, 41.85960517000001], [-8.814763545000005, 41.870307507999996], [-8.816640475999975, 41.871932120999986], [-8.815980164999985, 41.87232874799997], [-8.815460461999976, 41.87422807299998], [-8.81365376399998, 41.87423879800002], [-8.811560267000004, 41.87560163400002], [-8.811909131999982, 41.88010102599998], [-8.809841144000018, 41.88389558]]]}}, {"type": "Feature", "properties": {"name": "Ribeiro de S\u00e3o Jo\u00e3o", "subBasin": "Minho", "basin": "PT01_MINHO", "code": "PT01MIN0020"}, "geometry": {"type": "Polygon", "coordinates": [[[-8.675183355000001, 41.845043284999974], [-8.676389217000008, 41.84526263800001], [-8.677905656999997, 41.84660587399998], [-8.68031363, 41.84659437900001], [-8.680631957000003, 41.84861907800001], [-8.682746712999972, 41.849508668], [-8.682459226999981, 41.85108557199999], [-8.683377759999985, 41.852882306000026], [-8.68729498800002, 41.85331354300001], [-8.690000317999989, 41.852850260000025], [-8.691214222999974, 41.853969157999984], [-8.69332142799999, 41.85395885899999], [-8.694836463000001, 41.85507679699998], [-8.696040598000025, 41.85507087899998], [-8.697256638999988, 41.856415330000004], [-8.700267053000005, 41.856400447], [-8.700586057999999, 41.85842509700001], [-8.70332160700002, 41.861337462999984], [-8.708742828000027, 41.861535402000015], [-8.70965819700001, 41.86288123200001], [-8.708763069999975, 41.86378546899999], [-8.708492358, 41.86716349699998], [-8.71241878699999, 41.86849357800003], [-8.713025086000016, 41.868941217999975], [-8.713035287000025, 41.870066529999974], [-8.714858295999989, 41.87185787200002], [-8.719075970000006, 41.87206086600003], [-8.718781035999996, 41.87273759599998], [-8.721819152000023, 41.875647964999985], [-8.72452935199999, 41.875633994], [-8.730263470000011, 41.87695465899998], [-8.732063982, 41.87627059699997], [-8.734776314999976, 41.876480883], [-8.735068979999994, 41.87557905400001], [-8.732339824000007, 41.873567708999985], [-8.73262828999998, 41.87221576100001], [-8.730499459999976, 41.869976716999986], [-8.73048054200001, 41.867950596000014], [-8.729573066, 41.86750573500001], [-8.72986365600002, 41.866378293000025], [-8.732266057000004, 41.865691087000016], [-8.734059881000007, 41.864331246999996], [-8.737348372999975, 41.861837561000016], [-8.738832407000018, 41.85957897399999], [-8.74546210699998, 41.860219486999995], [-8.74695446200002, 41.85886105499998], [-8.751472422999996, 41.859061252000004], [-8.752964609000003, 41.857702743000004], [-8.752958078000006, 41.857028119999995], [-8.754461106999997, 41.85679489], [-8.755050073000007, 41.85544125400003], [-8.756847521999987, 41.85453061800001], [-8.756513626000014, 41.85115688600001], [-8.75771109599998, 41.850474577], [-8.75770232100001, 41.84957488499998], [-8.754384661000017, 41.84891715100002], [-8.754059649999988, 41.84644310499999], [-8.750421685999981, 41.84376244499998], [-8.750404327000012, 41.84196137599997], [-8.749187446999997, 41.84061749], [-8.750068673999976, 41.838362555], [-8.74914415699999, 41.83611622799998], [-8.749098713000024, 41.83138989600002], [-8.745474715, 41.83005889200001], [-8.74545105499999, 41.827583188000006], [-8.742143236000004, 41.82782647099998], [-8.73882047799998, 41.826493649999975], [-8.735811456000022, 41.826509531], [-8.734290052999995, 41.82471637200001], [-8.731571499999973, 41.823605794], [-8.731262211, 41.82270711199999], [-8.730359557999975, 41.822711825], [-8.728539617000024, 41.82114578400001], [-8.727636985999993, 41.821150476000014], [-8.726721838000003, 41.81980476299998], [-8.724306565000006, 41.81891640200001], [-8.722804305000011, 41.819149224], [-8.721617358999993, 41.82095649500002], [-8.718008899999973, 41.82120007399999], [-8.716496301000006, 41.82030691900002], [-8.716486056999997, 41.81918159700001], [-8.71406891700002, 41.81806907800001], [-8.710765491000018, 41.81876046000002], [-8.71077360999999, 41.81966127800001], [-8.708374721999974, 41.82057309999999], [-8.707183310999994, 41.821929538000006], [-8.706280665000008, 41.821934062000025], [-8.704764211999986, 41.82059118799998], [-8.70235519900001, 41.82037811599997], [-8.702044333000003, 41.819254288000025], [-8.701141725000014, 41.81925877100002], [-8.700834879000013, 41.81858507099997], [-8.698424009000007, 41.818147427999975], [-8.697511500000019, 41.817026553000005], [-8.697501584999998, 41.815900666000005], [-8.695686603000013, 41.81478423599998], [-8.695656971000005, 41.81140824800002], [-8.692666341999995, 41.813448600000015], [-8.69297898100001, 41.814797527999986], [-8.691478672000017, 41.81525501700003], [-8.689718546999984, 41.82044032800002], [-8.689110947000017, 41.81976862099998], [-8.685795545000019, 41.819108915000015], [-8.68400002200002, 41.82024295299999], [-8.684013568000012, 41.82181841900001], [-8.68341760200002, 41.822497075], [-8.681918970000027, 41.82317893800001], [-8.678910112999972, 41.823193343000014], [-8.678624548000016, 41.82499531000002], [-8.679230193000024, 41.82544312900001], [-8.678335146999984, 41.82634713300001], [-8.678346642999998, 41.82769752500002], [-8.677447745999984, 41.82815195500001], [-8.677463047999993, 41.82995248399999], [-8.678066799000021, 41.830174682000006], [-8.678400294000028, 41.83399935699998], [-8.679630944999985, 41.83714452700002], [-8.678735747000019, 41.83804909899999], [-8.679061661999981, 41.840973510000026], [-8.674869032999993, 41.843469260999996], [-8.675183355000001, 41.845043284999974]]]}}, {"type": "Feature", "properties": {"name": "Rio Coura", "subBasin": "Minho", "basin": "PT01_MINHO", "code": "PT01MIN0021"}, "geometry": {"type": "Polygon", "coordinates": [[[-8.621987514000011, 41.93441127], [-8.624443464000024, 41.93278159800002], [-8.625950503000013, 41.932775112], [-8.625643871000023, 41.93210122900001], [-8.626243192999993, 41.93164850900001], [-8.629863532000002, 41.93208297299998], [-8.630171965999978, 41.93298190500002], [-8.633783559999983, 41.93229094200001], [-8.635880956999983, 41.93070626100001], [-8.63556890000001, 41.929357224], [-8.636765565000019, 41.928226618], [-8.637054480000018, 41.92664986699998], [-8.638561374000005, 41.92664321500001], [-8.638548866000008, 41.92506779199999], [-8.641271984000014, 41.92640613100002], [-8.64308024799999, 41.92639808000001], [-8.645207993999975, 41.92863925199998], [-8.648519614000008, 41.92817423600002], [-8.649131506999993, 41.92929681700002], [-8.653334411999992, 41.92725216399998], [-8.658777821000001, 41.92947796499999], [-8.66029968700002, 41.93127150599997], [-8.664225375000001, 41.932153621], [-8.666636591999975, 41.932142403], [-8.666932326999984, 41.93146582100002], [-8.669637319999993, 41.93055289900002], [-8.672037025999998, 41.92919121800003], [-8.67232696000002, 41.927839447999986], [-8.674737968999978, 41.927828077000015], [-8.677465757999983, 41.92961569200003], [-8.681988457999978, 41.92981918700002], [-8.682898446000024, 41.93049002700002], [-8.686791034999999, 41.92754540499999], [-8.688597316000028, 41.92731159499999], [-8.694363065000005, 41.93178486400001], [-8.701848283999993, 41.93264824300002], [-8.703027763000023, 41.92971651200003], [-8.703059098999972, 41.92679048000002], [-8.70515250599999, 41.924979509000025], [-8.705743106, 41.923626137999975], [-8.707541096, 41.92249178999998], [-8.710853886999985, 41.92225007299999], [-8.712047034000022, 41.92089362399997], [-8.712951077000014, 41.920889042], [-8.715944005999972, 41.91862311199998], [-8.723725592999983, 41.91903332200002], [-8.724984102000008, 41.918576538000025], [-8.725547095000024, 41.91429740799998], [-8.727629064999974, 41.91136067899998], [-8.73244989699998, 41.91133551399997], [-8.733351690000006, 41.911105623000026], [-8.733941589999972, 41.90975218599999], [-8.741779564000012, 41.91016085299998], [-8.745375711999998, 41.90811602299999], [-8.749585045999993, 41.90719311800001], [-8.751095814999985, 41.90763510400001], [-8.752595690000021, 41.90695177600003], [-8.758641151000006, 41.90894450899998], [-8.767670912000028, 41.90799448299998], [-8.770083440000008, 41.90820614400002], [-8.770391460999974, 41.90887964199999], [-8.772801406999974, 41.908866191000016], [-8.77609970399999, 41.907272209999974], [-8.77608657899998, 41.905965905000016], [-8.778172804999997, 41.90370345100001], [-8.779320417000008, 41.90369697199998], [-8.780868214000009, 41.90211271800001], [-8.784715613999992, 41.90096552799997], [-8.786258594999993, 41.898931084000026], [-8.788312140000016, 41.89914441500002], [-8.79106449699998, 41.897553136], [-8.796440920000009, 41.898647478999976], [-8.798289376000014, 41.897061252000015], [-8.802147912999999, 41.89703878300003], [-8.803398445000028, 41.895906120999996], [-8.807311427999991, 41.89561424200002], [-8.805769843000007, 41.89224719399999], [-8.80576083599999, 41.89139085199997], [-8.807259235000004, 41.89066295399999], [-8.806915833000005, 41.886657559000014], [-8.808101528999998, 41.884850003999986], [-8.809841604999974, 41.88393947499998], [-8.810424861000001, 41.88213545399998], [-8.811617537000018, 41.88100303900001], [-8.811560267000004, 41.87560163400002], [-8.81365376399998, 41.87423879800002], [-8.815460461999976, 41.87422807299998], [-8.815980164999985, 41.87232874799997], [-8.816640475999975, 41.871932120999986], [-8.814763545000005, 41.870307507999996], [-8.814747981999972, 41.863878946], [-8.814141059000008, 41.86343240000002], [-8.811151854999991, 41.86547632100002], [-8.811085650999985, 41.86802060100001], [-8.806080888999986, 41.87000706200001], [-8.803053429999977, 41.86844925700001], [-8.801555038999993, 41.86913321100002], [-8.801545637000004, 41.868232976], [-8.799430950999977, 41.86757007599999], [-8.797909135999987, 41.86600340199999], [-8.794898312999976, 41.86602084200001], [-8.793117327999994, 41.86850693100001], [-8.790425968000022, 41.87032299600003], [-8.790435214000013, 41.87122324400002], [-8.788336668999989, 41.87213556199998], [-8.788345886000002, 41.873035802000004], [-8.787139122999974, 41.87281762499998], [-8.78656676899999, 41.87574684499998], [-8.784173751000026, 41.877335985], [-8.784182912000006, 41.87823622299999], [-8.782396627000026, 41.88027202699999], [-8.780003340000007, 41.88186108100001], [-8.780293111999981, 41.880734082000004], [-8.778778262999992, 41.879842345999975], [-8.778712401000007, 41.87331559500001], [-8.77809655499999, 41.871968630000026], [-8.776579679000008, 41.870851792999986], [-8.776568364000013, 41.869726491999984], [-8.775961639999991, 41.86927975499998], [-8.77205183000001, 41.869751785000005], [-8.770236244999978, 41.868861611], [-8.768095064000022, 41.865497405999974], [-8.762930148999999, 41.86079939000001], [-8.760811676999992, 41.85968565000002], [-8.760477537999975, 41.85631137199999], [-8.759264574999975, 41.85541771800001], [-8.757761594999977, 41.85565100000002], [-8.75714635700001, 41.85430391699998], [-8.755050073000007, 41.85544125400003], [-8.754461106999997, 41.85679489], [-8.752958078000006, 41.857028119999995], [-8.752964609000003, 41.857702743000004], [-8.751472422999996, 41.859061252000004], [-8.74695446200002, 41.85886105499998], [-8.74546210699998, 41.860219486999995], [-8.738832407000018, 41.85957897399999], [-8.737348372999975, 41.861837561000016], [-8.734059881000007, 41.864331246999996], [-8.732266057000004, 41.865691087000016], [-8.72986365600002, 41.866378293000025], [-8.729573066, 41.86750573500001], [-8.73048054200001, 41.867950596000014], [-8.730499459999976, 41.869976716999986], [-8.73262828999998, 41.87221576100001], [-8.732339824000007, 41.873567708999985], [-8.735068979999994, 41.87557905400001], [-8.734776314999976, 41.876480883], [-8.732063982, 41.87627059699997], [-8.730263470000011, 41.87695465899998], [-8.72452935199999, 41.875633994], [-8.721819152000023, 41.875647964999985], [-8.718781035999996, 41.87273759599998], [-8.719075970000006, 41.87206086600003], [-8.714858295999989, 41.87185787200002], [-8.713035287000025, 41.870066529999974], [-8.713025086000016, 41.868941217999975], [-8.71241878699999, 41.86849357800003], [-8.708492358, 41.86716349699998], [-8.708763069999975, 41.86378546899999], [-8.70965819700001, 41.86288123200001], [-8.708742828000027, 41.861535402000015], [-8.70332160700002, 41.861337462999984], [-8.700586057999999, 41.85842509700001], [-8.700267053000005, 41.856400447], [-8.697256638999988, 41.856415330000004], [-8.696040598000025, 41.85507087899998], [-8.694836463000001, 41.85507679699998], [-8.69332142799999, 41.85395885899999], [-8.691214222999974, 41.853969157999984], [-8.690000317999989, 41.852850260000025], [-8.68729498800002, 41.85331354300001], [-8.683377759999985, 41.852882306000026], [-8.682459226999981, 41.85108557199999], [-8.682746712999972, 41.849508668], [-8.680631957000003, 41.84861907800001], [-8.68031363, 41.84659437900001], [-8.677905656999997, 41.84660587399998], [-8.676389217000008, 41.84526263800001], [-8.67488236700001, 41.845044712], [-8.673390709999978, 41.846627290000015], [-8.671582844, 41.84641073400002], [-8.670685527999979, 41.847090184000024], [-8.668570997000018, 41.846199798999976], [-8.665579782999998, 41.84846450499998], [-8.663474598999983, 41.84869936199999], [-8.663500713000019, 41.85185026900001], [-8.662300351999988, 41.85230597399999], [-8.662326410999981, 41.85545688100001], [-8.661129690999985, 41.856362703], [-8.659024237999972, 41.85659747300002], [-8.658730590000005, 41.857499124000014], [-8.657827446999988, 41.857503270999985], [-8.657531935999998, 41.85817984099998], [-8.655420903999982, 41.857739356000025], [-8.654807783000024, 41.856391711000015], [-8.653599953000025, 41.85594706699999], [-8.650892407000015, 41.85618442700002], [-8.646396634999974, 41.85868049700002], [-8.645491669000023, 41.85845948100001], [-8.644880551000028, 41.85733684799999], [-8.643977409000001, 41.857340884999985], [-8.642457836999995, 41.85554708500001], [-8.640644458999986, 41.85465485899999], [-8.639141053000003, 41.854886591000025], [-8.636107691999996, 41.85197402599999], [-8.636100613999986, 41.85107376799999], [-8.634894757999973, 41.85085399500002], [-8.633975849000024, 41.84883236500002], [-8.627652929000021, 41.84863481299999], [-8.622217576000025, 41.846407467999995], [-8.619835271, 41.849793724999984], [-8.617736701000013, 41.85092800199999], [-8.617445905000011, 41.852279667000005], [-8.615347207000013, 41.853413898999975], [-8.614755313999979, 41.854766831999996], [-8.612355449000006, 41.85590227199998], [-8.61117145999998, 41.85860809600001], [-8.609674572000017, 41.85973969999998], [-8.609679604999997, 41.86041489600001], [-8.610584469999992, 41.86063618999998], [-8.61029180700001, 41.86176277499999], [-8.607888259999982, 41.862447995000025], [-8.606693959999973, 41.863803373999986], [-8.606106785999998, 41.865831448999984], [-8.600693752999973, 41.86675399400002], [-8.600106358000005, 41.868782044], [-8.600713509000002, 41.86945477199998], [-8.599222736000002, 41.87148650099999], [-8.595311446999972, 41.871952529], [-8.593512831999988, 41.87308515000001], [-8.591406559000006, 41.873318686999994], [-8.586273029999973, 41.87131352], [-8.584165207000012, 41.871321857], [-8.584477446999983, 41.872896126], [-8.585385600999984, 41.87356774699998], [-8.586022946000014, 41.878516784], [-8.586631635000003, 41.879414656999984], [-8.585157701000014, 41.883921910000026], [-8.585761649000005, 41.884144589000016], [-8.585780784000008, 41.88684536400001], [-8.586700334999989, 41.88909241699997], [-8.586410316000013, 41.89066906599999], [-8.587331543999994, 41.89314117499998], [-8.58914209400001, 41.89358410300002], [-8.589145307000024, 41.894034240999986], [-8.593961664000005, 41.893564767999976], [-8.595474290000027, 41.894458945999986], [-8.596377968000013, 41.89445528700003], [-8.59727183299998, 41.89310123299998], [-8.604199882999978, 41.89307290199997], [-8.605714293000005, 41.89419201700002], [-8.604517709999982, 41.895322299999975], [-8.605140122000023, 41.898020581000026], [-8.606960926, 41.89981361399998], [-8.606992660999992, 41.904089822], [-8.607906517000004, 41.905436468999994], [-8.607011036000017, 41.906565537999995], [-8.607021061000012, 41.90791590800001], [-8.60853420799998, 41.908809924000025], [-8.608848916, 41.91060917599998], [-8.611264360999996, 41.911274323999976], [-8.612478034999981, 41.91239460600002], [-8.615794117000007, 41.91260574299997], [-8.616701447000025, 41.91305205499998], [-8.617011300999991, 41.914176095000016], [-8.619716278999988, 41.913264347999984], [-8.620928402000004, 41.914159470000016], [-8.620937002000005, 41.915284790999976], [-8.622450516000015, 41.916178613], [-8.623111909999977, 41.923828173000004], [-8.622209553999994, 41.924057102000006], [-8.622219905000009, 41.925407474999986], [-8.623130920999984, 41.92630386500002], [-8.623141291000024, 41.92765423899999], [-8.622540261999973, 41.927881877999994], [-8.62255234700001, 41.929457313], [-8.621651627999995, 41.929911308999976], [-8.621665416999974, 41.93171180500002], [-8.622876195999993, 41.932381838000026], [-8.622883107000007, 41.93328209700002], [-8.621682652999993, 41.93396243199999], [-8.621987514000011, 41.93441127]]]}}, {"type": "Feature", "properties": {"name": "Rio Tinto", "subBasin": "Minho", "basin": "PT01_MINHO", "code": "PT01MIN0022"}, "geometry": {"type": "Polygon", "coordinates": [[[-8.756845328999987, 41.854305556999975], [-8.757761594999977, 41.85565100000002], [-8.759868848999986, 41.855639483999994], [-8.760477537999975, 41.85631137199999], [-8.760811676999992, 41.85968565000002], [-8.762930148999999, 41.86079939000001], [-8.768095064000022, 41.865497405999974], [-8.770236244999978, 41.868861611], [-8.77205183000001, 41.869751785000005], [-8.775961639999991, 41.86927975499998], [-8.776568364000013, 41.869726491999984], [-8.776579679000008, 41.870851792999986], [-8.77809655499999, 41.871968630000026], [-8.778712401000007, 41.87331559500001], [-8.778778262999992, 41.879842345999975], [-8.780293111999981, 41.880734082000004], [-8.780304495999985, 41.881859378], [-8.783886352000025, 41.87868806300003], [-8.784173751000026, 41.877335985], [-8.78656676899999, 41.87574684499998], [-8.787139122999974, 41.87281762499998], [-8.788345886000002, 41.873035802000004], [-8.788336668999989, 41.87213556199998], [-8.790435214000013, 41.87122324400002], [-8.790425968000022, 41.87032299600003], [-8.793117327999994, 41.86850693100001], [-8.794898312999976, 41.86602084200001], [-8.798513642999978, 41.866224964000025], [-8.799430950999977, 41.86757007599999], [-8.801545637000004, 41.868232976], [-8.801555038999993, 41.86913321100002], [-8.803053429999977, 41.86844925700001], [-8.805478701000027, 41.87001058999999], [-8.80758400100001, 41.869773166000016], [-8.808776498999976, 41.86864078799999], [-8.811085650999985, 41.86802060100001], [-8.811151854999991, 41.86547632100002], [-8.814442122000003, 41.86343061299999], [-8.81440141600001, 41.85960517000001], [-8.815598401999978, 41.85892227900001], [-8.815586413999995, 41.85779754599997], [-8.816479921999985, 41.856891941000015], [-8.818274072000008, 41.855755310999996], [-8.818555849999996, 41.853953606999994], [-8.821845285999984, 41.851907693999976], [-8.821522510000023, 41.849883971999986], [-8.823610115999998, 41.848071403000006], [-8.823597989000007, 41.84694554800001], [-8.825692731999993, 41.84580756499997], [-8.830809424999984, 41.845776582999974], [-8.83077511800002, 41.842625763], [-8.83136724000002, 41.84172186000001], [-8.830731015000026, 41.838574698], [-8.831621601999984, 41.837444471000026], [-8.831895549000023, 41.834967000000006], [-8.830082620999974, 41.83430222200002], [-8.82916028599999, 41.83250722600002], [-8.825243468999986, 41.83208131399999], [-8.824932831000012, 41.831182316000024], [-8.823127337000017, 41.83119317799998], [-8.821610684000007, 41.83007691199998], [-8.816191921999973, 41.82988419700001], [-8.812566703000016, 41.828555255000026], [-8.809858587000008, 41.82857124499998], [-8.808936899000003, 41.82677607199997], [-8.807441892999975, 41.82768571700001], [-8.807448989000022, 41.82836034799999], [-8.804745597000021, 41.82882633700001], [-8.802009274, 41.82614196499998], [-8.796296908999977, 41.82662532400002], [-8.793903630999978, 41.82798961499998], [-8.792737067000019, 41.831596977000004], [-8.790040307000027, 41.83273785199998], [-8.790139543999999, 41.842416051999976], [-8.786543924, 41.84401157999997], [-8.785039023000024, 41.84402015799998], [-8.783825944, 41.843126763999976], [-8.779019389999974, 41.844054271999994], [-8.777503161000027, 41.842937447], [-8.777487312999995, 41.84136201199999], [-8.77507730100001, 41.84115047300003], [-8.77418340700001, 41.842055776999985], [-8.77328048999999, 41.842060828], [-8.772065379000026, 41.84094224699999], [-8.772056399000007, 41.84004200099997], [-8.769332076000012, 41.838481645], [-8.766924437, 41.83849499899998], [-8.766329197999994, 41.83917352100002], [-8.761810383000011, 41.83874826700003], [-8.761498388999996, 41.83762461200001], [-8.759995818999982, 41.837857919999976], [-8.756375623999986, 41.83697738799998], [-8.74910087699999, 41.831614957], [-8.74914415699999, 41.83611622799998], [-8.750068673999976, 41.838362555], [-8.749187446999997, 41.84061749], [-8.750404327000012, 41.84196137599997], [-8.750421685999981, 41.84376244499998], [-8.754059649999988, 41.84644310499999], [-8.754384661000017, 41.84891715100002], [-8.75770232100001, 41.84957488499998], [-8.757414477999987, 41.850926904999994], [-8.756513626000014, 41.85115688600001], [-8.756845328999987, 41.854305556999975]]]}}, {"type": "Feature", "properties": {"name": "Minho-WB1", "subBasin": "Minho", "basin": "PT01_MINHO", "code": "PT01MIN0023"}, "geometry": {"type": "Polygon", "coordinates": [[[-8.839001827999994, 41.873816764000026], [-8.841301428999998, 41.875378110999975], [-8.848275592999983, 41.897194988000024], [-8.851030958000024, 41.899219182000024], [-8.854043262000005, 41.89920029899997], [-8.856736511000008, 41.897607850999975], [-8.858850175999976, 41.89804464600002], [-8.860644723000007, 41.89690792599998], [-8.862452037000025, 41.89689645499999], [-8.86513725399999, 41.89462864500001], [-8.868437608000022, 41.89348219499999], [-8.869919789999983, 41.891403158], [-8.871117276999996, 41.890764133999994], [-8.870794821000004, 41.888921751], [-8.871391994000021, 41.88846776499997], [-8.87107006299999, 41.88666926100001], [-8.871659406999981, 41.885540116000016], [-8.871308922000026, 41.881266004999986], [-8.872804234, 41.88035609100001], [-8.872775628999989, 41.877880489000006], [-8.873671218000027, 41.87719950100001], [-8.873346658999992, 41.87517594100001], [-8.873946301999979, 41.87494700000002], [-8.873930676999976, 41.873596666000026], [-8.872396552999987, 41.87113076600002], [-8.873872824999978, 41.85769455100001], [-8.873445440000012, 41.84344006200001], [-8.865088065999998, 41.837641726000015], [-8.863547456999981, 41.834500504999994], [-8.86352694499999, 41.83270004399998], [-8.860211735000007, 41.832270935], [-8.860201526000026, 41.83137070599997], [-8.85929623200002, 41.83115135000003], [-8.859265645999983, 41.828450664], [-8.85835787100001, 41.828006254], [-8.858042205000004, 41.82670169199997], [-8.855886216999977, 41.82739049700001], [-8.853528826999991, 41.82673009199999], [-8.852887383999985, 41.828309632000014], [-8.849048132999997, 41.829684074], [-8.848468422999986, 41.831669464000015], [-8.847215412000025, 41.832396373999984], [-8.843604401999983, 41.83241877199998], [-8.843052442999976, 41.83174696399999], [-8.841858747999993, 41.83265463499998], [-8.841873193000026, 41.83396110199999], [-8.843032478999987, 41.83512319900001], [-8.837317239000015, 41.83538346300003], [-8.835200858000007, 41.83449611899999], [-8.831893095999988, 41.83474193000001], [-8.831621601999984, 41.837444471000026], [-8.830731015000026, 41.838574698], [-8.831350074, 41.840146456000014], [-8.830873673999974, 41.846407527999986], [-8.834510130000012, 41.848636102], [-8.834877688999995, 41.85471084599999], [-8.835788166999976, 41.85538048699999], [-8.83580545000001, 41.856955906999985], [-8.839141614000027, 41.85918617499999], [-8.839154018999977, 41.86031146099998], [-8.84129124499998, 41.862999177000006], [-8.841039923999972, 41.867502183], [-8.840159057999983, 41.86953325899998], [-8.840470091999975, 41.87043164300002], [-8.838977011999987, 41.871566194000025], [-8.839890262999972, 41.872460862000025], [-8.839001827999994, 41.873816764000026]]]}}, {"type": "Feature", "properties": {"name": "Rio \u00c2ncora", "subBasin": "Costeiras entre o Minho e o Lima", "basin": "PT01_COSTEIRAS", "code": "PT01NOR0716"}, "geometry": {"type": "Polygon", "coordinates": [[[-8.74910087699999, 41.831614957], [-8.756375623999986, 41.83697738799998], [-8.759995818999982, 41.837857919999976], [-8.761498388999996, 41.83762461200001], [-8.761810383000011, 41.83874826700003], [-8.766329197999994, 41.83917352100002], [-8.766924437, 41.83849499899998], [-8.769332076000012, 41.838481645], [-8.772056399000007, 41.84004200099997], [-8.772065379000026, 41.84094224699999], [-8.77328048999999, 41.842060828], [-8.77418340700001, 41.842055776999985], [-8.77507730100001, 41.84115047300003], [-8.777487312999995, 41.84136201199999], [-8.777503161000027, 41.842937447], [-8.779019389999974, 41.844054271999994], [-8.783825944, 41.843126763999976], [-8.785039023000024, 41.84402015799998], [-8.786543924, 41.84401157999997], [-8.790139543999999, 41.842416051999976], [-8.790040307000027, 41.83273785199998], [-8.792737067000019, 41.831596977000004], [-8.793903630999978, 41.82798961499998], [-8.796296908999977, 41.82662532400002], [-8.802009274, 41.82614196499998], [-8.804745597000021, 41.82882633700001], [-8.807448989000022, 41.82836034799999], [-8.807441892999975, 41.82768571700001], [-8.808936899000003, 41.82677607199997], [-8.809858587000008, 41.82857124499998], [-8.812566703000016, 41.828555255000026], [-8.816191921999973, 41.82988419700001], [-8.821610684000007, 41.83007691199998], [-8.823127337000017, 41.83119317799998], [-8.824932831000012, 41.831182316000024], [-8.825243468999986, 41.83208131399999], [-8.82916028599999, 41.83250722600002], [-8.830082620999974, 41.83430222200002], [-8.831594621000022, 41.83496882899999], [-8.835200858000007, 41.83449611899999], [-8.837317239000015, 41.83538346300003], [-8.843032478999987, 41.83512319900001], [-8.841873193000026, 41.83396110199999], [-8.841858747999993, 41.83265463499998], [-8.843052442999976, 41.83174696399999], [-8.843604401999983, 41.83241877199998], [-8.847215412000025, 41.832396373999984], [-8.848468422999986, 41.831669464000015], [-8.849048132999997, 41.829684074], [-8.852887383999985, 41.828309632000014], [-8.853528826999991, 41.82673009199999], [-8.855886216999977, 41.82739049700001], [-8.858884971000009, 41.82647129100002], [-8.858538259, 41.82242214600001], [-8.85943067300002, 41.82151621100002], [-8.861238422999975, 41.82172984099998], [-8.861822265, 41.820150609999985], [-8.862423987999989, 41.82014679100001], [-8.862411193000014, 41.81902150500002], [-8.861194993000026, 41.81790385199997], [-8.861149017999992, 41.813852801999985], [-8.86233955900002, 41.81271986899998], [-8.864141938999978, 41.81248334000003], [-8.86381548899999, 41.81023467699998], [-8.865003335999972, 41.808876661], [-8.864682002999984, 41.80707811299999], [-8.866448225999989, 41.80369073000003], [-8.864620435000006, 41.801676703], [-8.858893002999991, 41.80058767000003], [-8.857677222000007, 41.79946998600002], [-8.858559148999973, 41.797663837000016], [-8.85852352500001, 41.79451304700001], [-8.857919505999973, 41.79429178700002], [-8.857904254000005, 41.79294145099999], [-8.854573404999996, 41.790936758999976], [-8.855154594999988, 41.78913253100001], [-8.854831105000017, 41.787108907000004], [-8.851210035999998, 41.78600623599999], [-8.850899265999999, 41.785107890999996], [-8.849090063000006, 41.78466903399999], [-8.846965172000012, 41.782881669999995], [-8.844256499999972, 41.78267396000001], [-8.843344473999991, 41.78177875199998], [-8.840638332000026, 41.781795450000004], [-8.837942085999998, 41.782712875000016], [-8.837353059999998, 41.78384185200002], [-8.831649685999992, 41.78477640800003], [-8.829835747000004, 41.78388768999997], [-8.826232289000018, 41.78435963300001], [-8.823809770000025, 41.78279871500001], [-8.824098337999999, 41.781671055000004], [-8.823492140999974, 41.78122511700002], [-8.823475195000015, 41.77964970599999], [-8.82436752000001, 41.778744046999975], [-8.823749221000014, 41.777171689], [-8.820437126000002, 41.776741972000025], [-8.820143684000016, 41.77741838700001], [-8.816538120000018, 41.77766496800001], [-8.814130416000012, 41.77745419299998], [-8.812316904, 41.77656463599999], [-8.812596123999981, 41.77453732700002], [-8.810171936000017, 41.772751614000015], [-8.81136023800002, 41.771394165000004], [-8.81134834400001, 41.77026830800003], [-8.809530332999998, 41.768928585000026], [-8.808337312999981, 41.769836458999976], [-8.805932278, 41.76985057000002], [-8.804419719000009, 41.76895856499999], [-8.803522547, 41.76941395], [-8.800215636000019, 41.769433220999986], [-8.79991032800001, 41.768984853000006], [-8.796002152000028, 41.76900754299999], [-8.795407867999984, 41.76968676000001], [-8.790595444000019, 41.76948886100001], [-8.788520888999983, 41.772426704], [-8.784309570999994, 41.772225658000025], [-8.781585580000012, 41.77044053399999], [-8.780367155000022, 41.76887191200001], [-8.778561120000006, 41.768657596000025], [-8.778552065999975, 41.76775679799999], [-8.776422894999996, 41.765292966000004], [-8.772238954999978, 41.76779221100003], [-8.770735838000007, 41.767800592000015], [-8.770426282000017, 41.76690258000002], [-8.769221560999995, 41.76668364], [-8.766215369000008, 41.76670030299999], [-8.764398373999995, 41.76535989600001], [-8.762302895000005, 41.766271725000024], [-8.76111583300002, 41.767853762000016], [-8.75750395099999, 41.767423930999996], [-8.755992099000025, 41.766531305], [-8.749393576999978, 41.76814253200001], [-8.744886313999984, 41.76839234200003], [-8.744280763999996, 41.767944872999976], [-8.743709470999988, 41.77109894300003], [-8.743110326000021, 41.77132720899999], [-8.743730878000008, 41.773350117999996], [-8.741937635999989, 41.77448503599999], [-8.741366168000013, 41.77763908700001], [-8.740771208000012, 41.77831690900001], [-8.73776021399999, 41.777882707], [-8.736866667000015, 41.77878827400002], [-8.73506259200002, 41.77879777499999], [-8.735968851999985, 41.77924315299998], [-8.736290683999982, 41.78149218599998], [-8.734204809999994, 41.78352880699998], [-8.733302709999975, 41.783533541], [-8.733319540000025, 41.78533347199999], [-8.734227988999976, 41.786003919999985], [-8.73423642199998, 41.78690416500001], [-8.733637095999995, 41.78713238400002], [-8.733958888000018, 41.789381983], [-8.732762283, 41.790062912999986], [-8.732476268000028, 41.79164047500001], [-8.731283792999989, 41.79277151399998], [-8.729178585, 41.792782493999994], [-8.727693640999973, 41.794816427], [-8.722593225000026, 41.796193238], [-8.722004094999988, 41.79754669900001], [-8.717525378000005, 41.801170238], [-8.716616885999997, 41.80050022199998], [-8.712702658000012, 41.80006940200002], [-8.71179219999999, 41.79917427800001], [-8.709379930000011, 41.798510668999995], [-8.706975761000024, 41.79874782000002], [-8.706384269000011, 41.799876143999995], [-8.705183159, 41.80010722700001], [-8.704908462999981, 41.80303455500001], [-8.701300934000017, 41.80327759900001], [-8.700109700999974, 41.80463397], [-8.695296921000022, 41.804657744], [-8.694701244999976, 41.805336461000024], [-8.693187400999989, 41.80421795000001], [-8.693179536999992, 41.80331768399998], [-8.691671645999975, 41.802874906], [-8.692292855000005, 41.80512262899998], [-8.690790811, 41.80535504300002], [-8.69049783700001, 41.806256776], [-8.691704981999976, 41.80670103099999], [-8.692326229999992, 41.80894875400003], [-8.693541322999977, 41.81029325600002], [-8.695961753000006, 41.811856896999984], [-8.695686603000013, 41.81478423599998], [-8.697501584999998, 41.815900666000005], [-8.697511500000019, 41.817026553000005], [-8.698424009000007, 41.818147427999975], [-8.702044333000003, 41.819254288000025], [-8.70235519900001, 41.82037811599997], [-8.704764211999986, 41.82059118799998], [-8.706280665000008, 41.821934062000025], [-8.707183310999994, 41.821929538000006], [-8.708374721999974, 41.82057309999999], [-8.71077360999999, 41.81966127800001], [-8.710765491000018, 41.81876046000002], [-8.714369777999991, 41.81806755000002], [-8.716486056999997, 41.81918159700001], [-8.716496301000006, 41.82030691900002], [-8.71710215600001, 41.820754540999985], [-8.719513285999994, 41.82119237699999], [-8.721617358999993, 41.82095649500002], [-8.722804305000011, 41.819149224], [-8.724306565000006, 41.81891640200001], [-8.726721838000003, 41.81980476299998], [-8.727636985999993, 41.821150476000014], [-8.728539617000024, 41.82114578400001], [-8.730359557999975, 41.822711825], [-8.731262211, 41.82270711199999], [-8.731571499999973, 41.823605794], [-8.734290052999995, 41.82471637200001], [-8.735811456000022, 41.826509531], [-8.73882047799998, 41.826493649999975], [-8.742143236000004, 41.82782647099998], [-8.74545105499999, 41.827583188000006], [-8.745474715, 41.83005889200001], [-8.74910087699999, 41.831614957]]]}}, {"type": "Feature", "properties": {"name": "Rio de Cabanas", "subBasin": "Costeiras entre o Minho e o Lima", "basin": "PT01_COSTEIRAS", "code": "PT01NOR0717"}, "geometry": {"type": "Polygon", "coordinates": [[[-8.809530332999998, 41.768928585000026], [-8.81134834400001, 41.77026830800003], [-8.81136023800002, 41.771394165000004], [-8.810171936000017, 41.772751614000015], [-8.812596123999981, 41.77453732700002], [-8.812316904, 41.77656463599999], [-8.814130416000012, 41.77745419299998], [-8.816538120000018, 41.77766496800001], [-8.820143684000016, 41.77741838700001], [-8.820437126000002, 41.776741972000025], [-8.823749221000014, 41.777171689], [-8.82436752000001, 41.778744046999975], [-8.823475195000015, 41.77964970599999], [-8.823492140999974, 41.78122511700002], [-8.824098337999999, 41.781671055000004], [-8.823809770000025, 41.78279871500001], [-8.826232289000018, 41.78435963300001], [-8.829835747000004, 41.78388768999997], [-8.831649685999992, 41.78477640800003], [-8.837353059999998, 41.78384185200002], [-8.837942085999998, 41.782712875000016], [-8.840638332000026, 41.781795450000004], [-8.843344473999991, 41.78177875199998], [-8.844256499999972, 41.78267396000001], [-8.846965172000012, 41.782881669999995], [-8.849090063000006, 41.78466903399999], [-8.850899265999999, 41.785107890999996], [-8.851210035999998, 41.78600623599999], [-8.855131814000003, 41.78710758099999], [-8.855391993000012, 41.78350421699997], [-8.857183441000018, 41.782368136], [-8.861683473000028, 41.781438829000024], [-8.862272050000001, 41.78030973099999], [-8.870081820999985, 41.77958523699999], [-8.871857352000006, 41.77709746599999], [-8.871846994000009, 41.77619724099998], [-8.870641793000004, 41.77597990999999], [-8.870317887999988, 41.773956892], [-8.871204300999977, 41.772600759], [-8.869988830000011, 41.771482633000005], [-8.863932644999977, 41.76769563300002], [-8.859711301000004, 41.76659704399998], [-8.858488518999991, 41.76480361900002], [-8.857286111000008, 41.764811205], [-8.85667730199998, 41.764139822000004], [-8.853370713999993, 41.764160602000004], [-8.852764476000004, 41.76371481699999], [-8.853348007000022, 41.762135641999976], [-8.850332047999984, 41.76125365399997], [-8.849422764999986, 41.760584669000025], [-8.849412726000025, 41.759684435], [-8.84851099299999, 41.75969005500002], [-8.848503467, 41.75901431800003], [-8.846993091999991, 41.758349055], [-8.844588509999994, 41.758363971999984], [-8.844265517999986, 41.756340308999995], [-8.84245964500002, 41.75612583499998], [-8.841545553999993, 41.75500667099999], [-8.839742209000008, 41.75501777699998], [-8.837054453000007, 41.75660979899999], [-8.835847262000016, 41.75616647700002], [-8.83254597299998, 41.75663733800002], [-8.83161246100002, 41.75371705200001], [-8.831597778999992, 41.752366698], [-8.832196425000006, 41.75213798200002], [-8.829190976999996, 41.752156232999994], [-8.828306390000023, 41.753737107999996], [-8.82649821199999, 41.753297326999984], [-8.825911673000007, 41.754651310999975], [-8.825014855000006, 41.755107426999984], [-8.820501646000025, 41.75468381100001], [-8.818715114999975, 41.75627000399999], [-8.812713342999984, 41.75720596399998], [-8.81153008199999, 41.759013548999974], [-8.811248518000014, 41.76081636599997], [-8.807650927999987, 41.76173727999998], [-8.807665110000016, 41.76308763899999], [-8.806169210000007, 41.76377219699998], [-8.805887470000016, 41.765574437], [-8.807695845000012, 41.766013414999975], [-8.808611884000015, 41.767358473], [-8.81041559099998, 41.76734785299999], [-8.810425092000003, 41.76824865399999], [-8.809530332999998, 41.768928585000026]]]}}, {"type": "Feature", "properties": {"name": "Ribeira do Pego", "subBasin": "Costeiras entre o Minho e o Lima", "basin": "PT01_COSTEIRAS", "code": "PT01NOR0718"}, "geometry": {"type": "Polygon", "coordinates": [[[-8.81755210099999, 41.73174383000003], [-8.81822975099999, 41.73894217999998], [-8.816436419000013, 41.739853160999985], [-8.816450777, 41.741203524000014], [-8.815265517, 41.74278608899999], [-8.816486672999986, 41.74457942499998], [-8.814700318999996, 41.746165561], [-8.814719423999975, 41.74796660300001], [-8.81234138000002, 41.75045594300002], [-8.81326206, 41.752251651999984], [-8.812680012999976, 41.754055687999994], [-8.812078905000021, 41.75405924299997], [-8.811489677999987, 41.75518809800002], [-8.80787585600001, 41.75453359699998], [-8.808810669000025, 41.75767913499999], [-8.809411811000018, 41.757675597], [-8.808817777999991, 41.75835487799998], [-8.809428400999991, 41.759251018999976], [-8.807035574999986, 41.76039044700002], [-8.807352701000013, 41.761964105000004], [-8.811248518000014, 41.76081636599997], [-8.81153008199999, 41.759013548999974], [-8.812713342999984, 41.75720596399998], [-8.818715114999975, 41.75627000399999], [-8.820501646000025, 41.75468381100001], [-8.825014855000006, 41.755107426999984], [-8.825911673000007, 41.754651310999975], [-8.82649821199999, 41.753297326999984], [-8.828306390000023, 41.753737107999996], [-8.828299078999976, 41.75306136900002], [-8.829789619999985, 41.751926966999974], [-8.832196425000006, 41.75213798200002], [-8.831597778999992, 41.752366698], [-8.831932601000005, 41.75551569999999], [-8.833149557000013, 41.75685873499998], [-8.835546700000009, 41.75616831399998], [-8.837054453000007, 41.75660979899999], [-8.839742209000008, 41.75501777699998], [-8.845735880000007, 41.75340523199998], [-8.846307002000003, 41.750700800000004], [-8.847504141000002, 41.75024264899997], [-8.846858082999972, 41.746195887], [-8.848348138999995, 41.745061249], [-8.848633618000008, 41.743709024], [-8.851030105999996, 41.743018284000016], [-8.85130294999999, 41.74054132399999], [-8.85122250400002, 41.73333943199998], [-8.850010637000025, 41.732446141000025], [-8.849990570999978, 41.73064622800001], [-8.849387176999983, 41.73042491699999], [-8.84906668100001, 41.72862575099998], [-8.84816037600001, 41.72818124600002], [-8.847534515999996, 41.72593495299998], [-8.849937888, 41.725919980000015], [-8.85021572300002, 41.72389200700002], [-8.852010654000026, 41.72320612300001], [-8.853813103999983, 41.723194827999976], [-8.855305030000011, 41.72228459500002], [-8.860111495000012, 41.722254276], [-8.863092552000012, 41.720210253999994], [-8.86307978299999, 41.719084958999986], [-8.864556130999972, 41.71682425], [-8.859747535999986, 41.716629693000016], [-8.859154407000005, 41.71730923400003], [-8.856751359999976, 41.71732439700003], [-8.856758947999992, 41.71799901000003], [-8.85585779500002, 41.71800468399999], [-8.855865386999994, 41.71868042800003], [-8.85437353499998, 41.719589542999984], [-8.847462022000002, 41.719407655], [-8.846568343000001, 41.72008900100002], [-8.845351814000026, 41.718746098], [-8.843249097000012, 41.71875911699999], [-8.84236281699998, 41.72011504599999], [-8.840260055999977, 41.720128009999996], [-8.840269945999978, 41.72102768600001], [-8.839368745000002, 41.72103323099998], [-8.839378635999992, 41.721934034000014], [-8.835786085999985, 41.72308144200002], [-8.835195091000003, 41.723984796000025], [-8.828883967000024, 41.723798121000016], [-8.828275847999976, 41.72312714100002], [-8.827090732999977, 41.724665378], [-8.825293552999995, 41.72517082500002], [-8.825004757999977, 41.726253482999994], [-8.823212343000023, 41.72720846200002], [-8.823221534000027, 41.72806481700002], [-8.821426630000019, 41.72879470100003], [-8.821137769000018, 41.729877921000025], [-8.81755210099999, 41.73174383000003]]]}}, {"type": "Feature", "properties": {"name": "Rio Neiva", "subBasin": "Neiva", "basin": "PT01_NEIVA", "code": "PT01NOR0719"}, "geometry": {"type": "Polygon", "coordinates": [[[-8.438630171, 41.71443344300002], [-8.442185413999994, 41.716043866999996], [-8.444000897000024, 41.71873930200002], [-8.445206919999976, 41.71963631699998], [-8.446708989000001, 41.719632203], [-8.447014931000012, 41.720757305999996], [-8.448523678000015, 41.72210361399999], [-8.45122862300002, 41.72232118699998], [-8.451827249000019, 41.721869368], [-8.454234023000026, 41.72253729200003], [-8.454838269999982, 41.72321082100001], [-8.45454348200002, 41.724337030000015], [-8.459067208000022, 41.72770091899997], [-8.459380264000004, 41.73017530499999], [-8.458481161000009, 41.730628583], [-8.459086669999976, 41.73152659499999], [-8.462396472000023, 41.732417978], [-8.465115895999986, 41.73533608600002], [-8.468717027000025, 41.73442470100002], [-8.469308549000004, 41.73262235499999], [-8.47140355900001, 41.731041198000014], [-8.475909363000028, 41.73080269299999], [-8.476501853000002, 41.72922538199998], [-8.479802022000001, 41.72831454599998], [-8.480997736999996, 41.72718553300001], [-8.482800424999994, 41.72718003], [-8.483094730000005, 41.72605431300002], [-8.485802443000011, 41.72672121599999], [-8.488819399000022, 41.72896263000001], [-8.491820189999999, 41.72827745400002], [-8.493925895000018, 41.728720984000006], [-8.495414188999973, 41.72624099799998], [-8.499004094999975, 41.723528649], [-8.499296818999994, 41.722177257], [-8.500492071999986, 41.721047476000024], [-8.501988987999994, 41.720142348000024], [-8.504392300999996, 41.72013456000002], [-8.504986611999982, 41.71900781099998], [-8.506488658000023, 41.71900290999997], [-8.506179085999975, 41.71742838799997], [-8.507674522999991, 41.716298110000025], [-8.514582308000001, 41.716050172999985], [-8.514272550999976, 41.714475676999996], [-8.515468737999981, 41.713571367999975], [-8.517272384000023, 41.713789831999975], [-8.519986701999983, 41.715581285999974], [-8.521488664999993, 41.71557618999998], [-8.524779256999977, 41.71331475400001], [-8.528684227999975, 41.71330130199999], [-8.529268320000028, 41.71059836500001], [-8.531067744999973, 41.71014196099998], [-8.532262218000028, 41.709012410000014], [-8.531936687999973, 41.70496160699997], [-8.534328191999975, 41.70315318799999], [-8.53703120199998, 41.703143667000006], [-8.538826101999973, 41.702011363999986], [-8.543037891999973, 41.70312228099999], [-8.545452125999986, 41.70491364600002], [-8.548158122000018, 41.705354005000004], [-8.550871461999975, 41.706919657000014], [-8.554170903999989, 41.70623231899998], [-8.555965590000028, 41.705100313], [-8.555959669000003, 41.70420059600002], [-8.556859196000005, 41.70397162699999], [-8.557162506999987, 41.704421215000025], [-8.562867464000021, 41.70417483599999], [-8.564375188999975, 41.705068899000025], [-8.564681584000027, 41.70596861199999], [-8.566787042999977, 41.706410233999975], [-8.568300982999972, 41.70820508999998], [-8.57130454899999, 41.708193617999996], [-8.572809423000024, 41.70863855599998], [-8.573115941000026, 41.709537118000014], [-8.574916567000002, 41.709305099999995], [-8.576404406999984, 41.70727422099998], [-8.577906172999974, 41.70726838899998], [-8.582125252000026, 41.70927701900001], [-8.583325117000015, 41.70904722400002], [-8.58541180100002, 41.70678823200001], [-8.587212313000009, 41.70655602099998], [-8.590525749999983, 41.70789327], [-8.592327882000006, 41.70788604799998], [-8.594419056999982, 41.70630209799998], [-8.597122178000006, 41.70629116399999], [-8.596815348999996, 41.705392668], [-8.598906328999988, 41.70380807800001], [-8.598896551999985, 41.70245822200002], [-8.600097866999988, 41.702453322999986], [-8.600391652999974, 41.701551818999974], [-8.601591317999976, 41.70132183300001], [-8.600683789000016, 41.700424677], [-8.601881794000008, 41.69997017999998], [-8.601871948999985, 41.698619753], [-8.603974112999992, 41.69861110599999], [-8.60606470099998, 41.69702692599998], [-8.609371350000004, 41.69746277799999], [-8.61205229799998, 41.69452555999999], [-8.614152650999984, 41.694292218999976], [-8.61624453600001, 41.692932928999994], [-8.617745947000003, 41.69292657], [-8.618653591999987, 41.69382302399998], [-8.620755599000006, 41.69381407200001], [-8.622843891000002, 41.692003957], [-8.624642119999976, 41.69154607600001], [-8.630343896, 41.691071815999976], [-8.635755840000002, 41.691947888000016], [-8.636351119999972, 41.691270594], [-8.638749768000025, 41.690809848000015], [-8.639941998999973, 41.689679180999974], [-8.640224526999987, 41.68742658299999], [-8.642018936999989, 41.68651858499999], [-8.642004697000004, 41.684718019], [-8.644991027000003, 41.68267897599998], [-8.644983867000008, 41.68177869800002], [-8.64677985100002, 41.68109540699999], [-8.647360526, 41.678616933], [-8.645841526000027, 41.67637297900001], [-8.647337154000013, 41.67569102599998], [-8.647612173000027, 41.672538691], [-8.647010005000027, 41.67231632199997], [-8.646995634999996, 41.67051575300002], [-8.645485794000024, 41.66939714199998], [-8.645775214000025, 41.66804536699999], [-8.645165937000002, 41.66692270599998], [-8.646352225999976, 41.66511676099998], [-8.64754923800001, 41.664661217], [-8.647509690999982, 41.65970966200001], [-8.643883186999972, 41.65657481699998], [-8.644479837000006, 41.65612199100002], [-8.644470904000002, 41.65499663899999], [-8.643265127999996, 41.65432679000003], [-8.643252652000001, 41.65275128799999], [-8.644731690000015, 41.65004372300001], [-8.647714528999984, 41.647779544], [-8.647685775000014, 41.64417839999999], [-8.647083873999975, 41.643956031000016], [-8.64707131099999, 41.64238052600001], [-8.646167588000026, 41.64193442599998], [-8.643168917000025, 41.64217292400002], [-8.640765009000006, 41.641733466999995], [-8.640159606999987, 41.641060917000004], [-8.636859152999989, 41.641075511], [-8.635929181999984, 41.637253249000025], [-8.630820089999986, 41.636150214], [-8.630506179000008, 41.634350934999986], [-8.628107817, 41.63458642699999], [-8.626600870999994, 41.63369262499998], [-8.62480082899998, 41.63370038400001], [-8.622683676000008, 41.631458665000025], [-8.620278600000006, 41.63079370600002], [-8.618166776999999, 41.62922713199998], [-8.619054858000027, 41.627647791000015], [-8.617846483999983, 41.62652752399998], [-8.617224564000026, 41.62360411200001], [-8.615719709000018, 41.62293523599999], [-8.616607768999984, 41.62135591499998], [-8.616595957000015, 41.61978040399998], [-8.615984274000027, 41.618207428999995], [-8.614479542000026, 41.61753852800001], [-8.614474502999997, 41.616863308000006], [-8.616568960999984, 41.616179224999996], [-8.617160365000018, 41.61505132100001], [-8.618060128000025, 41.615047507999975], [-8.617746678999993, 41.613248184999975], [-8.619834189000017, 41.61166375099998], [-8.620125599999994, 41.61053709800001], [-8.617779842000004, 41.610052741000004], [-8.61686327199999, 41.60780580599999], [-8.614155885999992, 41.60669183099998], [-8.609369386000026, 41.60828745600003], [-8.607280081999988, 41.609646623], [-8.60698679699999, 41.610548162999976], [-8.604294261000007, 41.611459620000005], [-8.603710868999997, 41.61371283599999], [-8.601618002999999, 41.61462175899999], [-8.601627813999983, 41.615972209000006], [-8.596533894000004, 41.61666821699998], [-8.591462259000025, 41.620515040999976], [-8.586659902000008, 41.620084039999995], [-8.585766372000023, 41.620987904], [-8.582449655000005, 41.61852510099999], [-8.581231107999997, 41.615828926000006], [-8.578530208000018, 41.61561440600002], [-8.577321196000014, 41.61426862100001], [-8.576422976000003, 41.61449719199999], [-8.576129235999986, 41.61539865200001], [-8.57462960700002, 41.61540445700001], [-8.573734447999982, 41.616083161000006], [-8.570735151999997, 41.61609468900002], [-8.56984146000002, 41.61699843100001], [-8.569847558999982, 41.61789872600002], [-8.568055528999992, 41.619030963], [-8.565652952999983, 41.61858992100002], [-8.564447167000026, 41.617694160999974], [-8.564441142000021, 41.61679386399999], [-8.562638548999985, 41.616350495999995], [-8.557244219999973, 41.617045894], [-8.555141731999981, 41.616603521], [-8.554533036999999, 41.61525527800001], [-8.549735671999997, 41.615497957], [-8.547030529999972, 41.61460747199999], [-8.543431453999972, 41.61462045799999], [-8.542240323999977, 41.615975219000006], [-8.542257472000017, 41.61867611600002], [-8.540466356000024, 41.620033009], [-8.54047489300001, 41.62138345400001], [-8.539280752000025, 41.62228802599998], [-8.539287847000026, 41.623413407999976], [-8.537197966000008, 41.62499637899998], [-8.536916340999994, 41.62792341699998], [-8.535127666999983, 41.629730361999975], [-8.536341732999972, 41.631976882000004], [-8.538140339999984, 41.631745439999975], [-8.539647468999988, 41.63286548100001], [-8.541447514000026, 41.632859059], [-8.542956145000005, 41.63420414000001], [-8.543854764999992, 41.63397583400001], [-8.543876297999986, 41.63735195300001], [-8.542681897000023, 41.63825655900001], [-8.542097558000023, 41.64073452100001], [-8.541201704000002, 41.64141296899999], [-8.539424145999988, 41.64502057599998], [-8.537633648999986, 41.64660248199999], [-8.537344883000003, 41.648404140000025], [-8.537950706999993, 41.649302310999985], [-8.537354778000008, 41.64997965499998], [-8.534066440000004, 41.652016960000026], [-8.53076397000001, 41.651803427000004], [-8.527768519999995, 41.65271412999999], [-8.527180726999973, 41.65474186199998], [-8.527785086999984, 41.65541502100001], [-8.525994030999982, 41.656996741], [-8.52570627, 41.659023443000024], [-8.522103345000005, 41.65881068200002], [-8.520614900999988, 41.66084145299999], [-8.517019948999973, 41.66197898399997], [-8.514629479999996, 41.66378762400001], [-8.514636155999995, 41.664912991999984], [-8.513436845000001, 41.66514207], [-8.51194400999998, 41.666497506999974], [-8.512252135999972, 41.66784695000001], [-8.509856044000003, 41.66875519299998], [-8.51196655299998, 41.670323758999984], [-8.510179977999996, 41.672805525], [-8.509270166000022, 41.671232981], [-8.508373545999973, 41.671911163999994], [-8.504166974999976, 41.671249676], [-8.502369730999987, 41.67193073499999], [-8.499963057000002, 41.671038177000014], [-8.496675012000026, 41.67352453900003], [-8.493676805000007, 41.67420926599999], [-8.493080186999975, 41.674886378999986], [-8.491579163999972, 41.67489109500002], [-8.490974993999998, 41.67421775600002], [-8.484370533999993, 41.67423824100001], [-8.484680587000014, 41.676037905999976], [-8.481701691000012, 41.68032350300001], [-8.482011698999997, 41.68212318399998], [-8.47841850399999, 41.68393470799998], [-8.47812430099998, 41.68506099199999], [-8.477223546999994, 41.68506370699998], [-8.47573067899998, 41.686643729000025], [-8.473930316999997, 41.68687418600001], [-8.473633638000024, 41.68755030099999], [-8.472131124999976, 41.68732969199999], [-8.469439361000013, 41.689363345000004], [-8.46793917299999, 41.68959282899999], [-8.467344486999991, 41.690719951999995], [-8.465546295000024, 41.691400423999994], [-8.464653589000022, 41.692978563999986], [-8.461953288000018, 41.69343651899999], [-8.46165875700001, 41.69456274999999], [-8.458356621999997, 41.69479727200002], [-8.458060880999994, 41.695698427000025], [-8.455357017999972, 41.69548100700001], [-8.454759801000023, 41.69615792100001], [-8.453254906999973, 41.69548691599999], [-8.45326501400001, 41.69751257899998], [-8.45386788799999, 41.697961039000006], [-8.453267261000008, 41.69796272399998], [-8.451478774999998, 41.70066864500001], [-8.449680156, 41.70134887199998], [-8.44938870499999, 41.703150300999994], [-8.44728965600001, 41.70383132400002], [-8.44459969799999, 41.70653962099999], [-8.443114260000016, 41.70991981899999], [-8.441617818999987, 41.711049256000024], [-8.441631901999983, 41.71397522199999], [-8.438630171, 41.71443344300002]]]}}, {"type": "Feature", "properties": {"name": "Ribeira dos Reis Magnos", "subBasin": "Neiva", "basin": "PT01_NEIVA", "code": "PT01NOR0720"}, "geometry": {"type": "Polygon", "coordinates": [[[-8.682829943999991, 41.68362866299998], [-8.68643664199999, 41.68406142399999], [-8.686731074000022, 41.68338476700001], [-8.689425416999995, 41.68247137399999], [-8.69061269399998, 41.680890050000016], [-8.693008613000018, 41.680203108], [-8.692983173000016, 41.67727721900002], [-8.695975395999994, 41.676137143000005], [-8.702575835000005, 41.675654312999995], [-8.702569864999987, 41.674979103], [-8.705855982000003, 41.673162090000005], [-8.707342872000027, 41.671579097999995], [-8.711843520999992, 41.67133135099999], [-8.712737973999992, 41.67065158999998], [-8.718145182, 41.67107424699998], [-8.719035469999994, 41.669944309000016], [-8.721134609999979, 41.66970847099998], [-8.721743176000018, 41.67060565000003], [-8.721153099999981, 41.671734078999975], [-8.72595180899998, 41.671259170999974], [-8.727765329000022, 41.67260023699998], [-8.72775909500001, 41.671925042], [-8.72985825500001, 41.671689042000025], [-8.729849915999978, 41.67078877], [-8.731644688000017, 41.67010417199998], [-8.73163632500001, 41.669203907999986], [-8.732530537000002, 41.668523999], [-8.732499130000008, 41.66514799800001], [-8.734600152999974, 41.66513698199998], [-8.73668432300002, 41.663325395000015], [-8.736646382999993, 41.65927419100001], [-8.736044037999989, 41.659052282000005], [-8.736031405000006, 41.65770188800002], [-8.735431181000024, 41.65770504599999], [-8.736012458000005, 41.65567628100001], [-8.73540594299999, 41.65500423200001], [-8.735691316999976, 41.653427195000006], [-8.733569701000022, 41.65118755100002], [-8.733559220000018, 41.650062218000016], [-8.734453149999979, 41.649382285], [-8.734430060000022, 41.64690655499999], [-8.733225620999974, 41.64646270399999], [-8.732592011999998, 41.642864771999996], [-8.730781336999996, 41.64174883200002], [-8.731664738000006, 41.63994359499998], [-8.731356362999975, 41.639044893000005], [-8.729545797000014, 41.637928930999976], [-8.730141675000027, 41.637475671999994], [-8.729529146999994, 41.63612838900002], [-8.725922790000027, 41.63547186400001], [-8.723500048999995, 41.63300850500002], [-8.720518517000016, 41.63504953500001], [-8.715706189000002, 41.63372363399998], [-8.711804132999987, 41.633518329000026], [-8.709990031000018, 41.631951922999974], [-8.708204121999984, 41.63353645400002], [-8.705206094999994, 41.633776540999975], [-8.70252594599998, 41.636040691999995], [-8.702847829999996, 41.63851495799997], [-8.700461484000016, 41.64010237000002], [-8.701375477, 41.64167338599998], [-8.70139134499999, 41.64347394700002], [-8.69959697600001, 41.644158084000026], [-8.700212911999984, 41.645955661000016], [-8.699942539999995, 41.649333189000004], [-8.699350299000002, 41.65023644600001], [-8.699664224999992, 41.65181044100001], [-8.69877186299999, 41.652715172], [-8.699691922, 41.65496141], [-8.699103577000017, 41.65631478900002], [-8.697605007999982, 41.656547278000005], [-8.695816132999994, 41.65790657299999], [-8.693717278999998, 41.658141957], [-8.691628155999979, 41.659502651000025], [-8.691039601, 41.660856002], [-8.687443852000001, 41.66154872300001], [-8.685952831000009, 41.66268133099999], [-8.684148156999981, 41.66223988500002], [-8.683842242000026, 41.661566127000015], [-8.680842810999991, 41.66180561099998], [-8.679363131000002, 41.66428854999998], [-8.677560350000022, 41.664072068999985], [-8.676673197000014, 41.665651846], [-8.675472587000002, 41.66565754800001], [-8.674281431999987, 41.66678858099999], [-8.670990956000026, 41.668154585000025], [-8.668606480999983, 41.67019148200001], [-8.668613967999988, 41.67109175899998], [-8.666212531999975, 41.67110298199998], [-8.666234890999988, 41.67380381800001], [-8.672251904999996, 41.67535115800001], [-8.675574949999998, 41.677811292], [-8.677978541000016, 41.67802493900001], [-8.67919465, 41.679819769000005], [-8.678907784999979, 41.681396674999974], [-8.681013194999991, 41.681836761], [-8.682829943999991, 41.68362866299998]]]}}, {"type": "Feature", "properties": {"name": "Rio Neiva", "subBasin": "Neiva", "basin": "PT01_NEIVA", "code": "PT01NOR0721"}, "geometry": {"type": "Polygon", "coordinates": [[[-8.64677985100002, 41.68109540699999], [-8.655198969000025, 41.68263280999997], [-8.658796255000027, 41.68194108300003], [-8.65939303099998, 41.681488178999984], [-8.659083611000028, 41.680364216999976], [-8.660872020999989, 41.67878042299998], [-8.660860951000018, 41.67743000899998], [-8.662954997999975, 41.67652000999999], [-8.663842637000016, 41.674940341000024], [-8.666234890999988, 41.67380381800001], [-8.666212531999975, 41.67110298199998], [-8.668613967999988, 41.67109175899998], [-8.668606480999983, 41.67019148200001], [-8.670990956000026, 41.668154585000025], [-8.674281431999987, 41.66678858099999], [-8.675472587000002, 41.66565754800001], [-8.676673197000014, 41.665651846], [-8.677560350000022, 41.664072068999985], [-8.679363131000002, 41.66428854999998], [-8.680842810999991, 41.66180561099998], [-8.683842242000026, 41.661566127000015], [-8.684148156999981, 41.66223988500002], [-8.685952831000009, 41.66268133099999], [-8.687443852000001, 41.66154872300001], [-8.691039601, 41.660856002], [-8.691628155999979, 41.659502651000025], [-8.693717278999998, 41.658141957], [-8.695816132999994, 41.65790657299999], [-8.697605007999982, 41.656547278000005], [-8.699103577000017, 41.65631478900002], [-8.699691922, 41.65496141], [-8.69877186299999, 41.652715172], [-8.699664224999992, 41.65181044100001], [-8.699350299000002, 41.65023644600001], [-8.699942539999995, 41.649333189000004], [-8.700212911999984, 41.645955661000016], [-8.69959697600001, 41.644158084000026], [-8.70139134499999, 41.64347394700002], [-8.701375477, 41.64167338599998], [-8.700461484000016, 41.64010237000002], [-8.702847829999996, 41.63851495799997], [-8.70252594599998, 41.636040691999995], [-8.705208090999975, 41.634001608999995], [-8.705490119999979, 41.631974490999994], [-8.707274067000014, 41.630164922999995], [-8.706646080999974, 41.62701695800001], [-8.700910958999998, 41.62299407299997], [-8.696427367000013, 41.62481688499997], [-8.694627583999988, 41.62482573199998], [-8.692525894000028, 41.62461094700001], [-8.689514621, 41.62327515999999], [-8.689203028000009, 41.62192619699999], [-8.687409130999981, 41.62261014400002], [-8.68560747700002, 41.622393783999996], [-8.683817378000015, 41.623527814], [-8.681117749000009, 41.62354078200002], [-8.679927459999988, 41.624671878000015], [-8.67872761000001, 41.62467760800001], [-8.675712824000016, 41.622891315000004], [-8.675984373000006, 41.61951382199999], [-8.675361795000015, 41.61681580800001], [-8.674452573999986, 41.61569471600001], [-8.676531172000011, 41.61320896699999], [-8.677430915000002, 41.613204688999986], [-8.675921889999984, 41.61208646099999], [-8.676514116000021, 41.61118332900003], [-8.675897281999994, 41.60916052599998], [-8.674082843000008, 41.60736848200003], [-8.672841909999988, 41.60242255700001], [-8.670741006000014, 41.602207373], [-8.669826452999985, 41.600411029999975], [-8.668623313000012, 41.59996651], [-8.668314130999988, 41.59884254899998], [-8.667114744000003, 41.598848155999974], [-8.66679442100002, 41.59637377400003], [-8.662883666000027, 41.594816389000016], [-8.664369823000015, 41.593233935], [-8.664937923000025, 41.589404925999986], [-8.661393411000006, 41.58892701399998], [-8.66108809100001, 41.588253183000006], [-8.656622200000015, 41.59210008299999], [-8.650327920999985, 41.59235380299998], [-8.649125065000021, 41.591909078000015], [-8.646744468999998, 41.59417060599998], [-8.645536240000013, 41.59305061600003], [-8.643748018999986, 41.59440910799998], [-8.640151887999991, 41.59465019200002], [-8.639873275000014, 41.59735239600002], [-8.636599642000022, 41.60051798400002], [-8.634502419, 41.600752280999984], [-8.631821118999994, 41.603014823000024], [-8.630323530999988, 41.60324642900002], [-8.62883283399998, 41.604378306], [-8.626433867000003, 41.604388684000014], [-8.624929362999978, 41.603719926], [-8.623736728999972, 41.604625383999974], [-8.621337747999974, 41.60463565600003], [-8.621641027999999, 41.605084519], [-8.620744806000005, 41.605538509999974], [-8.621070216000021, 41.608913336], [-8.619874039000024, 41.60936860100003], [-8.619834189000017, 41.61166375099998], [-8.617746678999993, 41.613248184999975], [-8.618060128000025, 41.615047507999975], [-8.617160365000018, 41.61505132100001], [-8.616568960999984, 41.616179224999996], [-8.614474502999997, 41.616863308000006], [-8.614479542000026, 41.61753852800001], [-8.615984274000027, 41.618207428999995], [-8.616595957000015, 41.61978040399998], [-8.616607768999984, 41.62135591499998], [-8.615719709000018, 41.62293523599999], [-8.617224564000026, 41.62360411200001], [-8.617846483999983, 41.62652752399998], [-8.619054858000027, 41.627647791000015], [-8.618166776999999, 41.62922713199998], [-8.620278600000006, 41.63079370600002], [-8.622683676000008, 41.631458665000025], [-8.62480082899998, 41.63370038400001], [-8.626600870999994, 41.63369262499998], [-8.628107817, 41.63458642699999], [-8.630506179000008, 41.634350934999986], [-8.630820089999986, 41.636150214], [-8.635929181999984, 41.637253249000025], [-8.636859152999989, 41.641075511], [-8.640159606999987, 41.641060917000004], [-8.640765009000006, 41.641733466999995], [-8.64707131099999, 41.64238052600001], [-8.648009209000008, 41.64710297900001], [-8.643542049000018, 41.65139952300001], [-8.643252652000001, 41.65275128799999], [-8.643265127999996, 41.65432679000003], [-8.644470904000002, 41.65499663899999], [-8.644479837000006, 41.65612199100002], [-8.643883186999972, 41.65657481699998], [-8.647509690999982, 41.65970966200001], [-8.64754923800001, 41.664661217], [-8.646352225999976, 41.66511676099998], [-8.645165937000002, 41.66692270599998], [-8.645775214000025, 41.66804536699999], [-8.645485794000024, 41.66939714199998], [-8.646995634999996, 41.67051575300002], [-8.647010005000027, 41.67231632199997], [-8.647612173000027, 41.672538691], [-8.647337154000013, 41.67569102599998], [-8.645841526000027, 41.67637297900001], [-8.647358727999972, 41.67839186100002], [-8.64677985100002, 41.68109540699999]]]}}, {"type": "Feature", "properties": {"name": "Ribeira da Aldeia", "subBasin": "Neiva", "basin": "PT01_NEIVA", "code": "PT01NOR0722"}, "geometry": {"type": "Polygon", "coordinates": [[[-8.723926914999993, 41.614099623000016], [-8.724257745999978, 41.61747410999999], [-8.726353098000004, 41.61701312500003], [-8.727840265999987, 41.61565494199999], [-8.730245868999987, 41.61631768000001], [-8.731435110000007, 41.61518607300002], [-8.735036200000025, 41.615392310000004], [-8.735625518999996, 41.61426381199999], [-8.738029014999995, 41.61470131499999], [-8.738012142999992, 41.61290075900001], [-8.737099802999978, 41.611555098], [-8.737376524000013, 41.609077759], [-8.736774646000015, 41.60885585], [-8.737040852999996, 41.60525317700001], [-8.736432697999987, 41.60435605800001], [-8.738217123000027, 41.60277108399998], [-8.738204470000028, 41.601420682000025], [-8.73609710400001, 41.60053146199999], [-8.736382208000009, 41.59895440299999], [-8.735155571999996, 41.596034824000014], [-8.732746507000002, 41.594922054999984], [-8.732438321000018, 41.594023338], [-8.733924833000003, 41.592665092999994], [-8.73542179399999, 41.59243215700002], [-8.737203797999996, 41.59062214199997], [-8.739298184999996, 41.59016093399998], [-8.739285504999998, 41.588810524999985], [-8.741373447, 41.58767406599998], [-8.741630799000006, 41.583171117999996], [-8.741031279000026, 41.583174289], [-8.740469422999979, 41.58110737099997], [-8.738354243999993, 41.579317917000026], [-8.736262312999997, 41.58000417599999], [-8.736538931999974, 41.577526836000004], [-8.735931053999991, 41.576629717], [-8.734430262999979, 41.576412514000026], [-8.734423977000006, 41.575737308999976], [-8.733533151000017, 41.57664229599999], [-8.726633005999986, 41.576002969], [-8.725737934999984, 41.576457757000014], [-8.725748260999978, 41.577583102000006], [-8.725150842999994, 41.577811269999984], [-8.72424130799999, 41.576690568000004], [-8.721837257000004, 41.576027685999975], [-8.721221393000008, 41.57423019999999], [-8.720316079999975, 41.573559596999985], [-8.718813376000014, 41.573117120999996], [-8.717920326000012, 41.57379691800003], [-8.716421707999984, 41.57380454999998], [-8.713999614999977, 41.57111587700001], [-8.713400191000005, 41.571118910999985], [-8.713088356000014, 41.56977000699999], [-8.711585800000023, 41.56932743200002], [-8.709489871000017, 41.56956306799998], [-8.707703658000014, 41.57092251099999], [-8.701703482000028, 41.570277180000005], [-8.701121876999991, 41.57230578999997], [-8.698739886999988, 41.574118227999975], [-8.698451982999984, 41.575470138000014], [-8.697260907999976, 41.57637633600001], [-8.695464431000005, 41.57661025800002], [-8.692178990999992, 41.57797684000002], [-8.691587287000004, 41.57888005199999], [-8.685607672000003, 41.58070972600001], [-8.685636564999982, 41.58408579600001], [-8.684137695000004, 41.584093026000005], [-8.68414922300002, 41.58544345199999], [-8.685303126999997, 41.586832544], [-8.687709169000016, 41.587721224999996], [-8.690405343000009, 41.587483041999974], [-8.691314453000018, 41.58860401099997], [-8.693407155999978, 41.58791854200001], [-8.694616110000027, 41.58903802200001], [-8.697320193999985, 41.58969995899997], [-8.697927671999992, 41.59059727900001], [-8.69675007799998, 41.59307897100001], [-8.69855882600001, 41.594195438999975], [-8.698270832999981, 41.59554733700003], [-8.69978577400002, 41.597340488999976], [-8.699203877999992, 41.59936908200001], [-8.700411170999985, 41.600263427000016], [-8.699827281000012, 41.60206695699998], [-8.700436887000023, 41.603189336000014], [-8.702238048000027, 41.60340549], [-8.704958725999973, 41.605867832], [-8.707661598000016, 41.606304479000016], [-8.708871132000013, 41.60742382000001], [-8.711570059999985, 41.607410233999985], [-8.714891044000012, 41.60986930600001], [-8.717585994999979, 41.60940543800001], [-8.723926914999993, 41.614099623000016]]]}}, {"type": "Feature", "properties": {"name": "Ribeira de S\u00e3o Vicente", "subBasin": "Neiva", "basin": "PT01_NEIVA", "code": "PT01NOR0723"}, "geometry": {"type": "Polygon", "coordinates": [[[-8.66409160500001, 41.588914519000014], [-8.664937923000025, 41.589404925999986], [-8.664662222000004, 41.59233224899998], [-8.66407555699999, 41.593910542], [-8.662883666000027, 41.594816389000016], [-8.66679442100002, 41.59637377400003], [-8.667114744000003, 41.598848155999974], [-8.668314130999988, 41.59884254899998], [-8.668623313000012, 41.59996651], [-8.669826452999985, 41.600411029999975], [-8.670741006000014, 41.602207373], [-8.672841909999988, 41.60242255700001], [-8.674082843000008, 41.60736848200003], [-8.675591713000017, 41.608486734999985], [-8.676510326000027, 41.610733186999994], [-8.675921889999984, 41.61208646099999], [-8.677429017000009, 41.612979618], [-8.676531172000011, 41.61320896699999], [-8.674452573999986, 41.61569471600001], [-8.675361795000015, 41.61681580800001], [-8.675984373000006, 41.61951382199999], [-8.675712824000016, 41.622891315000004], [-8.67872761000001, 41.62467760800001], [-8.679927459999988, 41.624671878000015], [-8.681117749000009, 41.62354078200002], [-8.683817378000015, 41.623527814], [-8.68560747700002, 41.622393783999996], [-8.691902581000022, 41.62191303899999], [-8.69487463500002, 41.61874735599997], [-8.696670324000024, 41.61828836199999], [-8.70143951099999, 41.61488856300002], [-8.704128787999991, 41.613749788999996], [-8.708927343000028, 41.613725783999996], [-8.70953319199998, 41.61439798499998], [-8.71373196799999, 41.61437679400001], [-8.715839491999986, 41.61526641699999], [-8.720638147999978, 41.615241921999996], [-8.722445860999983, 41.616132962999984], [-8.723058041000002, 41.617480288000024], [-8.723953698999992, 41.61702551899998], [-8.723926914999993, 41.614099623000016], [-8.717585994999979, 41.60940543800001], [-8.714891044000012, 41.60986930600001], [-8.711570059999985, 41.607410233999985], [-8.708871132000013, 41.60742382000001], [-8.707661598000016, 41.606304479000016], [-8.704958725999973, 41.605867832], [-8.702238048000027, 41.60340549], [-8.700436887000023, 41.603189336000014], [-8.699827281000012, 41.60206695699998], [-8.700411170999985, 41.600263427000016], [-8.699203877999992, 41.59936908200001], [-8.69978577400002, 41.597340488999976], [-8.698270832999981, 41.59554733700003], [-8.69855882600001, 41.594195438999975], [-8.69675007799998, 41.59307897100001], [-8.697927671999992, 41.59059727900001], [-8.696416869000018, 41.58925425000001], [-8.694616110000027, 41.58903802200001], [-8.693407155999978, 41.58791854200001], [-8.691314453000018, 41.58860401099997], [-8.690405343000009, 41.587483041999974], [-8.687709169000016, 41.587721224999996], [-8.684454766999977, 41.58611721800003], [-8.67576479600001, 41.586608936000005], [-8.669480490000012, 41.587989057000016], [-8.665864380000016, 41.585755146], [-8.664668957000004, 41.58621086699998], [-8.66409160500001, 41.588914519000014]]]}}, {"type": "Feature", "properties": {"name": "Neiva", "subBasin": "Neiva", "basin": "PT01_NEIVA", "code": "PT01NOR0724"}, "geometry": {"type": "Polygon", "coordinates": [[[-8.734600152999974, 41.66513698199998], [-8.737603740999987, 41.66534624399998], [-8.738793745999999, 41.66421457299998], [-8.740590363000024, 41.663754891999986], [-8.741182148999997, 41.662851449000016], [-8.739372855, 41.661960728], [-8.739366501999996, 41.66128552999999], [-8.741143922999981, 41.65880025000001], [-8.740835318999984, 41.65790157800001], [-8.741731406999975, 41.657446666], [-8.741722906999996, 41.656546392999985], [-8.743517144999998, 41.65586161300001], [-8.744106682999984, 41.654733084999975], [-8.749787020999975, 41.652451868000014], [-8.753655642000012, 41.64905480800002], [-8.755156009000018, 41.649046672], [-8.759315474000005, 41.64474753899998], [-8.763509569000007, 41.64404930799998], [-8.764400911999985, 41.64314409299999], [-8.765901121000013, 41.64313581800002], [-8.766812304999974, 41.644256170000006], [-8.774915838000027, 41.644436144999986], [-8.775206921000006, 41.643534208000005], [-8.776404849000016, 41.643302413000015], [-8.776984717000005, 41.641273454999975], [-8.781753561000016, 41.63809547300002], [-8.782326418000025, 41.63539130800001], [-8.785312830999999, 41.63402388100002], [-8.785596897000005, 41.632446723999976], [-8.788585387000012, 41.631304278000016], [-8.790687583000022, 41.631517325999994], [-8.79307597799999, 41.63037820400001], [-8.793362141999978, 41.629026092000004], [-8.792748382000013, 41.62767916199999], [-8.794598001999987, 41.626949095999976], [-8.795179471999973, 41.62514512199999], [-8.796676941999976, 41.62491138799999], [-8.798460449999993, 41.62332550100001], [-8.804757015000007, 41.62306374899998], [-8.805961500000024, 41.62350685500002], [-8.808691652999983, 41.626416843000015], [-8.811386582000011, 41.62595080599999], [-8.813469686000019, 41.624362948], [-8.812555617999976, 41.623017886000014], [-8.812522455000021, 41.61986699200003], [-8.811313273999986, 41.61897382799998], [-8.811291996000023, 41.61694825000001], [-8.81068978799999, 41.616726726000024], [-8.810068719000014, 41.61470468900001], [-8.810049843000002, 41.612904173000004], [-8.811577607999993, 41.611545686], [-8.808526810999979, 41.61066235999999], [-8.808201038999982, 41.60818840899998], [-8.804560391999985, 41.60415833799999], [-8.804218430999981, 41.60010892600002], [-8.797326725999994, 41.600599171], [-8.79671546100002, 41.599477320000005], [-8.793092093999974, 41.597022349999975], [-8.791595253000025, 41.59725602999998], [-8.789176021000003, 41.59524419000002], [-8.787072728999988, 41.594806043999995], [-8.785560009999983, 41.59346419000002], [-8.780167903000006, 41.59394489099998], [-8.777163031999976, 41.593286568999986], [-8.775370873999975, 41.59397185300003], [-8.775064343999986, 41.593298333999996], [-8.773862857999973, 41.59307997399998], [-8.773838289000025, 41.590604240000005], [-8.773236458999975, 41.590382524999995], [-8.77322753499999, 41.589482256999986], [-8.77142210300002, 41.58881708000001], [-8.770202958000027, 41.586798133], [-8.76899718499999, 41.58612957899999], [-8.769874324, 41.583873933999996], [-8.768963944999996, 41.58275359300001], [-8.767762672999993, 41.58253516100001], [-8.767440806000025, 41.58028614300002], [-8.76444329200001, 41.58030268099998], [-8.764136950000022, 41.579629126999976], [-8.762638209999977, 41.579637359], [-8.762327491000008, 41.578513676], [-8.759929542999998, 41.57852680399998], [-8.75844824799998, 41.580335520999995], [-8.756349985999975, 41.580346941000016], [-8.756373877999977, 41.582822695000004], [-8.751894665999998, 41.584647582], [-8.751010431999987, 41.586227888999986], [-8.747993330999975, 41.5842184], [-8.746796387000018, 41.584449888999984], [-8.744670283999994, 41.58153520600001], [-8.742571963999978, 41.581546375000016], [-8.74077765200002, 41.58200605500002], [-8.741031279000026, 41.583174289], [-8.741630799000006, 41.583171117999996], [-8.741373447, 41.58767406599998], [-8.739285504999998, 41.588810524999985], [-8.739000486999998, 41.59038757500002], [-8.737203797999996, 41.59062214199997], [-8.73542179399999, 41.59243215700002], [-8.733924833000003, 41.592665092999994], [-8.732438321000018, 41.594023338], [-8.732746507000002, 41.594922054999984], [-8.735155571999996, 41.596034824000014], [-8.736382208000009, 41.59895440299999], [-8.73609710400001, 41.60053146199999], [-8.738204470000028, 41.601420682000025], [-8.738217123000027, 41.60277108399998], [-8.736432697999987, 41.60435605800001], [-8.737040852999996, 41.60525317700001], [-8.736774646000015, 41.60885585], [-8.737376524000013, 41.609077759], [-8.737099802999978, 41.611555098], [-8.738012142999992, 41.61290075900001], [-8.738029014999995, 41.61470131499999], [-8.735625518999996, 41.61426381199999], [-8.735036200000025, 41.615392310000004], [-8.731435110000007, 41.61518607300002], [-8.730245868999987, 41.61631768000001], [-8.727840265999987, 41.61565494199999], [-8.726353098000004, 41.61701312500003], [-8.724257745999978, 41.61747410999999], [-8.723353852999992, 41.61702860499997], [-8.723058041000002, 41.617480288000024], [-8.722445860999983, 41.616132962999984], [-8.720638147999978, 41.615241921999996], [-8.715839491999986, 41.61526641699999], [-8.71373196799999, 41.61437679400001], [-8.70953319199998, 41.61439798499998], [-8.708927343000028, 41.613725783999996], [-8.704128787999991, 41.613749788999996], [-8.70143951099999, 41.61488856300002], [-8.696670324000024, 41.61828836199999], [-8.69487463500002, 41.61874735599997], [-8.691902581000022, 41.62191303899999], [-8.689204963999998, 41.622151266], [-8.689514621, 41.62327515999999], [-8.692525894000028, 41.62461094700001], [-8.694627583999988, 41.62482573199998], [-8.696427367000013, 41.62481688499997], [-8.700611017000028, 41.62299556099998], [-8.701512857000012, 41.62321616700001], [-8.706646080999974, 41.62701695800001], [-8.707274067000014, 41.630164922999995], [-8.705490119999979, 41.631974490999994], [-8.705206094999994, 41.633776540999975], [-8.708204121999984, 41.63353645400002], [-8.709990031000018, 41.631951922999974], [-8.711804132999987, 41.633518329000026], [-8.715706189000002, 41.63372363399998], [-8.720518517000016, 41.63504953500001], [-8.723500048999995, 41.63300850500002], [-8.725922790000027, 41.63547186400001], [-8.729529146999994, 41.63612838900002], [-8.730141675000027, 41.637475671999994], [-8.729545797000014, 41.637928930999976], [-8.731356362999975, 41.639044893000005], [-8.731664738000006, 41.63994359499998], [-8.730781336999996, 41.64174883200002], [-8.732592011999998, 41.642864771999996], [-8.733225620999974, 41.64646270399999], [-8.734430060000022, 41.64690655499999], [-8.734453149999979, 41.649382285], [-8.733559220000018, 41.650062218000016], [-8.733569701000022, 41.65118755100002], [-8.735691316999976, 41.653427195000006], [-8.73540594299999, 41.65500423200001], [-8.736008248000019, 41.655226148], [-8.735431181000024, 41.65770504599999], [-8.736031405000006, 41.65770188800002], [-8.736044037999989, 41.659052282000005], [-8.736646382999993, 41.65927419100001], [-8.73668432300002, 41.663325395000015], [-8.734600152999974, 41.66513698199998]]]}}]}