{"type":"FeatureCollection","name":"rivers_flow_network","crs":{"type":"name","properties":{"name":"urn:ogc:def:crs:OGC:1.3:CRS84"}},"features":[{"type":"Feature","properties":{"HYRIV_ID":20579674,"ORD_STRA":1,"HYBAS_L12":2120615320.0,"HYBAS_ID":2120615320,"ELEV_UP_M":226.9,"ELEV_DN_M":185.0,"NEXT_DOWN":0},"geometry":{"type":"LineString","coordinates":[[-8.354166666666913,41.572916666666224],[-8.364583333333599,41.572916666666224],[-8.368750000000261,41.56874999999956],[-8.377083333333587,41.56874999999956],[-8.385416666666941,41.56041666666621],[-8.39375000000021,41.56041666666621],[-8.402083333333564,41.55208333333288],[-8.406250000000227,41.55208333333288],[-8.408333333333111,41.55]]}},{"type":"Feature","properties":{"HYRIV_ID":20579074,"ORD_STRA":1,"HYBAS_L12":2121213570.0,"HYBAS_ID":2121213570,"ELEV_UP_M":61.8,"ELEV_DN_M":61.8,"NEXT_DOWN":20578715},"geometry":{"type":"LineString","coordinates":[[-8.452083333333604,41.55],[-8.452083333333604,41.56041666666621],[-8.447916666666941,41.564583333332855],[-8.452083333333604,41.56874999999956]]}},{"type":"Feature","properties":{"HYRIV_ID":20578716,"ORD_STRA":1,"HYBAS_L12":2121213570.0,"HYBAS_ID":2121213570,"ELEV_UP_M":53.5,"ELEV_DN_M":53.5,"NEXT_DOWN":20578715},"geometry":{"type":"LineString","coordinates":[[-8.445833333333525,41.56874999999956],[-8.452083333333604,41.56874999999956]]}},{"type":"Feature","properties":{"HYRIV_ID":20578715,"ORD_STRA":2,"HYBAS_L12":2121213570.0,"HYBAS_ID":2121213570,"ELEV_UP_M":45.4,"ELEV_DN_M":23.4,"NEXT_DOWN":20578805},"geometry":{"type":"LineString","coordinates":[[-8.452083333333604,41.56874999999956],[-8.460416666666873,41.56874999999956],[-8.468750000000227,41.57708333333287],[-8.47291666666689,41.572916666666224],[-8.477083333333582,41.572916666666224],[-8.481250000000244,41.57708333333287],[-8.489583333333599,41.57708333333287]]}},{"type":"Feature","properties":{"HYRIV_ID":20578158,"ORD_STRA":1,"HYBAS_L12":2120610260.0,"HYBAS_ID":2120610260,"ELEV_UP_M":54.0,"ELEV_DN_M":54.0,"NEXT_DOWN":20577974},"geometry":{"type":"LineString","coordinates":[[-8.418750000000244,41.59166666666622],[-8.418750000000244,41.602083333332864]]}},{"type":"Feature","properties":{"HYRIV_ID":20578227,"ORD_STRA":4,"HYBAS_L12":2121213570.0,"HYBAS_ID":2121213570,"ELEV_UP_M":33.3,"ELEV_DN_M":28.7,"NEXT_DOWN":20578435},"geometry":{"type":"LineString","coordinates":[[-8.447916666666941,41.60624999999953],[-8.452083333333604,41.60624999999953],[-8.456250000000267,41.602083333332864],[-8.460416666666873,41.602083333332864],[-8.464583333333564,41.597916666666215],[-8.468750000000227,41.597916666666215],[-8.477083333333582,41.58958333333285]]}},{"type":"Feature","properties":{"HYRIV_ID":20577974,"ORD_STRA":4,"HYBAS_L12":2120610260.0,"HYBAS_ID":2120610260,"ELEV_UP_M":37.6,"ELEV_DN_M":37.6,"NEXT_DOWN":20577897},"geometry":{"type":"LineString","coordinates":[[-8.418750000000244,41.602083333332864],[-8.422916666666936,41.60624999999953],[-8.427083333333599,41.60624999999953]]}},{"type":"Feature","properties":{"HYRIV_ID":20577897,"ORD_STRA":4,"HYBAS_L12":2121213570.0,"HYBAS_ID":2121213570,"ELEV_UP_M":22.7,"ELEV_DN_M":22.7,"NEXT_DOWN":20578227},"geometry":{"type":"LineString","coordinates":[[-8.427083333333599,41.60624999999953],[-8.447916666666941,41.60624999999953]]}},{"type":"Feature","properties":{"HYRIV_ID":20577975,"ORD_STRA":4,"HYBAS_L12":2120610260.0,"HYBAS_ID":2120610260,"ELEV_UP_M":43.1,"ELEV_DN_M":43.1,"NEXT_DOWN":20577974},"geometry":{"type":"LineString","coordinates":[[-8.39375000000021,41.61041666666623],[-8.410416666666919,41.61041666666623],[-8.418750000000244,41.602083333332864]]}},{"type":"Feature","properties":{"HYRIV_ID":20577899,"ORD_STRA":1,"HYBAS_L12":2120610260.0,"HYBAS_ID":2120610260,"ELEV_UP_M":38.2,"ELEV_DN_M":38.2,"NEXT_DOWN":20577975},"geometry":{"type":"LineString","coordinates":[[-8.39375000000021,41.604166666666195],[-8.39375000000021,41.61041666666623]]}},{"type":"Feature","properties":{"HYRIV_ID":20579591,"ORD_STRA":1,"HYBAS_L12":2121213570.0,"HYBAS_ID":2121213570,"ELEV_UP_M":38.6,"ELEV_DN_M":38.6,"NEXT_DOWN":20579238},"geometry":{"type":"LineString","coordinates":[[-8.520833333334021,41.55],[-8.527083333333564,41.556249999999544]]}},{"type":"Feature","properties":{"HYRIV_ID":20579238,"ORD_STRA":4,"HYBAS_L12":2121213820.0,"HYBAS_ID":2121213820,"ELEV_UP_M":23.8,"ELEV_DN_M":23.8,"NEXT_DOWN":0},"geometry":{"type":"LineString","coordinates":[[-8.527083333333564,41.556249999999544],[-8.531250000000227,41.55208333333288],[-8.539583333333582,41.55208333333288],[-8.541666666666451,41.55]]}},{"type":"Feature","properties":{"HYRIV_ID":20578971,"ORD_STRA":4,"HYBAS_L12":2121213570.0,"HYBAS_ID":2121213570,"ELEV_UP_M":30.8,"ELEV_DN_M":30.8,"NEXT_DOWN":20579238},"geometry":{"type":"LineString","coordinates":[[-8.522916666666873,41.564583333332855],[-8.527083333333564,41.56041666666621],[-8.527083333333564,41.556249999999544]]}},{"type":"Feature","properties":{"HYRIV_ID":20578803,"ORD_STRA":4,"HYBAS_L12":2121213570.0,"HYBAS_ID":2121213570,"ELEV_UP_M":20.1,"ELEV_DN_M":20.1,"NEXT_DOWN":20578971},"geometry":{"type":"LineString","coordinates":[[-8.510416666666941,41.564583333332855],[-8.514583333333604,41.56874999999956],[-8.518750000000267,41.56874999999956],[-8.522916666666873,41.564583333332855]]}},{"type":"Feature","properties":{"HYRIV_ID":20578805,"ORD_STRA":4,"HYBAS_L12":2121213570.0,"HYBAS_ID":2121213570,"ELEV_UP_M":35.8,"ELEV_DN_M":28.0,"NEXT_DOWN":20578803},"geometry":{"type":"LineString","coordinates":[[-8.489583333333599,41.57708333333287],[-8.493750000000261,41.572916666666224],[-8.497916666666924,41.572916666666224],[-8.502083333333587,41.56874999999956],[-8.50625000000025,41.56874999999956],[-8.510416666666941,41.564583333332855]]}},{"type":"Feature","properties":{"HYRIV_ID":20578802,"ORD_STRA":1,"HYBAS_L12":2121213570.0,"HYBAS_ID":2121213570,"ELEV_UP_M":36.9,"ELEV_DN_M":27.8,"NEXT_DOWN":20578971},"geometry":{"type":"LineString","coordinates":[[-8.531250000000227,41.579166666666204],[-8.531250000000227,41.572916666666224],[-8.527083333333564,41.56874999999956],[-8.522916666666873,41.56874999999956],[-8.522916666666873,41.564583333332855]]}},{"type":"Feature","properties":{"HYRIV_ID":20578804,"ORD_STRA":1,"HYBAS_L12":2121213570.0,"HYBAS_ID":2121213570,"ELEV_UP_M":30.1,"ELEV_DN_M":30.1,"NEXT_DOWN":20578803},"geometry":{"type":"LineString","coordinates":[[-8.510416666666941,41.579166666666204],[-8.510416666666941,41.564583333332855]]}},{"type":"Feature","properties":{"HYRIV_ID":20578532,"ORD_STRA":4,"HYBAS_L12":2121213570.0,"HYBAS_ID":2121213570,"ELEV_UP_M":21.3,"ELEV_DN_M":21.3,"NEXT_DOWN":20578805},"geometry":{"type":"LineString","coordinates":[[-8.489583333333599,41.581249999999535],[-8.489583333333599,41.57708333333287]]}},{"type":"Feature","properties":{"HYRIV_ID":20578435,"ORD_STRA":4,"HYBAS_L12":2121213570.0,"HYBAS_ID":2121213570,"ELEV_UP_M":20.4,"ELEV_DN_M":20.4,"NEXT_DOWN":20578532},"geometry":{"type":"LineString","coordinates":[[-8.477083333333582,41.58958333333285],[-8.481250000000244,41.5854166666662],[-8.485416666666907,41.5854166666662],[-8.489583333333599,41.581249999999535]]}},{"type":"Feature","properties":{"HYRIV_ID":20578434,"ORD_STRA":2,"HYBAS_L12":2121213570.0,"HYBAS_ID":2121213570,"ELEV_UP_M":67.2,"ELEV_DN_M":25.2,"NEXT_DOWN":20578532},"geometry":{"type":"LineString","coordinates":[[-8.518750000000267,41.62708333333287],[-8.514583333333604,41.62291666666621],[-8.514583333333604,41.61041666666623],[-8.510416666666941,41.60624999999953],[-8.510416666666941,41.602083333332864],[-8.50625000000025,41.597916666666215],[-8.50625000000025,41.59374999999955],[-8.497916666666924,41.5854166666662],[-8.493750000000261,41.5854166666662],[-8.489583333333599,41.581249999999535]]}},{"type":"Feature","properties":{"HYRIV_ID":20577900,"ORD_STRA":1,"HYBAS_L12":2120610260.0,"HYBAS_ID":2120610260,"ELEV_UP_M":54.5,"ELEV_DN_M":54.5,"NEXT_DOWN":20577697},"geometry":{"type":"LineString","coordinates":[[-8.368750000000261,41.604166666666195],[-8.368750000000261,41.61458333333288]]}},{"type":"Feature","properties":{"HYRIV_ID":20577976,"ORD_STRA":1,"HYBAS_L12":2120610260.0,"HYBAS_ID":2120610260,"ELEV_UP_M":94.8,"ELEV_DN_M":62.4,"NEXT_DOWN":20577699},"geometry":{"type":"LineString","coordinates":[[-8.302083333333599,41.59999999999955],[-8.302083333333599,41.61041666666623],[-8.306250000000261,41.61458333333288],[-8.318750000000279,41.61458333333288],[-8.322916666666941,41.618749999999544],[-8.322916666666941,41.62291666666621]]}},{"type":"Feature","properties":{"HYRIV_ID":20577793,"ORD_STRA":4,"HYBAS_L12":2120610260.0,"HYBAS_ID":2120610260,"ELEV_UP_M":30.4,"ELEV_DN_M":30.4,"NEXT_DOWN":20577975},"geometry":{"type":"LineString","coordinates":[[-8.377083333333587,41.61458333333288],[-8.389583333333604,41.61458333333288],[-8.39375000000021,41.61041666666623]]}},{"type":"Feature","properties":{"HYRIV_ID":20577697,"ORD_STRA":4,"HYBAS_L12":2120610260.0,"HYBAS_ID":2120610260,"ELEV_UP_M":27.6,"ELEV_DN_M":27.6,"NEXT_DOWN":20577793},"geometry":{"type":"LineString","coordinates":[[-8.368750000000261,41.61458333333288],[-8.377083333333587,41.61458333333288]]}},{"type":"Feature","properties":{"HYRIV_ID":20577698,"ORD_STRA":4,"HYBAS_L12":2120610260.0,"HYBAS_ID":2120610260,"ELEV_UP_M":35.0,"ELEV_DN_M":35.0,"NEXT_DOWN":20577697},"geometry":{"type":"LineString","coordinates":[[-8.356250000000273,41.618749999999544],[-8.364583333333599,41.618749999999544],[-8.368750000000261,41.61458333333288]]}},{"type":"Feature","properties":{"HYRIV_ID":20577696,"ORD_STRA":1,"HYBAS_L12":2120610260.0,"HYBAS_ID":2120610260,"ELEV_UP_M":49.2,"ELEV_DN_M":49.2,"NEXT_DOWN":20577793},"geometry":{"type":"LineString","coordinates":[[-8.377083333333587,41.620833333332875],[-8.377083333333587,41.61458333333288]]}},{"type":"Feature","properties":{"HYRIV_ID":20577699,"ORD_STRA":4,"HYBAS_L12":2120610260.0,"HYBAS_ID":2120610260,"ELEV_UP_M":44.8,"ELEV_DN_M":37.0,"NEXT_DOWN":20577698},"geometry":{"type":"LineString","coordinates":[[-8.322916666666941,41.62291666666621],[-8.335416666666902,41.62291666666621],[-8.339583333333564,41.618749999999544],[-8.343750000000256,41.618749999999544],[-8.347916666666919,41.61458333333288],[-8.352083333333582,41.61458333333288],[-8.356250000000273,41.618749999999544]]}},{"type":"Feature","properties":{"HYRIV_ID":20577585,"ORD_STRA":1,"HYBAS_L12":2120610260.0,"HYBAS_ID":2120610260,"ELEV_UP_M":48.4,"ELEV_DN_M":48.4,"NEXT_DOWN":20577698},"geometry":{"type":"LineString","coordinates":[[-8.356250000000273,41.62499999999954],[-8.356250000000273,41.618749999999544]]}},{"type":"Feature","properties":{"HYRIV_ID":20577491,"ORD_STRA":4,"HYBAS_L12":2120610260.0,"HYBAS_ID":2120610260,"ELEV_UP_M":39.4,"ELEV_DN_M":39.4,"NEXT_DOWN":20577699},"geometry":{"type":"LineString","coordinates":[[-8.314583333333616,41.643749999999535],[-8.318750000000279,41.63958333333289],[-8.318750000000279,41.62708333333287],[-8.322916666666941,41.62291666666621]]}},{"type":"Feature","properties":{"HYRIV_ID":20577084,"ORD_STRA":1,"HYBAS_L12":2120610260.0,"HYBAS_ID":2120610260,"ELEV_UP_M":73.1,"ELEV_DN_M":73.1,"NEXT_DOWN":20576985},"geometry":{"type":"LineString","coordinates":[[-8.295833333333604,41.637499999999555],[-8.302083333333599,41.643749999999535],[-8.306250000000261,41.643749999999535]]}},{"type":"Feature","properties":{"HYRIV_ID":20577896,"ORD_STRA":1,"HYBAS_L12":2121213570.0,"HYBAS_ID":2121213570,"ELEV_UP_M":30.7,"ELEV_DN_M":30.7,"NEXT_DOWN":20578227},"geometry":{"type":"LineString","coordinates":[[-8.447916666666941,41.61666666666621],[-8.447916666666941,41.60624999999953]]}},{"type":"Feature","properties":{"HYRIV_ID":20577898,"ORD_STRA":3,"HYBAS_L12":2120610150.0,"HYBAS_ID":2120610150,"ELEV_UP_M":29.9,"ELEV_DN_M":29.9,"NEXT_DOWN":20577897},"geometry":{"type":"LineString","coordinates":[[-8.418750000000244,41.63958333333289],[-8.418750000000244,41.63124999999956],[-8.427083333333599,41.62291666666621],[-8.427083333333599,41.60624999999953]]}},{"type":"Feature","properties":{"HYRIV_ID":20577189,"ORD_STRA":1,"HYBAS_L12":2120610150.0,"HYBAS_ID":2120610150,"ELEV_UP_M":55.0,"ELEV_DN_M":43.0,"NEXT_DOWN":20577898},"geometry":{"type":"LineString","coordinates":[[-8.441666666666919,41.63958333333289],[-8.435416666666924,41.63958333333289],[-8.431250000000261,41.635416666666224],[-8.427083333333599,41.635416666666224],[-8.422916666666936,41.63958333333289],[-8.418750000000244,41.63958333333289]]}},{"type":"Feature","properties":{"HYRIV_ID":20577083,"ORD_STRA":3,"HYBAS_L12":2120610150.0,"HYBAS_ID":2120610150,"ELEV_UP_M":34.2,"ELEV_DN_M":34.2,"NEXT_DOWN":20577898},"geometry":{"type":"LineString","coordinates":[[-8.414583333333582,41.64791666666624],[-8.418750000000244,41.643749999999535],[-8.418750000000244,41.63958333333289]]}},{"type":"Feature","properties":{"HYRIV_ID":20576881,"ORD_STRA":3,"HYBAS_L12":2120610150.0,"HYBAS_ID":2120610150,"ELEV_UP_M":61.4,"ELEV_DN_M":52.6,"NEXT_DOWN":20577083},"geometry":{"type":"LineString","coordinates":[[-8.385416666666941,41.66874999999953],[-8.389583333333604,41.66874999999953],[-8.397916666666902,41.660416666666215],[-8.397916666666902,41.65624999999955],[-8.406250000000227,41.64791666666624],[-8.414583333333582,41.64791666666624]]}},{"type":"Feature","properties":{"HYRIV_ID":20576880,"ORD_STRA":2,"HYBAS_L12":2120610150.0,"HYBAS_ID":2120610150,"ELEV_UP_M":49.7,"ELEV_DN_M":38.0,"NEXT_DOWN":20577083},"geometry":{"type":"LineString","coordinates":[[-8.418750000000244,41.66874999999953],[-8.418750000000244,41.66458333333288],[-8.422916666666936,41.660416666666215],[-8.418750000000244,41.65624999999955],[-8.418750000000244,41.65208333333286],[-8.414583333333582,41.64791666666624]]}},{"type":"Feature","properties":{"HYRIV_ID":20576446,"ORD_STRA":1,"HYBAS_L12":2120610150.0,"HYBAS_ID":2120610150,"ELEV_UP_M":67.3,"ELEV_DN_M":67.3,"NEXT_DOWN":20576880},"geometry":{"type":"LineString","coordinates":[[-8.437500000000256,41.67708333333285],[-8.427083333333599,41.67708333333285],[-8.418750000000244,41.66874999999953]]}},{"type":"Feature","properties":{"HYRIV_ID":20576447,"ORD_STRA":2,"HYBAS_L12":2120610150.0,"HYBAS_ID":2120610150,"ELEV_UP_M":55.5,"ELEV_DN_M":55.5,"NEXT_DOWN":20576880},"geometry":{"type":"LineString","coordinates":[[-8.414583333333582,41.68541666666621],[-8.418750000000244,41.681249999999544],[-8.418750000000244,41.66874999999953]]}},{"type":"Feature","properties":{"HYRIV_ID":20576066,"ORD_STRA":1,"HYBAS_L12":2120610150.0,"HYBAS_ID":2120610150,"ELEV_UP_M":100.3,"ELEV_DN_M":100.3,"NEXT_DOWN":20576447},"geometry":{"type":"LineString","coordinates":[[-8.42916666666693,41.69583333333289],[-8.422916666666936,41.68958333333287],[-8.418750000000244,41.68958333333287],[-8.414583333333582,41.68541666666621]]}},{"type":"Feature","properties":{"HYRIV_ID":20576067,"ORD_STRA":1,"HYBAS_L12":2120610150.0,"HYBAS_ID":2120610150,"ELEV_UP_M":87.3,"ELEV_DN_M":87.3,"NEXT_DOWN":20576447},"geometry":{"type":"LineString","coordinates":[[-8.410416666666919,41.70416666666622],[-8.410416666666919,41.69374999999952],[-8.414583333333582,41.68958333333287],[-8.414583333333582,41.68541666666621]]}},{"type":"Feature","properties":{"HYRIV_ID":20576985,"ORD_STRA":4,"HYBAS_L12":2120610260.0,"HYBAS_ID":2120610260,"ELEV_UP_M":39.1,"ELEV_DN_M":39.1,"NEXT_DOWN":20577491},"geometry":{"type":"LineString","coordinates":[[-8.306250000000261,41.643749999999535],[-8.314583333333616,41.643749999999535]]}},{"type":"Feature","properties":{"HYRIV_ID":20576984,"ORD_STRA":1,"HYBAS_L12":2120610260.0,"HYBAS_ID":2120610260,"ELEV_UP_M":59.0,"ELEV_DN_M":59.0,"NEXT_DOWN":20577491},"geometry":{"type":"LineString","coordinates":[[-8.314583333333616,41.65416666666618],[-8.314583333333616,41.643749999999535]]}},{"type":"Feature","properties":{"HYRIV_ID":20576986,"ORD_STRA":1,"HYBAS_L12":2120610260.0,"HYBAS_ID":2120610260,"ELEV_UP_M":121.0,"ELEV_DN_M":121.0,"NEXT_DOWN":20576985},"geometry":{"type":"LineString","coordinates":[[-8.306250000000261,41.66249999999955],[-8.306250000000261,41.643749999999535]]}},{"type":"Feature","properties":{"HYRIV_ID":20576523,"ORD_STRA":1,"HYBAS_L12":2120610150.0,"HYBAS_ID":2120610150,"ELEV_UP_M":128.2,"ELEV_DN_M":105.6,"NEXT_DOWN":20576881},"geometry":{"type":"LineString","coordinates":[[-8.36666666666693,41.66874999999953],[-8.372916666666953,41.66874999999953],[-8.377083333333587,41.66458333333288],[-8.381250000000279,41.66458333333288],[-8.385416666666941,41.66874999999953]]}},{"type":"Feature","properties":{"HYRIV_ID":20576448,"ORD_STRA":3,"HYBAS_L12":2120610150.0,"HYBAS_ID":2120610150,"ELEV_UP_M":71.1,"ELEV_DN_M":58.3,"NEXT_DOWN":20576881},"geometry":{"type":"LineString","coordinates":[[-8.360416666666936,41.69374999999952],[-8.364583333333599,41.69374999999952],[-8.368750000000261,41.68958333333287],[-8.372916666666953,41.68958333333287],[-8.377083333333587,41.68541666666621],[-8.377083333333587,41.681249999999544],[-8.381250000000279,41.67708333333285],[-8.381250000000279,41.67291666666619],[-8.385416666666941,41.66874999999953]]}},{"type":"Feature","properties":{"HYRIV_ID":20575886,"ORD_STRA":3,"HYBAS_L12":2120610150.0,"HYBAS_ID":2120610150,"ELEV_UP_M":86.1,"ELEV_DN_M":79.8,"NEXT_DOWN":0},"geometry":{"type":"LineString","coordinates":[[-8.360416666666936,41.69374999999952],[-8.356250000000273,41.697916666666224],[-8.347916666666919,41.697916666666224],[-8.343750000000256,41.70208333333289],[-8.339583333333564,41.70208333333289]]}},{"type":"Feature","properties":{"HYRIV_ID":20575885,"ORD_STRA":1,"HYBAS_L12":2120610150.0,"HYBAS_ID":2120610150,"ELEV_UP_M":121.9,"ELEV_DN_M":121.9,"NEXT_DOWN":20576448},"geometry":{"type":"LineString","coordinates":[[-8.370833333333593,41.70833333333287],[-8.360416666666936,41.697916666666224],[-8.360416666666936,41.69374999999952]]}},{"type":"Feature","properties":{"HYRIV_ID":20575717,"ORD_STRA":1,"HYBAS_L12":2120610150.0,"HYBAS_ID":2120610150,"ELEV_UP_M":93.5,"ELEV_DN_M":93.5,"NEXT_DOWN":0},"geometry":{"type":"LineString","coordinates":[[-8.345833333333587,41.71249999999953],[-8.339583333333564,41.706249999999535],[-8.339583333333564,41.70208333333289]]}},{"type":"Feature","properties":{"HYRIV_ID":20575718,"ORD_STRA":3,"HYBAS_L12":2120610150.0,"HYBAS_ID":2120610150,"ELEV_UP_M":70.9,"ELEV_DN_M":70.9,"NEXT_DOWN":0},"geometry":{"type":"LineString","coordinates":[[-8.318750000000279,41.71874999999955],[-8.327083333333547,41.7104166666662],[-8.331250000000239,41.7104166666662],[-8.339583333333564,41.70208333333289]]}},{"type":"Feature","properties":{"HYRIV_ID":20575453,"ORD_STRA":1,"HYBAS_L12":2121212130.0,"HYBAS_ID":2121212131,"ELEV_UP_M":144.6,"ELEV_DN_M":144.6,"NEXT_DOWN":20575353},"geometry":{"type":"LineString","coordinates":[[-8.314583333333616,41.71249999999953],[-8.314583333333616,41.71874999999955]]}},{"type":"Feature","properties":{"HYRIV_ID":20578226,"ORD_STRA":1,"HYBAS_L12":2121213570.0,"HYBAS_ID":2121213570,"ELEV_UP_M":134.9,"ELEV_DN_M":24.6,"NEXT_DOWN":20578435},"geometry":{"type":"LineString","coordinates":[[-8.466666666666896,41.660416666666215],[-8.477083333333582,41.660416666666215],[-8.489583333333599,41.64791666666624],[-8.485416666666907,41.643749999999535],[-8.485416666666907,41.63958333333289],[-8.481250000000244,41.635416666666224],[-8.481250000000244,41.62708333333287],[-8.47291666666689,41.618749999999544],[-8.47291666666689,41.61041666666623],[-8.477083333333582,41.60624999999953],[-8.477083333333582,41.602083333332864],[-8.481250000000244,41.597916666666215],[-8.481250000000244,41.59374999999955],[-8.477083333333582,41.58958333333285]]}},{"type":"Feature","properties":{"HYRIV_ID":20577393,"ORD_STRA":1,"HYBAS_L12":2121213570.0,"HYBAS_ID":2121213570,"ELEV_UP_M":77.1,"ELEV_DN_M":77.1,"NEXT_DOWN":20578434},"geometry":{"type":"LineString","coordinates":[[-8.525000000000205,41.63333333333289],[-8.518750000000267,41.62708333333287]]}},{"type":"Feature","properties":{"HYRIV_ID":20577394,"ORD_STRA":1,"HYBAS_L12":2121213570.0,"HYBAS_ID":2121213570,"ELEV_UP_M":85.0,"ELEV_DN_M":85.0,"NEXT_DOWN":20578434},"geometry":{"type":"LineString","coordinates":[[-8.50833333333361,41.641666666666204],[-8.518750000000267,41.63124999999956],[-8.518750000000267,41.62708333333287]]}},{"type":"Feature","properties":{"HYRIV_ID":20577298,"ORD_STRA":2,"HYBAS_L12":2120019230.0,"HYBAS_ID":2120019230,"ELEV_UP_M":143.3,"ELEV_DN_M":135.0,"NEXT_DOWN":20577392},"geometry":{"type":"LineString","coordinates":[[-8.539583333333582,41.66874999999953],[-8.539583333333582,41.65624999999955],[-8.543750000000244,41.65208333333286],[-8.543750000000244,41.64791666666624],[-8.552083333333599,41.63958333333289],[-8.556250000000261,41.63958333333289],[-8.564583333333587,41.63124999999956]]}},{"type":"Feature","properties":{"HYRIV_ID":20576445,"ORD_STRA":2,"HYBAS_L12":2120019230.0,"HYBAS_ID":2120019230,"ELEV_UP_M":155.0,"ELEV_DN_M":155.0,"NEXT_DOWN":20577298},"geometry":{"type":"LineString","coordinates":[[-8.527083333333564,41.67708333333285],[-8.531250000000227,41.67291666666619],[-8.53541666666689,41.67291666666619],[-8.539583333333582,41.66874999999953]]}},{"type":"Feature","properties":{"HYRIV_ID":20576444,"ORD_STRA":1,"HYBAS_L12":2120019230.0,"HYBAS_ID":2120019230,"ELEV_UP_M":161.6,"ELEV_DN_M":161.6,"NEXT_DOWN":20577298},"geometry":{"type":"LineString","coordinates":[[-8.545833333333576,41.679166666666184],[-8.539583333333582,41.67291666666619],[-8.539583333333582,41.66874999999953]]}},{"type":"Feature","properties":{"HYRIV_ID":20576251,"ORD_STRA":1,"HYBAS_L12":2120019230.0,"HYBAS_ID":2120019230,"ELEV_UP_M":184.0,"ELEV_DN_M":184.0,"NEXT_DOWN":20576445},"geometry":{"type":"LineString","coordinates":[[-8.527083333333564,41.68749999999954],[-8.527083333333564,41.67708333333285]]}},{"type":"Feature","properties":{"HYRIV_ID":20576252,"ORD_STRA":2,"HYBAS_L12":2120019230.0,"HYBAS_ID":2120019230,"ELEV_UP_M":222.2,"ELEV_DN_M":167.9,"NEXT_DOWN":20576445},"geometry":{"type":"LineString","coordinates":[[-8.477083333333582,41.697916666666224],[-8.481250000000244,41.69374999999952],[-8.493750000000261,41.69374999999952],[-8.497916666666924,41.68958333333287],[-8.502083333333587,41.68958333333287],[-8.50625000000025,41.68541666666621],[-8.514583333333604,41.68541666666621],[-8.518750000000267,41.681249999999544],[-8.522916666666873,41.681249999999544],[-8.527083333333564,41.67708333333285]]}},{"type":"Feature","properties":{"HYRIV_ID":20575806,"ORD_STRA":1,"HYBAS_L12":2120019230.0,"HYBAS_ID":2120019230,"ELEV_UP_M":292.2,"ELEV_DN_M":292.2,"NEXT_DOWN":20576252},"geometry":{"type":"LineString","coordinates":[[-8.481250000000244,41.70833333333287],[-8.481250000000244,41.70208333333289],[-8.477083333333582,41.697916666666224]]}},{"type":"Feature","properties":{"HYRIV_ID":20574601,"ORD_STRA":1,"HYBAS_L12":2121211620.0,"HYBAS_ID":2121211620,"ELEV_UP_M":101.0,"ELEV_DN_M":54.1,"NEXT_DOWN":20574271},"geometry":{"type":"LineString","coordinates":[[-8.545833333333576,41.75624999999953],[-8.556250000000261,41.75624999999953],[-8.556250000000261,41.76041666666618],[-8.564583333333587,41.76874999999955],[-8.560416666666924,41.7729166666662],[-8.560416666666924,41.77708333333286]]}},{"type":"Feature","properties":{"HYRIV_ID":20577082,"ORD_STRA":2,"HYBAS_L12":2120019230.0,"HYBAS_ID":2120019230,"ELEV_UP_M":70.1,"ELEV_DN_M":70.1,"NEXT_DOWN":20577296},"geometry":{"type":"LineString","coordinates":[[-8.627083333333587,41.643749999999535],[-8.622916666666924,41.63958333333289]]}},{"type":"Feature","properties":{"HYRIV_ID":20576983,"ORD_STRA":1,"HYBAS_L12":2120019230.0,"HYBAS_ID":2120019230,"ELEV_UP_M":140.3,"ELEV_DN_M":95.9,"NEXT_DOWN":20577082},"geometry":{"type":"LineString","coordinates":[[-8.593750000000227,41.666666666666195],[-8.593750000000227,41.660416666666215],[-8.59791666666689,41.660416666666215],[-8.602083333333553,41.65624999999955],[-8.606250000000244,41.65624999999955],[-8.610416666666907,41.65208333333286],[-8.61458333333357,41.65208333333286],[-8.622916666666924,41.643749999999535],[-8.627083333333587,41.643749999999535]]}},{"type":"Feature","properties":{"HYRIV_ID":20576982,"ORD_STRA":1,"HYBAS_L12":2120019230.0,"HYBAS_ID":2120019230,"ELEV_UP_M":154.2,"ELEV_DN_M":71.1,"NEXT_DOWN":20577082},"geometry":{"type":"LineString","coordinates":[[-8.583333333333599,41.68541666666621],[-8.593750000000227,41.68541666666621],[-8.59791666666689,41.681249999999544],[-8.606250000000244,41.681249999999544],[-8.610416666666907,41.67708333333285],[-8.61458333333357,41.67708333333285],[-8.618750000000261,41.67291666666619],[-8.618750000000261,41.66458333333288],[-8.622916666666924,41.660416666666215],[-8.622916666666924,41.65624999999955],[-8.627083333333587,41.65208333333286],[-8.627083333333587,41.643749999999535]]}},{"type":"Feature","properties":{"HYRIV_ID":20575452,"ORD_STRA":1,"HYBAS_L12":2120019260.0,"HYBAS_ID":2120019260,"ELEV_UP_M":32.3,"ELEV_DN_M":3.6,"NEXT_DOWN":0},"geometry":{"type":"LineString","coordinates":[[-8.625000000000256,41.71249999999953],[-8.63125000000025,41.71874999999955],[-8.63125000000025,41.72708333333288],[-8.635416666666941,41.73124999999954],[-8.635416666666941,41.73541666666623],[-8.63125000000025,41.739583333332895],[-8.63125000000025,41.74374999999956],[-8.635416666666941,41.74791666666621],[-8.639583333333604,41.74791666666621]]}},{"type":"Feature","properties":{"HYRIV_ID":20575262,"ORD_STRA":1,"HYBAS_L12":2121211870.0,"HYBAS_ID":2121211870,"ELEV_UP_M":297.9,"ELEV_DN_M":10.9,"NEXT_DOWN":20574530},"geometry":{"type":"LineString","coordinates":[[-8.495833333333593,41.739583333332895],[-8.50625000000025,41.739583333332895],[-8.510416666666941,41.73541666666623],[-8.514583333333604,41.73541666666623],[-8.518750000000267,41.73124999999954],[-8.527083333333564,41.73124999999954],[-8.531250000000227,41.72708333333288],[-8.539583333333582,41.72708333333288],[-8.543750000000244,41.722916666666215],[-8.556250000000261,41.722916666666215],[-8.560416666666924,41.72708333333288],[-8.568750000000279,41.72708333333288],[-8.572916666666941,41.73124999999954],[-8.577083333333604,41.73124999999954],[-8.589583333333536,41.74374999999956],[-8.589583333333536,41.74791666666621],[-8.593750000000227,41.75208333333287],[-8.59791666666689,41.75208333333287],[-8.602083333333553,41.75624999999953],[-8.61458333333357,41.75624999999953],[-8.618750000000261,41.76041666666618]]}},{"type":"Feature","properties":{"HYRIV_ID":20574767,"ORD_STRA":4,"HYBAS_L12":2120019260.0,"HYBAS_ID":2120019260,"ELEV_UP_M":2.9,"ELEV_DN_M":2.9,"NEXT_DOWN":0},"geometry":{"type":"LineString","coordinates":[[-8.63125000000025,41.75624999999953],[-8.639583333333604,41.74791666666621]]}},{"type":"Feature","properties":{"HYRIV_ID":20574600,"ORD_STRA":4,"HYBAS_L12":2121211870.0,"HYBAS_ID":2121211870,"ELEV_UP_M":4.2,"ELEV_DN_M":4.2,"NEXT_DOWN":20574767},"geometry":{"type":"LineString","coordinates":[[-8.618750000000261,41.76041666666618],[-8.622916666666924,41.76041666666618],[-8.627083333333587,41.75624999999953],[-8.63125000000025,41.75624999999953]]}},{"type":"Feature","properties":{"HYRIV_ID":20574530,"ORD_STRA":4,"HYBAS_L12":2121211870.0,"HYBAS_ID":2121211870,"ELEV_UP_M":5.7,"ELEV_DN_M":5.5,"NEXT_DOWN":0},"geometry":{"type":"LineString","coordinates":[[-8.618750000000261,41.76041666666618],[-8.61458333333357,41.76458333333289],[-8.589583333333536,41.76458333333289],[-8.58541666666693,41.76874999999955],[-8.58541666666693,41.7729166666662]]}},{"type":"Feature","properties":{"HYRIV_ID":20574271,"ORD_STRA":4,"HYBAS_L12":2121211870.0,"HYBAS_ID":2121211870,"ELEV_UP_M":11.3,"ELEV_DN_M":11.3,"NEXT_DOWN":0},"geometry":{"type":"LineString","coordinates":[[-8.560416666666924,41.77708333333286],[-8.581250000000267,41.77708333333286],[-8.58541666666693,41.7729166666662]]}},{"type":"Feature","properties":{"HYRIV_ID":20574599,"ORD_STRA":2,"HYBAS_L12":2121211870.0,"HYBAS_ID":2121211870,"ELEV_UP_M":11.4,"ELEV_DN_M":8.3,"NEXT_DOWN":20574767},"geometry":{"type":"LineString","coordinates":[[-8.64791666666693,41.79374999999954],[-8.643750000000267,41.78958333333288],[-8.643750000000267,41.785416666666215],[-8.635416666666941,41.77708333333286],[-8.635416666666941,41.76041666666618],[-8.63125000000025,41.75624999999953]]}},{"type":"Feature","properties":{"HYRIV_ID":20576068,"ORD_STRA":1,"HYBAS_L12":2120610150.0,"HYBAS_ID":2120610150,"ELEV_UP_M":117.7,"ELEV_DN_M":117.7,"NEXT_DOWN":20576447},"geometry":{"type":"LineString","coordinates":[[-8.397916666666902,41.70833333333287],[-8.397916666666902,41.70208333333289],[-8.414583333333582,41.68541666666621]]}},{"type":"Feature","properties":{"HYRIV_ID":20575807,"ORD_STRA":1,"HYBAS_L12":2120019230.0,"HYBAS_ID":2120019230,"ELEV_UP_M":295.4,"ELEV_DN_M":295.4,"NEXT_DOWN":20576252},"geometry":{"type":"LineString","coordinates":[[-8.458333333333542,41.706249999999535],[-8.464583333333564,41.706249999999535],[-8.47291666666689,41.697916666666224],[-8.477083333333582,41.697916666666224]]}},{"type":"Feature","properties":{"HYRIV_ID":20575081,"ORD_STRA":1,"HYBAS_L12":2121211620.0,"HYBAS_ID":2121211620,"ELEV_UP_M":232.1,"ELEV_DN_M":232.1,"NEXT_DOWN":20575006},"geometry":{"type":"LineString","coordinates":[[-8.425000000000267,41.72916666666621],[-8.418750000000244,41.73541666666623]]}},{"type":"Feature","properties":{"HYRIV_ID":20575007,"ORD_STRA":1,"HYBAS_L12":2121211620.0,"HYBAS_ID":2121211620,"ELEV_UP_M":445.3,"ELEV_DN_M":286.6,"NEXT_DOWN":20575006},"geometry":{"type":"LineString","coordinates":[[-8.370833333333593,41.75624999999953],[-8.381250000000279,41.75624999999953],[-8.389583333333604,41.74791666666621],[-8.39375000000021,41.74791666666621],[-8.397916666666902,41.74374999999956],[-8.402083333333564,41.74374999999956],[-8.410416666666919,41.73541666666623],[-8.418750000000244,41.73541666666623]]}},{"type":"Feature","properties":{"HYRIV_ID":20575006,"ORD_STRA":2,"HYBAS_L12":2121211620.0,"HYBAS_ID":2121211620,"ELEV_UP_M":128.9,"ELEV_DN_M":128.9,"NEXT_DOWN":20574441},"geometry":{"type":"LineString","coordinates":[[-8.418750000000244,41.73541666666623],[-8.422916666666936,41.739583333332895],[-8.422916666666936,41.76458333333289]]}},{"type":"Feature","properties":{"HYRIV_ID":20574602,"ORD_STRA":1,"HYBAS_L12":2121211620.0,"HYBAS_ID":2121211620,"ELEV_UP_M":206.8,"ELEV_DN_M":104.0,"NEXT_DOWN":20574441},"geometry":{"type":"LineString","coordinates":[[-8.454166666666936,41.75624999999953],[-8.443750000000279,41.75624999999953],[-8.439583333333587,41.76041666666618],[-8.435416666666924,41.76041666666618],[-8.431250000000261,41.76458333333289],[-8.422916666666936,41.76458333333289]]}},{"type":"Feature","properties":{"HYRIV_ID":20574441,"ORD_STRA":2,"HYBAS_L12":2121211620.0,"HYBAS_ID":2121211620,"ELEV_UP_M":49.5,"ELEV_DN_M":40.8,"NEXT_DOWN":20573913},"geometry":{"type":"LineString","coordinates":[[-8.422916666666936,41.76458333333289],[-8.422916666666936,41.77708333333286],[-8.418750000000244,41.781249999999524],[-8.418750000000244,41.785416666666215],[-8.414583333333582,41.78958333333288]]}},{"type":"Feature","properties":{"HYRIV_ID":20574090,"ORD_STRA":1,"HYBAS_L12":2121211620.0,"HYBAS_ID":2121211620,"ELEV_UP_M":68.4,"ELEV_DN_M":68.4,"NEXT_DOWN":20573913},"geometry":{"type":"LineString","coordinates":[[-8.404166666666896,41.77916666666619],[-8.410416666666919,41.785416666666215],[-8.414583333333582,41.785416666666215],[-8.414583333333582,41.78958333333288]]}},{"type":"Feature","properties":{"HYRIV_ID":20573833,"ORD_STRA":4,"HYBAS_L12":2121211620.0,"HYBAS_ID":2121211620,"ELEV_UP_M":15.5,"ELEV_DN_M":15.5,"NEXT_DOWN":20573831},"geometry":{"type":"LineString","coordinates":[[-8.468750000000227,41.80208333333285],[-8.47291666666689,41.80208333333285],[-8.481250000000244,41.79374999999954]]}},{"type":"Feature","properties":{"HYRIV_ID":20573913,"ORD_STRA":2,"HYBAS_L12":2121211620.0,"HYBAS_ID":2121211620,"ELEV_UP_M":33.0,"ELEV_DN_M":33.0,"NEXT_DOWN":20573675},"geometry":{"type":"LineString","coordinates":[[-8.414583333333582,41.78958333333288],[-8.414583333333582,41.79791666666619],[-8.422916666666936,41.80624999999956],[-8.427083333333599,41.80624999999956]]}},{"type":"Feature","properties":{"HYRIV_ID":20574272,"ORD_STRA":4,"HYBAS_L12":2121211620.0,"HYBAS_ID":2121211620,"ELEV_UP_M":21.9,"ELEV_DN_M":21.9,"NEXT_DOWN":20574271},"geometry":{"type":"LineString","coordinates":[[-8.543750000000244,41.781249999999524],[-8.547916666666907,41.781249999999524],[-8.556250000000261,41.7729166666662],[-8.560416666666924,41.77708333333286]]}},{"type":"Feature","properties":{"HYRIV_ID":20574087,"ORD_STRA":4,"HYBAS_L12":2121211620.0,"HYBAS_ID":2121211620,"ELEV_UP_M":9.1,"ELEV_DN_M":9.1,"NEXT_DOWN":20574272},"geometry":{"type":"LineString","coordinates":[[-8.53541666666689,41.781249999999524],[-8.543750000000244,41.781249999999524]]}},{"type":"Feature","properties":{"HYRIV_ID":20574190,"ORD_STRA":1,"HYBAS_L12":2121211620.0,"HYBAS_ID":2121211620,"ELEV_UP_M":58.5,"ELEV_DN_M":58.5,"NEXT_DOWN":20574089},"geometry":{"type":"LineString","coordinates":[[-8.504166666666919,41.77708333333286],[-8.510416666666941,41.77708333333286],[-8.518750000000267,41.785416666666215]]}},{"type":"Feature","properties":{"HYRIV_ID":20574273,"ORD_STRA":1,"HYBAS_L12":2121211620.0,"HYBAS_ID":2121211620,"ELEV_UP_M":86.0,"ELEV_DN_M":86.0,"NEXT_DOWN":20573992},"geometry":{"type":"LineString","coordinates":[[-8.479166666666913,41.77083333333287],[-8.485416666666907,41.77708333333286],[-8.485416666666907,41.79374999999954]]}},{"type":"Feature","properties":{"HYRIV_ID":20574089,"ORD_STRA":4,"HYBAS_L12":2121211620.0,"HYBAS_ID":2121211620,"ELEV_UP_M":21.6,"ELEV_DN_M":21.6,"NEXT_DOWN":20574087},"geometry":{"type":"LineString","coordinates":[[-8.518750000000267,41.785416666666215],[-8.531250000000227,41.785416666666215],[-8.53541666666689,41.781249999999524]]}},{"type":"Feature","properties":{"HYRIV_ID":20574086,"ORD_STRA":1,"HYBAS_L12":2121211620.0,"HYBAS_ID":2121211620,"ELEV_UP_M":23.1,"ELEV_DN_M":23.1,"NEXT_DOWN":20574272},"geometry":{"type":"LineString","coordinates":[[-8.543750000000244,41.78749999999955],[-8.543750000000244,41.781249999999524]]}},{"type":"Feature","properties":{"HYRIV_ID":20573992,"ORD_STRA":4,"HYBAS_L12":2121211620.0,"HYBAS_ID":2121211620,"ELEV_UP_M":25.9,"ELEV_DN_M":21.3,"NEXT_DOWN":20574089},"geometry":{"type":"LineString","coordinates":[[-8.485416666666907,41.79374999999954],[-8.493750000000261,41.79374999999954],[-8.497916666666924,41.78958333333288],[-8.502083333333587,41.78958333333288],[-8.50625000000025,41.79374999999954],[-8.510416666666941,41.79374999999954],[-8.518750000000267,41.785416666666215]]}},{"type":"Feature","properties":{"HYRIV_ID":20574088,"ORD_STRA":1,"HYBAS_L12":2121211620.0,"HYBAS_ID":2121211620,"ELEV_UP_M":59.4,"ELEV_DN_M":41.5,"NEXT_DOWN":20574087},"geometry":{"type":"LineString","coordinates":[[-8.545833333333576,41.79999999999952],[-8.539583333333582,41.79374999999954],[-8.539583333333582,41.78958333333288],[-8.53541666666689,41.785416666666215],[-8.53541666666689,41.781249999999524]]}},{"type":"Feature","properties":{"HYRIV_ID":20573831,"ORD_STRA":4,"HYBAS_L12":2121211620.0,"HYBAS_ID":2121211620,"ELEV_UP_M":14.0,"ELEV_DN_M":14.0,"NEXT_DOWN":20573992},"geometry":{"type":"LineString","coordinates":[[-8.481250000000244,41.79374999999954],[-8.485416666666907,41.79374999999954]]}},{"type":"Feature","properties":{"HYRIV_ID":20573832,"ORD_STRA":1,"HYBAS_L12":2121211620.0,"HYBAS_ID":2121211620,"ELEV_UP_M":223.8,"ELEV_DN_M":44.9,"NEXT_DOWN":20573831},"geometry":{"type":"LineString","coordinates":[[-8.50625000000025,41.82916666666622],[-8.50625000000025,41.81458333333287],[-8.502083333333587,41.81041666666621],[-8.497916666666924,41.81041666666621],[-8.493750000000261,41.80624999999956],[-8.489583333333599,41.80624999999956],[-8.481250000000244,41.79791666666619],[-8.481250000000244,41.79374999999954]]}},{"type":"Feature","properties":{"HYRIV_ID":20573675,"ORD_STRA":4,"HYBAS_L12":2121211620.0,"HYBAS_ID":2121211620,"ELEV_UP_M":26.9,"ELEV_DN_M":26.9,"NEXT_DOWN":20573833},"geometry":{"type":"LineString","coordinates":[[-8.427083333333599,41.80624999999956],[-8.456250000000267,41.80624999999956],[-8.460416666666873,41.80208333333285],[-8.468750000000227,41.80208333333285]]}},{"type":"Feature","properties":{"HYRIV_ID":20573594,"ORD_STRA":4,"HYBAS_L12":2121211620.0,"HYBAS_ID":2121211620,"ELEV_UP_M":24.6,"ELEV_DN_M":24.6,"NEXT_DOWN":20573675},"geometry":{"type":"LineString","coordinates":[[-8.422916666666936,41.81041666666621],[-8.427083333333599,41.80624999999956]]}},{"type":"Feature","properties":{"HYRIV_ID":20573674,"ORD_STRA":1,"HYBAS_L12":2121211620.0,"HYBAS_ID":2121211620,"ELEV_UP_M":64.6,"ELEV_DN_M":64.6,"NEXT_DOWN":20573833},"geometry":{"type":"LineString","coordinates":[[-8.454166666666936,41.81874999999953],[-8.460416666666873,41.81874999999953],[-8.468750000000227,41.81041666666621],[-8.468750000000227,41.80208333333285]]}},{"type":"Feature","properties":{"HYRIV_ID":20573498,"ORD_STRA":4,"HYBAS_L12":2120606480.0,"HYBAS_ID":2120606482,"ELEV_UP_M":22.2,"ELEV_DN_M":22.2,"NEXT_DOWN":20573594},"geometry":{"type":"LineString","coordinates":[[-8.389583333333604,41.81458333333287],[-8.402083333333564,41.81458333333287],[-8.406250000000227,41.81041666666621],[-8.422916666666936,41.81041666666621]]}},{"type":"Feature","properties":{"HYRIV_ID":20573412,"ORD_STRA":4,"HYBAS_L12":2120606480.0,"HYBAS_ID":2120606482,"ELEV_UP_M":37.8,"ELEV_DN_M":37.8,"NEXT_DOWN":20573498},"geometry":{"type":"LineString","coordinates":[[-8.385416666666941,41.81458333333287],[-8.389583333333604,41.81458333333287]]}},{"type":"Feature","properties":{"HYRIV_ID":20573497,"ORD_STRA":3,"HYBAS_L12":2120606390.0,"HYBAS_ID":2120606390,"ELEV_UP_M":35.2,"ELEV_DN_M":34.8,"NEXT_DOWN":0},"geometry":{"type":"LineString","coordinates":[[-8.422916666666936,41.81041666666621],[-8.422916666666936,41.81458333333287],[-8.414583333333582,41.82291666666618],[-8.418750000000244,41.82708333333289],[-8.418750000000244,41.84374999999957],[-8.414583333333582,41.84791666666623],[-8.422916666666936,41.85624999999954]]}},{"type":"Feature","properties":{"HYRIV_ID":20572544,"ORD_STRA":1,"HYBAS_L12":2120606390.0,"HYBAS_ID":2120606390,"ELEV_UP_M":172.7,"ELEV_DN_M":172.7,"NEXT_DOWN":0},"geometry":{"type":"LineString","coordinates":[[-8.495833333333593,41.860416666666204],[-8.422916666666936,41.860416666666204],[-8.422916666666936,41.85624999999954]]}},{"type":"Feature","properties":{"HYRIV_ID":20572545,"ORD_STRA":3,"HYBAS_L12":2120606390.0,"HYBAS_ID":2120606390,"ELEV_UP_M":45.7,"ELEV_DN_M":45.7,"NEXT_DOWN":0},"geometry":{"type":"LineString","coordinates":[[-8.418750000000244,41.860416666666204],[-8.422916666666936,41.85624999999954]]}},{"type":"Feature","properties":{"HYRIV_ID":20572445,"ORD_STRA":2,"HYBAS_L12":2120606390.0,"HYBAS_ID":2120606390,"ELEV_UP_M":130.7,"ELEV_DN_M":55.9,"NEXT_DOWN":20572444},"geometry":{"type":"LineString","coordinates":[[-8.377083333333587,41.87708333333287],[-8.381250000000279,41.87291666666622],[-8.389583333333604,41.87291666666622],[-8.39375000000021,41.868749999999515],[-8.402083333333564,41.868749999999515],[-8.406250000000227,41.86458333333285],[-8.410416666666919,41.86458333333285],[-8.414583333333582,41.860416666666204],[-8.418750000000244,41.860416666666204]]}},{"type":"Feature","properties":{"HYRIV_ID":20572444,"ORD_STRA":3,"HYBAS_L12":2120606390.0,"HYBAS_ID":2120606390,"ELEV_UP_M":53.7,"ELEV_DN_M":52.9,"NEXT_DOWN":0},"geometry":{"type":"LineString","coordinates":[[-8.418750000000244,41.860416666666204],[-8.418750000000244,41.868749999999515],[-8.422916666666936,41.87291666666622],[-8.422916666666936,41.87708333333287],[-8.431250000000261,41.885416666666195]]}},{"type":"Feature","properties":{"HYRIV_ID":20579960,"ORD_STRA":1,"HYBAS_L12":2120019210.0,"HYBAS_ID":2120019210,"ELEV_UP_M":49.9,"ELEV_DN_M":49.9,"NEXT_DOWN":0},"geometry":{"type":"LineString","coordinates":[[-8.72291666666689,41.55416666666621],[-8.72291666666689,41.55]]}},{"type":"Feature","properties":{"HYRIV_ID":20579672,"ORD_STRA":1,"HYBAS_L12":2120019210.0,"HYBAS_ID":2120019210,"ELEV_UP_M":120.1,"ELEV_DN_M":120.1,"NEXT_DOWN":0},"geometry":{"type":"LineString","coordinates":[[-8.664583333333553,41.55416666666621],[-8.664583333333553,41.55]]}},{"type":"Feature","properties":{"HYRIV_ID":20579764,"ORD_STRA":1,"HYBAS_L12":2120019210.0,"HYBAS_ID":2120019210,"ELEV_UP_M":137.0,"ELEV_DN_M":137.0,"NEXT_DOWN":0},"geometry":{"type":"LineString","coordinates":[[-8.697916666666913,41.56666666666623],[-8.697916666666913,41.56041666666621],[-8.702083333333604,41.556249999999544],[-8.702083333333604,41.55]]}},{"type":"Feature","properties":{"HYRIV_ID":20577973,"ORD_STRA":1,"HYBAS_L12":2120019230.0,"HYBAS_ID":2120019230,"ELEV_UP_M":51.4,"ELEV_DN_M":44.7,"NEXT_DOWN":20577694},"geometry":{"type":"LineString","coordinates":[[-8.716666666666924,41.602083333332864],[-8.72291666666689,41.602083333332864],[-8.72291666666689,41.60624999999953],[-8.727083333333553,41.61041666666623],[-8.727083333333553,41.618749999999544]]}},{"type":"Feature","properties":{"HYRIV_ID":20577895,"ORD_STRA":1,"HYBAS_L12":2120019230.0,"HYBAS_ID":2120019230,"ELEV_UP_M":92.6,"ELEV_DN_M":53.8,"NEXT_DOWN":20577583},"geometry":{"type":"LineString","coordinates":[[-8.691666666666919,41.60624999999953],[-8.697916666666913,41.60624999999953],[-8.702083333333604,41.61041666666623],[-8.706250000000267,41.61041666666623],[-8.714583333333593,41.618749999999544],[-8.718750000000199,41.618749999999544]]}},{"type":"Feature","properties":{"HYRIV_ID":20577694,"ORD_STRA":3,"HYBAS_L12":2120019230.0,"HYBAS_ID":2120019230,"ELEV_UP_M":45.2,"ELEV_DN_M":39.6,"NEXT_DOWN":20577693},"geometry":{"type":"LineString","coordinates":[[-8.727083333333553,41.618749999999544],[-8.731250000000216,41.62291666666621],[-8.735416666666907,41.62291666666621],[-8.73958333333357,41.618749999999544],[-8.752083333333587,41.618749999999544],[-8.75625000000025,41.61458333333288]]}},{"type":"Feature","properties":{"HYRIV_ID":20577583,"ORD_STRA":3,"HYBAS_L12":2120019230.0,"HYBAS_ID":2120019230,"ELEV_UP_M":32.8,"ELEV_DN_M":32.8,"NEXT_DOWN":20577694},"geometry":{"type":"LineString","coordinates":[[-8.718750000000199,41.618749999999544],[-8.727083333333553,41.618749999999544]]}},{"type":"Feature","properties":{"HYRIV_ID":20577584,"ORD_STRA":3,"HYBAS_L12":2120019230.0,"HYBAS_ID":2120019230,"ELEV_UP_M":36.0,"ELEV_DN_M":36.0,"NEXT_DOWN":20577583},"geometry":{"type":"LineString","coordinates":[[-8.71041666666693,41.63124999999956],[-8.714583333333593,41.62708333333287],[-8.714583333333593,41.62291666666621],[-8.718750000000199,41.618749999999544]]}},{"type":"Feature","properties":{"HYRIV_ID":20577490,"ORD_STRA":1,"HYBAS_L12":2120019230.0,"HYBAS_ID":2120019230,"ELEV_UP_M":73.0,"ELEV_DN_M":73.0,"NEXT_DOWN":20577295},"geometry":{"type":"LineString","coordinates":[[-8.654166666666868,41.62291666666621],[-8.64791666666693,41.62291666666621],[-8.643750000000267,41.62708333333287],[-8.643750000000267,41.63124999999956]]}},{"type":"Feature","properties":{"HYRIV_ID":20577294,"ORD_STRA":3,"HYBAS_L12":2120019230.0,"HYBAS_ID":2120019230,"ELEV_UP_M":43.2,"ELEV_DN_M":43.2,"NEXT_DOWN":20577584},"geometry":{"type":"LineString","coordinates":[[-8.67708333333357,41.63958333333289],[-8.69375000000025,41.63958333333289],[-8.702083333333604,41.63124999999956],[-8.71041666666693,41.63124999999956]]}},{"type":"Feature","properties":{"HYRIV_ID":20579495,"ORD_STRA":2,"HYBAS_L12":2121213820.0,"HYBAS_ID":2121213820,"ELEV_UP_M":16.8,"ELEV_DN_M":16.8,"NEXT_DOWN":0},"geometry":{"type":"LineString","coordinates":[[-8.602083333333553,41.55208333333288],[-8.602083333333553,41.55]]}},{"type":"Feature","properties":{"HYRIV_ID":20579073,"ORD_STRA":2,"HYBAS_L12":2121213820.0,"HYBAS_ID":2121213820,"ELEV_UP_M":22.6,"ELEV_DN_M":22.6,"NEXT_DOWN":20579495},"geometry":{"type":"LineString","coordinates":[[-8.59791666666689,41.56041666666621],[-8.602083333333553,41.556249999999544],[-8.602083333333553,41.55208333333288]]}},{"type":"Feature","properties":{"HYRIV_ID":20579072,"ORD_STRA":1,"HYBAS_L12":2121213820.0,"HYBAS_ID":2121213820,"ELEV_UP_M":63.1,"ELEV_DN_M":31.9,"NEXT_DOWN":20579495},"geometry":{"type":"LineString","coordinates":[[-8.637500000000244,41.572916666666224],[-8.63125000000025,41.572916666666224],[-8.622916666666924,41.564583333332855],[-8.618750000000261,41.564583333332855],[-8.610416666666907,41.556249999999544],[-8.606250000000244,41.556249999999544],[-8.602083333333553,41.55208333333288]]}},{"type":"Feature","properties":{"HYRIV_ID":20578901,"ORD_STRA":2,"HYBAS_L12":2121213820.0,"HYBAS_ID":2121213820,"ELEV_UP_M":32.5,"ELEV_DN_M":32.5,"NEXT_DOWN":20579073},"geometry":{"type":"LineString","coordinates":[[-8.602083333333553,41.581249999999535],[-8.602083333333553,41.564583333332855],[-8.59791666666689,41.56041666666621]]}},{"type":"Feature","properties":{"HYRIV_ID":20578902,"ORD_STRA":1,"HYBAS_L12":2121213820.0,"HYBAS_ID":2121213820,"ELEV_UP_M":82.2,"ELEV_DN_M":47.2,"NEXT_DOWN":20579073},"geometry":{"type":"LineString","coordinates":[[-8.566666666666919,41.604166666666195],[-8.577083333333604,41.59374999999955],[-8.577083333333604,41.58958333333285],[-8.581250000000267,41.5854166666662],[-8.581250000000267,41.581249999999535],[-8.58541666666693,41.57708333333287],[-8.58541666666693,41.572916666666224],[-8.59791666666689,41.56041666666621]]}},{"type":"Feature","properties":{"HYRIV_ID":20578432,"ORD_STRA":1,"HYBAS_L12":2121213820.0,"HYBAS_ID":2121213820,"ELEV_UP_M":45.8,"ELEV_DN_M":45.8,"NEXT_DOWN":20578901},"geometry":{"type":"LineString","coordinates":[[-8.616666666666902,41.5854166666662],[-8.606250000000244,41.5854166666662],[-8.602083333333553,41.581249999999535]]}},{"type":"Feature","properties":{"HYRIV_ID":20578433,"ORD_STRA":1,"HYBAS_L12":2121213820.0,"HYBAS_ID":2121213820,"ELEV_UP_M":44.4,"ELEV_DN_M":44.4,"NEXT_DOWN":20578901},"geometry":{"type":"LineString","coordinates":[[-8.595833333333616,41.59166666666622],[-8.602083333333553,41.5854166666662],[-8.602083333333553,41.581249999999535]]}},{"type":"Feature","properties":{"HYRIV_ID":20577392,"ORD_STRA":2,"HYBAS_L12":2120019230.0,"HYBAS_ID":2120019230,"ELEV_UP_M":137.8,"ELEV_DN_M":75.4,"NEXT_DOWN":20577296},"geometry":{"type":"LineString","coordinates":[[-8.564583333333587,41.63124999999956],[-8.568750000000279,41.62708333333287],[-8.572916666666941,41.62708333333287],[-8.581250000000267,41.635416666666224],[-8.589583333333536,41.635416666666224],[-8.593750000000227,41.63124999999956],[-8.59791666666689,41.635416666666224],[-8.61458333333357,41.635416666666224],[-8.618750000000261,41.63958333333289],[-8.622916666666924,41.63958333333289]]}},{"type":"Feature","properties":{"HYRIV_ID":20577296,"ORD_STRA":3,"HYBAS_L12":2120019230.0,"HYBAS_ID":2120019230,"ELEV_UP_M":62.1,"ELEV_DN_M":62.1,"NEXT_DOWN":20577295},"geometry":{"type":"LineString","coordinates":[[-8.622916666666924,41.63958333333289],[-8.627083333333587,41.635416666666224],[-8.639583333333604,41.635416666666224],[-8.643750000000267,41.63124999999956]]}},{"type":"Feature","properties":{"HYRIV_ID":20577297,"ORD_STRA":1,"HYBAS_L12":2120019230.0,"HYBAS_ID":2120019230,"ELEV_UP_M":145.9,"ELEV_DN_M":145.9,"NEXT_DOWN":20577392},"geometry":{"type":"LineString","coordinates":[[-8.568750000000279,41.64999999999957],[-8.568750000000279,41.63958333333289],[-8.564583333333587,41.635416666666224],[-8.564583333333587,41.63124999999956]]}},{"type":"Feature","properties":{"HYRIV_ID":20578900,"ORD_STRA":1,"HYBAS_L12":2120019220.0,"HYBAS_ID":2120019220,"ELEV_UP_M":9.8,"ELEV_DN_M":9.8,"NEXT_DOWN":0},"geometry":{"type":"LineString","coordinates":[[-8.783333333333587,41.564583333332855],[-8.789583333333553,41.564583333332855],[-8.793750000000216,41.56041666666621]]}},{"type":"Feature","properties":{"HYRIV_ID":20577894,"ORD_STRA":3,"HYBAS_L12":2120019230.0,"HYBAS_ID":2120019230,"ELEV_UP_M":37.0,"ELEV_DN_M":8.8,"NEXT_DOWN":0},"geometry":{"type":"LineString","coordinates":[[-8.764583333333576,41.61458333333288],[-8.785416666666862,41.61458333333288],[-8.789583333333553,41.61041666666623],[-8.793750000000216,41.61041666666623],[-8.797916666666879,41.60624999999953],[-8.806250000000233,41.60624999999953]]}},{"type":"Feature","properties":{"HYRIV_ID":20577693,"ORD_STRA":3,"HYBAS_L12":2120019230.0,"HYBAS_ID":2120019230,"ELEV_UP_M":24.4,"ELEV_DN_M":24.4,"NEXT_DOWN":20577894},"geometry":{"type":"LineString","coordinates":[[-8.75625000000025,41.61458333333288],[-8.764583333333576,41.61458333333288]]}},{"type":"Feature","properties":{"HYRIV_ID":20577695,"ORD_STRA":1,"HYBAS_L12":2120019230.0,"HYBAS_ID":2120019230,"ELEV_UP_M":33.2,"ELEV_DN_M":33.2,"NEXT_DOWN":20577693},"geometry":{"type":"LineString","coordinates":[[-8.750000000000256,41.61458333333288],[-8.75625000000025,41.61458333333288]]}},{"type":"Feature","properties":{"HYRIV_ID":20577692,"ORD_STRA":1,"HYBAS_L12":2120019230.0,"HYBAS_ID":2120019230,"ELEV_UP_M":26.6,"ELEV_DN_M":26.6,"NEXT_DOWN":20577894},"geometry":{"type":"LineString","coordinates":[[-8.764583333333576,41.62499999999954],[-8.764583333333576,41.61458333333288]]}},{"type":"Feature","properties":{"HYRIV_ID":20576709,"ORD_STRA":1,"HYBAS_L12":2120019250.0,"HYBAS_ID":2120019250,"ELEV_UP_M":15.6,"ELEV_DN_M":10.1,"NEXT_DOWN":0},"geometry":{"type":"LineString","coordinates":[[-8.770833333333599,41.65624999999955],[-8.793750000000216,41.65624999999955],[-8.797916666666879,41.660416666666215],[-8.806250000000233,41.660416666666215],[-8.810416666666896,41.66458333333288],[-8.822916666666913,41.66458333333288]]}},{"type":"Feature","properties":{"HYRIV_ID":20575882,"ORD_STRA":4,"HYBAS_L12":2120019260.0,"HYBAS_ID":2120019260,"ELEV_UP_M":2.8,"ELEV_DN_M":0.8,"NEXT_DOWN":0},"geometry":{"type":"LineString","coordinates":[[-8.743750000000233,41.70208333333289],[-8.752083333333587,41.70208333333289],[-8.75625000000025,41.697916666666224],[-8.781250000000256,41.697916666666224],[-8.785416666666862,41.69374999999952],[-8.793750000000216,41.69374999999952]]}},{"type":"Feature","properties":{"HYRIV_ID":20575881,"ORD_STRA":2,"HYBAS_L12":2120019270.0,"HYBAS_ID":2120019270,"ELEV_UP_M":9.7,"ELEV_DN_M":6.8,"NEXT_DOWN":0},"geometry":{"type":"LineString","coordinates":[[-8.789583333333553,41.7104166666662],[-8.789583333333553,41.706249999999535],[-8.793750000000216,41.706249999999535],[-8.797916666666879,41.70208333333289],[-8.797916666666879,41.69374999999952]]}},{"type":"Feature","properties":{"HYRIV_ID":20575804,"ORD_STRA":1,"HYBAS_L12":2120019270.0,"HYBAS_ID":2120019270,"ELEV_UP_M":9.9,"ELEV_DN_M":9.9,"NEXT_DOWN":0},"geometry":{"type":"LineString","coordinates":[[-8.814583333333587,41.70833333333287],[-8.814583333333587,41.697916666666224]]}},{"type":"Feature","properties":{"HYRIV_ID":20575544,"ORD_STRA":1,"HYBAS_L12":2120019270.0,"HYBAS_ID":2120019270,"ELEV_UP_M":35.7,"ELEV_DN_M":16.9,"NEXT_DOWN":20575881},"geometry":{"type":"LineString","coordinates":[[-8.762500000000244,41.72499999999955],[-8.768750000000267,41.71874999999955],[-8.77291666666693,41.71874999999955],[-8.777083333333593,41.714583333332904],[-8.781250000000256,41.714583333332904],[-8.785416666666862,41.7104166666662],[-8.789583333333553,41.7104166666662]]}},{"type":"Feature","properties":{"HYRIV_ID":20577293,"ORD_STRA":2,"HYBAS_L12":2120019230.0,"HYBAS_ID":2120019230,"ELEV_UP_M":46.2,"ELEV_DN_M":46.2,"NEXT_DOWN":20577584},"geometry":{"type":"LineString","coordinates":[[-8.714583333333593,41.63958333333289],[-8.71041666666693,41.635416666666224],[-8.71041666666693,41.63124999999956]]}},{"type":"Feature","properties":{"HYRIV_ID":20577295,"ORD_STRA":3,"HYBAS_L12":2120019230.0,"HYBAS_ID":2120019230,"ELEV_UP_M":58.1,"ELEV_DN_M":54.1,"NEXT_DOWN":20577294},"geometry":{"type":"LineString","coordinates":[[-8.643750000000267,41.63124999999956],[-8.652083333333593,41.63124999999956],[-8.664583333333553,41.643749999999535],[-8.668750000000216,41.643749999999535],[-8.672916666666907,41.63958333333289],[-8.67708333333357,41.63958333333289]]}},{"type":"Feature","properties":{"HYRIV_ID":20577079,"ORD_STRA":1,"HYBAS_L12":2120019230.0,"HYBAS_ID":2120019230,"ELEV_UP_M":52.5,"ELEV_DN_M":52.5,"NEXT_DOWN":20577293},"geometry":{"type":"LineString","coordinates":[[-8.72291666666689,41.64583333333287],[-8.72291666666689,41.63958333333289],[-8.714583333333593,41.63958333333289]]}},{"type":"Feature","properties":{"HYRIV_ID":20577081,"ORD_STRA":1,"HYBAS_L12":2120019230.0,"HYBAS_ID":2120019230,"ELEV_UP_M":68.9,"ELEV_DN_M":68.9,"NEXT_DOWN":20577294},"geometry":{"type":"LineString","coordinates":[[-8.666666666666885,41.65416666666618],[-8.672916666666907,41.64791666666624],[-8.672916666666907,41.643749999999535],[-8.67708333333357,41.63958333333289]]}},{"type":"Feature","properties":{"HYRIV_ID":20577080,"ORD_STRA":1,"HYBAS_L12":2120019230.0,"HYBAS_ID":2120019230,"ELEV_UP_M":83.5,"ELEV_DN_M":64.9,"NEXT_DOWN":20577293},"geometry":{"type":"LineString","coordinates":[[-8.700000000000273,41.666666666666195],[-8.706250000000267,41.660416666666215],[-8.706250000000267,41.65624999999955],[-8.714583333333593,41.64791666666624],[-8.714583333333593,41.63958333333289]]}},{"type":"Feature","properties":{"HYRIV_ID":20575883,"ORD_STRA":1,"HYBAS_L12":2120019260.0,"HYBAS_ID":2120019260,"ELEV_UP_M":2.7,"ELEV_DN_M":2.7,"NEXT_DOWN":20575882},"geometry":{"type":"LineString","coordinates":[[-8.743750000000233,41.6916666666662],[-8.743750000000233,41.70208333333289]]}},{"type":"Feature","properties":{"HYRIV_ID":20575884,"ORD_STRA":1,"HYBAS_L12":2120019260.0,"HYBAS_ID":2120019260,"ELEV_UP_M":13.6,"ELEV_DN_M":13.6,"NEXT_DOWN":20575716},"geometry":{"type":"LineString","coordinates":[[-8.712500000000261,41.6916666666662],[-8.72291666666689,41.70208333333289],[-8.72291666666689,41.706249999999535]]}},{"type":"Feature","properties":{"HYRIV_ID":20575716,"ORD_STRA":4,"HYBAS_L12":2120019260.0,"HYBAS_ID":2120019260,"ELEV_UP_M":0.5,"ELEV_DN_M":0.5,"NEXT_DOWN":20575882},"geometry":{"type":"LineString","coordinates":[[-8.72291666666689,41.706249999999535],[-8.731250000000216,41.706249999999535],[-8.735416666666907,41.70208333333289],[-8.743750000000233,41.70208333333289]]}},{"type":"Feature","properties":{"HYRIV_ID":20575634,"ORD_STRA":4,"HYBAS_L12":2120019260.0,"HYBAS_ID":2120019260,"ELEV_UP_M":1.6,"ELEV_DN_M":1.6,"NEXT_DOWN":20575716},"geometry":{"type":"LineString","coordinates":[[-8.706250000000267,41.714583333332904],[-8.71041666666693,41.714583333332904],[-8.714583333333593,41.7104166666662],[-8.718750000000199,41.7104166666662],[-8.72291666666689,41.706249999999535]]}},{"type":"Feature","properties":{"HYRIV_ID":20575805,"ORD_STRA":1,"HYBAS_L12":2120019260.0,"HYBAS_ID":2120019260,"ELEV_UP_M":52.1,"ELEV_DN_M":22.2,"NEXT_DOWN":20575180},"geometry":{"type":"LineString","coordinates":[[-8.658333333333559,41.69583333333289],[-8.664583333333553,41.70208333333289],[-8.664583333333553,41.706249999999535],[-8.681250000000233,41.722916666666215],[-8.681250000000233,41.72708333333288]]}},{"type":"Feature","properties":{"HYRIV_ID":20575451,"ORD_STRA":4,"HYBAS_L12":2120019260.0,"HYBAS_ID":2120019260,"ELEV_UP_M":0.9,"ELEV_DN_M":0.6,"NEXT_DOWN":20575634},"geometry":{"type":"LineString","coordinates":[[-8.685416666666924,41.72708333333288],[-8.689583333333587,41.722916666666215],[-8.69375000000025,41.722916666666215],[-8.697916666666913,41.71874999999955],[-8.702083333333604,41.71874999999955],[-8.706250000000267,41.714583333332904]]}},{"type":"Feature","properties":{"HYRIV_ID":20575633,"ORD_STRA":1,"HYBAS_L12":2120019260.0,"HYBAS_ID":2120019260,"ELEV_UP_M":23.5,"ELEV_DN_M":6.6,"NEXT_DOWN":20575716},"geometry":{"type":"LineString","coordinates":[[-8.731250000000216,41.745833333332875],[-8.731250000000216,41.72708333333288],[-8.727083333333553,41.722916666666215],[-8.727083333333553,41.714583333332904],[-8.72291666666689,41.7104166666662],[-8.72291666666689,41.706249999999535]]}},{"type":"Feature","properties":{"HYRIV_ID":20575180,"ORD_STRA":4,"HYBAS_L12":2120019260.0,"HYBAS_ID":2120019260,"ELEV_UP_M":3.8,"ELEV_DN_M":3.8,"NEXT_DOWN":20575451},"geometry":{"type":"LineString","coordinates":[[-8.681250000000233,41.72708333333288],[-8.685416666666924,41.72708333333288]]}},{"type":"Feature","properties":{"HYRIV_ID":20575450,"ORD_STRA":2,"HYBAS_L12":2120019260.0,"HYBAS_ID":2120019260,"ELEV_UP_M":13.2,"ELEV_DN_M":5.8,"NEXT_DOWN":20575634},"geometry":{"type":"LineString","coordinates":[[-8.718750000000199,41.74374999999956],[-8.71041666666693,41.73541666666623],[-8.71041666666693,41.72708333333288],[-8.706250000000267,41.722916666666215],[-8.706250000000267,41.714583333332904]]}},{"type":"Feature","properties":{"HYRIV_ID":20575181,"ORD_STRA":4,"HYBAS_L12":2120019260.0,"HYBAS_ID":2120019260,"ELEV_UP_M":2.6,"ELEV_DN_M":2.6,"NEXT_DOWN":20575180},"geometry":{"type":"LineString","coordinates":[[-8.664583333333553,41.73541666666623],[-8.672916666666907,41.72708333333288],[-8.681250000000233,41.72708333333288]]}},{"type":"Feature","properties":{"HYRIV_ID":20575179,"ORD_STRA":1,"HYBAS_L12":2120019260.0,"HYBAS_ID":2120019260,"ELEV_UP_M":8.7,"ELEV_DN_M":8.7,"NEXT_DOWN":20575451},"geometry":{"type":"LineString","coordinates":[[-8.689583333333587,41.737499999999564],[-8.689583333333587,41.73124999999954],[-8.685416666666924,41.72708333333288]]}},{"type":"Feature","properties":{"HYRIV_ID":20575005,"ORD_STRA":4,"HYBAS_L12":2120019260.0,"HYBAS_ID":2120019260,"ELEV_UP_M":2.6,"ELEV_DN_M":1.8,"NEXT_DOWN":0},"geometry":{"type":"LineString","coordinates":[[-8.664583333333553,41.73541666666623],[-8.656250000000199,41.73541666666623],[-8.652083333333593,41.739583333332895],[-8.64791666666693,41.739583333332895],[-8.639583333333604,41.74791666666621]]}},{"type":"Feature","properties":{"HYRIV_ID":20574867,"ORD_STRA":1,"HYBAS_L12":2120019260.0,"HYBAS_ID":2120019260,"ELEV_UP_M":39.0,"ELEV_DN_M":39.0,"NEXT_DOWN":20575450},"geometry":{"type":"LineString","coordinates":[[-8.708333333333599,41.74999999999954],[-8.714583333333593,41.74374999999956],[-8.718750000000199,41.74374999999956]]}},{"type":"Feature","properties":{"HYRIV_ID":20574866,"ORD_STRA":1,"HYBAS_L12":2120019260.0,"HYBAS_ID":2120019260,"ELEV_UP_M":62.1,"ELEV_DN_M":62.1,"NEXT_DOWN":20575450},"geometry":{"type":"LineString","coordinates":[[-8.727083333333553,41.76666666666622],[-8.727083333333553,41.75624999999953],[-8.718750000000199,41.74791666666621],[-8.718750000000199,41.74374999999956]]}},{"type":"Feature","properties":{"HYRIV_ID":20575004,"ORD_STRA":1,"HYBAS_L12":2120019260.0,"HYBAS_ID":2120019260,"ELEV_UP_M":62.0,"ELEV_DN_M":11.3,"NEXT_DOWN":20575005},"geometry":{"type":"LineString","coordinates":[[-8.708333333333599,41.77708333333286],[-8.697916666666913,41.77708333333286],[-8.681250000000233,41.76041666666618],[-8.681250000000233,41.75624999999953],[-8.664583333333553,41.739583333332895],[-8.664583333333553,41.73541666666623]]}},{"type":"Feature","properties":{"HYRIV_ID":20575449,"ORD_STRA":1,"HYBAS_L12":2120019270.0,"HYBAS_ID":2120019270,"ELEV_UP_M":163.4,"ELEV_DN_M":20.2,"NEXT_DOWN":0},"geometry":{"type":"LineString","coordinates":[[-8.837500000000261,41.737499999999564],[-8.843750000000256,41.73124999999954],[-8.843750000000256,41.72708333333288],[-8.847916666666919,41.722916666666215],[-8.852083333333525,41.722916666666215],[-8.856250000000273,41.71874999999955],[-8.860416666666879,41.71874999999955],[-8.864583333333542,41.714583333332904]]}},{"type":"Feature","properties":{"HYRIV_ID":20575543,"ORD_STRA":1,"HYBAS_L12":2120019270.0,"HYBAS_ID":2120019270,"ELEV_UP_M":49.1,"ELEV_DN_M":25.0,"NEXT_DOWN":20575881},"geometry":{"type":"LineString","coordinates":[[-8.781250000000256,41.74999999999954],[-8.781250000000256,41.73541666666623],[-8.785416666666862,41.73124999999954],[-8.785416666666862,41.722916666666215],[-8.789583333333553,41.71874999999955],[-8.789583333333553,41.7104166666662]]}},{"type":"Feature","properties":{"HYRIV_ID":20574269,"ORD_STRA":1,"HYBAS_L12":2120019270.0,"HYBAS_ID":2120019270,"ELEV_UP_M":46.1,"ELEV_DN_M":46.1,"NEXT_DOWN":0},"geometry":{"type":"LineString","coordinates":[[-8.841666666666924,41.7729166666662],[-8.864583333333542,41.7729166666662],[-8.868750000000233,41.77708333333286]]}},{"type":"Feature","properties":{"HYRIV_ID":20574085,"ORD_STRA":1,"HYBAS_L12":2120019270.0,"HYBAS_ID":2120019270,"ELEV_UP_M":97.3,"ELEV_DN_M":97.3,"NEXT_DOWN":20573734},"geometry":{"type":"LineString","coordinates":[[-8.754166666666919,41.77916666666619],[-8.764583333333576,41.78958333333288],[-8.764583333333576,41.79791666666619]]}},{"type":"Feature","properties":{"HYRIV_ID":20573826,"ORD_STRA":1,"HYBAS_L12":2120019270.0,"HYBAS_ID":2120019270,"ELEV_UP_M":75.6,"ELEV_DN_M":75.6,"NEXT_DOWN":20573732},"geometry":{"type":"LineString","coordinates":[[-8.783333333333587,41.79166666666621],[-8.789583333333553,41.79791666666619]]}},{"type":"Feature","properties":{"HYRIV_ID":20573825,"ORD_STRA":1,"HYBAS_L12":2120019270.0,"HYBAS_ID":2120019270,"ELEV_UP_M":73.5,"ELEV_DN_M":73.5,"NEXT_DOWN":20573731},"geometry":{"type":"LineString","coordinates":[[-8.80208333333357,41.79166666666621],[-8.80208333333357,41.80208333333285]]}},{"type":"Feature","properties":{"HYRIV_ID":20573734,"ORD_STRA":2,"HYBAS_L12":2120019270.0,"HYBAS_ID":2120019270,"ELEV_UP_M":69.2,"ELEV_DN_M":69.2,"NEXT_DOWN":20573733},"geometry":{"type":"LineString","coordinates":[[-8.764583333333576,41.79791666666619],[-8.768750000000267,41.79791666666619],[-8.77291666666693,41.80208333333285],[-8.781250000000256,41.80208333333285]]}},{"type":"Feature","properties":{"HYRIV_ID":20573732,"ORD_STRA":3,"HYBAS_L12":2120019270.0,"HYBAS_ID":2120019270,"ELEV_UP_M":64.4,"ELEV_DN_M":64.4,"NEXT_DOWN":20573731},"geometry":{"type":"LineString","coordinates":[[-8.789583333333553,41.79791666666619],[-8.793750000000216,41.80208333333285],[-8.80208333333357,41.80208333333285]]}},{"type":"Feature","properties":{"HYRIV_ID":20573733,"ORD_STRA":3,"HYBAS_L12":2120019270.0,"HYBAS_ID":2120019270,"ELEV_UP_M":53.9,"ELEV_DN_M":53.9,"NEXT_DOWN":20573732},"geometry":{"type":"LineString","coordinates":[[-8.781250000000256,41.80208333333285],[-8.785416666666862,41.80208333333285],[-8.789583333333553,41.79791666666619]]}},{"type":"Feature","properties":{"HYRIV_ID":20573731,"ORD_STRA":3,"HYBAS_L12":2120019270.0,"HYBAS_ID":2120019270,"ELEV_UP_M":46.0,"ELEV_DN_M":7.8,"NEXT_DOWN":0},"geometry":{"type":"LineString","coordinates":[[-8.80208333333357,41.80208333333285],[-8.806250000000233,41.80208333333285],[-8.810416666666896,41.79791666666619],[-8.814583333333587,41.80208333333285],[-8.83541666666693,41.80208333333285],[-8.839583333333593,41.80624999999956],[-8.856250000000273,41.80624999999956],[-8.860416666666879,41.81041666666621],[-8.864583333333542,41.81041666666621]]}},{"type":"Feature","properties":{"HYRIV_ID":20574270,"ORD_STRA":2,"HYBAS_L12":2121211870.0,"HYBAS_ID":2121211870,"ELEV_UP_M":8.9,"ELEV_DN_M":8.9,"NEXT_DOWN":0},"geometry":{"type":"LineString","coordinates":[[-8.589583333333536,41.79374999999954],[-8.589583333333536,41.781249999999524],[-8.58541666666693,41.77708333333286],[-8.58541666666693,41.7729166666662]]}},{"type":"Feature","properties":{"HYRIV_ID":20573830,"ORD_STRA":1,"HYBAS_L12":2121211870.0,"HYBAS_ID":2121211870,"ELEV_UP_M":27.0,"ELEV_DN_M":27.0,"NEXT_DOWN":20574270},"geometry":{"type":"LineString","coordinates":[[-8.579166666666936,41.79374999999954],[-8.589583333333536,41.79374999999954]]}},{"type":"Feature","properties":{"HYRIV_ID":20573827,"ORD_STRA":1,"HYBAS_L12":2121211870.0,"HYBAS_ID":2121211870,"ELEV_UP_M":22.8,"ELEV_DN_M":22.8,"NEXT_DOWN":20574599},"geometry":{"type":"LineString","coordinates":[[-8.64791666666693,41.79999999999952],[-8.64791666666693,41.79374999999954]]}},{"type":"Feature","properties":{"HYRIV_ID":20573828,"ORD_STRA":2,"HYBAS_L12":2121211870.0,"HYBAS_ID":2121211870,"ELEV_UP_M":32.9,"ELEV_DN_M":32.9,"NEXT_DOWN":20574599},"geometry":{"type":"LineString","coordinates":[[-8.643750000000267,41.81041666666621],[-8.639583333333604,41.80624999999956],[-8.639583333333604,41.80208333333285],[-8.64791666666693,41.79374999999954]]}},{"type":"Feature","properties":{"HYRIV_ID":20573829,"ORD_STRA":2,"HYBAS_L12":2121211870.0,"HYBAS_ID":2121211870,"ELEV_UP_M":38.8,"ELEV_DN_M":38.8,"NEXT_DOWN":20574270},"geometry":{"type":"LineString","coordinates":[[-8.59791666666689,41.81458333333287],[-8.59791666666689,41.80624999999956],[-8.589583333333536,41.79791666666619],[-8.589583333333536,41.79374999999954]]}},{"type":"Feature","properties":{"HYRIV_ID":20573496,"ORD_STRA":2,"HYBAS_L12":2121211870.0,"HYBAS_ID":2121211870,"ELEV_UP_M":53.9,"ELEV_DN_M":53.9,"NEXT_DOWN":20573828},"geometry":{"type":"LineString","coordinates":[[-8.643750000000267,41.81458333333287],[-8.643750000000267,41.81041666666621]]}},{"type":"Feature","properties":{"HYRIV_ID":20573410,"ORD_STRA":1,"HYBAS_L12":2121211870.0,"HYBAS_ID":2121211870,"ELEV_UP_M":53.2,"ELEV_DN_M":53.2,"NEXT_DOWN":20573829},"geometry":{"type":"LineString","coordinates":[[-8.604166666666885,41.81458333333287],[-8.59791666666689,41.81458333333287]]}},{"type":"Feature","properties":{"HYRIV_ID":20573408,"ORD_STRA":1,"HYBAS_L12":2121211870.0,"HYBAS_ID":2121211870,"ELEV_UP_M":56.0,"ELEV_DN_M":56.0,"NEXT_DOWN":20573496},"geometry":{"type":"LineString","coordinates":[[-8.650000000000261,41.81458333333287],[-8.643750000000267,41.81458333333287]]}},{"type":"Feature","properties":{"HYRIV_ID":20573411,"ORD_STRA":2,"HYBAS_L12":2121211870.0,"HYBAS_ID":2121211870,"ELEV_UP_M":65.0,"ELEV_DN_M":65.0,"NEXT_DOWN":20573829},"geometry":{"type":"LineString","coordinates":[[-8.59791666666689,41.82291666666618],[-8.59791666666689,41.81458333333287]]}},{"type":"Feature","properties":{"HYRIV_ID":20573249,"ORD_STRA":1,"HYBAS_L12":2121211870.0,"HYBAS_ID":2121211870,"ELEV_UP_M":187.3,"ELEV_DN_M":187.3,"NEXT_DOWN":20573411},"geometry":{"type":"LineString","coordinates":[[-8.558333333333593,41.82708333333289],[-8.581250000000267,41.82708333333289],[-8.58541666666693,41.82291666666618],[-8.59791666666689,41.82291666666618]]}},{"type":"Feature","properties":{"HYRIV_ID":20573735,"ORD_STRA":1,"HYBAS_L12":2120019270.0,"HYBAS_ID":2120019270,"ELEV_UP_M":403.3,"ELEV_DN_M":279.9,"NEXT_DOWN":20573734},"geometry":{"type":"LineString","coordinates":[[-8.725000000000222,41.81249999999954],[-8.731250000000216,41.80624999999956],[-8.731250000000216,41.80208333333285],[-8.735416666666907,41.79791666666619],[-8.764583333333576,41.79791666666619]]}},{"type":"Feature","properties":{"HYRIV_ID":20573495,"ORD_STRA":1,"HYBAS_L12":2121211870.0,"HYBAS_ID":2121211870,"ELEV_UP_M":89.7,"ELEV_DN_M":89.7,"NEXT_DOWN":20573828},"geometry":{"type":"LineString","coordinates":[[-8.658333333333559,41.81041666666621],[-8.643750000000267,41.81041666666621]]}},{"type":"Feature","properties":{"HYRIV_ID":20572824,"ORD_STRA":1,"HYBAS_L12":2120019290.0,"HYBAS_ID":2120019290,"ELEV_UP_M":370.7,"ELEV_DN_M":220.9,"NEXT_DOWN":20572266},"geometry":{"type":"LineString","coordinates":[[-8.706250000000267,41.841666666666235],[-8.706250000000267,41.85624999999954],[-8.71041666666693,41.860416666666204],[-8.718750000000199,41.860416666666204],[-8.72291666666689,41.86458333333285],[-8.72291666666689,41.868749999999515]]}},{"type":"Feature","properties":{"HYRIV_ID":20572741,"ORD_STRA":1,"HYBAS_L12":2120019290.0,"HYBAS_ID":2120019290,"ELEV_UP_M":220.1,"ELEV_DN_M":220.1,"NEXT_DOWN":20572266},"geometry":{"type":"LineString","coordinates":[[-8.733333333333547,41.8458333333329],[-8.727083333333553,41.85208333333288],[-8.727083333333553,41.86458333333285],[-8.72291666666689,41.868749999999515]]}},{"type":"Feature","properties":{"HYRIV_ID":20572266,"ORD_STRA":2,"HYBAS_L12":2120019290.0,"HYBAS_ID":2120019290,"ELEV_UP_M":110.5,"ELEV_DN_M":110.5,"NEXT_DOWN":20572187},"geometry":{"type":"LineString","coordinates":[[-8.72291666666689,41.868749999999515],[-8.731250000000216,41.87708333333287]]}},{"type":"Feature","properties":{"HYRIV_ID":20572361,"ORD_STRA":1,"HYBAS_L12":2121210680.0,"HYBAS_ID":2121210680,"ELEV_UP_M":156.5,"ELEV_DN_M":156.5,"NEXT_DOWN":20571914},"geometry":{"type":"LineString","coordinates":[[-8.637500000000244,41.86458333333285],[-8.643750000000267,41.86458333333285],[-8.66041666666689,41.88124999999953],[-8.66041666666689,41.885416666666195]]}},{"type":"Feature","properties":{"HYRIV_ID":20572188,"ORD_STRA":1,"HYBAS_L12":2120019290.0,"HYBAS_ID":2120019290,"ELEV_UP_M":160.1,"ELEV_DN_M":160.1,"NEXT_DOWN":20572102},"geometry":{"type":"LineString","coordinates":[[-8.670833333333576,41.87291666666622],[-8.67708333333357,41.87291666666622],[-8.685416666666924,41.88124999999953]]}},{"type":"Feature","properties":{"HYRIV_ID":20572102,"ORD_STRA":3,"HYBAS_L12":2120019290.0,"HYBAS_ID":2120019290,"ELEV_UP_M":104.4,"ELEV_DN_M":99.6,"NEXT_DOWN":20572187},"geometry":{"type":"LineString","coordinates":[[-8.685416666666924,41.88124999999953],[-8.689583333333587,41.88124999999953],[-8.69375000000025,41.87708333333287],[-8.702083333333604,41.87708333333287],[-8.706250000000267,41.88124999999953],[-8.731250000000216,41.88124999999953],[-8.731250000000216,41.87708333333287]]}},{"type":"Feature","properties":{"HYRIV_ID":20572009,"ORD_STRA":3,"HYBAS_L12":2120019290.0,"HYBAS_ID":2120019290,"ELEV_UP_M":165.2,"ELEV_DN_M":154.8,"NEXT_DOWN":20572102},"geometry":{"type":"LineString","coordinates":[[-8.668750000000216,41.889583333332844],[-8.672916666666907,41.889583333332844],[-8.67708333333357,41.885416666666195],[-8.681250000000233,41.885416666666195],[-8.685416666666924,41.88124999999953]]}},{"type":"Feature","properties":{"HYRIV_ID":20571914,"ORD_STRA":3,"HYBAS_L12":2120019290.0,"HYBAS_ID":2120019290,"ELEV_UP_M":139.7,"ELEV_DN_M":139.7,"NEXT_DOWN":20572009},"geometry":{"type":"LineString","coordinates":[[-8.66041666666689,41.885416666666195],[-8.664583333333553,41.885416666666195],[-8.668750000000216,41.889583333332844]]}},{"type":"Feature","properties":{"HYRIV_ID":20573673,"ORD_STRA":2,"HYBAS_L12":2120019270.0,"HYBAS_ID":2120019270,"ELEV_UP_M":78.5,"ELEV_DN_M":78.5,"NEXT_DOWN":20573733},"geometry":{"type":"LineString","coordinates":[[-8.777083333333593,41.81458333333287],[-8.777083333333593,41.81041666666621],[-8.781250000000256,41.80624999999956],[-8.781250000000256,41.80208333333285]]}},{"type":"Feature","properties":{"HYRIV_ID":20573407,"ORD_STRA":1,"HYBAS_L12":2120019270.0,"HYBAS_ID":2120019270,"ELEV_UP_M":101.0,"ELEV_DN_M":101.0,"NEXT_DOWN":20573673},"geometry":{"type":"LineString","coordinates":[[-8.770833333333599,41.81458333333287],[-8.777083333333593,41.81458333333287]]}},{"type":"Feature","properties":{"HYRIV_ID":20573406,"ORD_STRA":1,"HYBAS_L12":2120019270.0,"HYBAS_ID":2120019270,"ELEV_UP_M":109.4,"ELEV_DN_M":109.4,"NEXT_DOWN":20573673},"geometry":{"type":"LineString","coordinates":[[-8.777083333333593,41.82499999999951],[-8.777083333333593,41.81458333333287]]}},{"type":"Feature","properties":{"HYRIV_ID":20572740,"ORD_STRA":1,"HYBAS_L12":2120019290.0,"HYBAS_ID":2120019290,"ELEV_UP_M":16.4,"ELEV_DN_M":16.4,"NEXT_DOWN":20572263},"geometry":{"type":"LineString","coordinates":[[-8.810416666666896,41.8458333333329],[-8.810416666666896,41.868749999999515]]}},{"type":"Feature","properties":{"HYRIV_ID":20572543,"ORD_STRA":1,"HYBAS_L12":2120019290.0,"HYBAS_ID":2120019290,"ELEV_UP_M":63.2,"ELEV_DN_M":15.1,"NEXT_DOWN":20572264},"geometry":{"type":"LineString","coordinates":[[-8.775000000000261,41.85416666666621],[-8.789583333333553,41.868749999999515],[-8.793750000000216,41.86458333333285],[-8.80208333333357,41.86458333333285],[-8.806250000000233,41.868749999999515]]}},{"type":"Feature","properties":{"HYRIV_ID":20572443,"ORD_STRA":1,"HYBAS_L12":2120019280.0,"HYBAS_ID":2120019280,"ELEV_UP_M":2.6,"ELEV_DN_M":2.6,"NEXT_DOWN":0},"geometry":{"type":"LineString","coordinates":[[-8.854166666666941,41.85833333333287],[-8.847916666666919,41.86458333333285],[-8.847916666666919,41.868749999999515]]}},{"type":"Feature","properties":{"HYRIV_ID":20572264,"ORD_STRA":3,"HYBAS_L12":2120019290.0,"HYBAS_ID":2120019290,"ELEV_UP_M":1.0,"ELEV_DN_M":1.0,"NEXT_DOWN":20572263},"geometry":{"type":"LineString","coordinates":[[-8.806250000000233,41.868749999999515],[-8.810416666666896,41.868749999999515]]}},{"type":"Feature","properties":{"HYRIV_ID":20572263,"ORD_STRA":3,"HYBAS_L12":2120019290.0,"HYBAS_ID":2120019290,"ELEV_UP_M":1.2,"ELEV_DN_M":1.2,"NEXT_DOWN":0},"geometry":{"type":"LineString","coordinates":[[-8.810416666666896,41.868749999999515],[-8.814583333333587,41.87291666666622],[-8.81875000000025,41.868749999999515],[-8.822916666666913,41.868749999999515],[-8.83541666666693,41.88124999999953]]}},{"type":"Feature","properties":{"HYRIV_ID":20572187,"ORD_STRA":3,"HYBAS_L12":2120019290.0,"HYBAS_ID":2120019290,"ELEV_UP_M":55.3,"ELEV_DN_M":22.9,"NEXT_DOWN":20572265},"geometry":{"type":"LineString","coordinates":[[-8.731250000000216,41.87708333333287],[-8.735416666666907,41.87708333333287],[-8.73958333333357,41.87291666666622],[-8.743750000000233,41.87708333333287],[-8.747916666666924,41.87708333333287],[-8.752083333333587,41.88124999999953],[-8.760416666666941,41.88124999999953],[-8.764583333333576,41.885416666666195],[-8.764583333333576,41.889583333332844]]}},{"type":"Feature","properties":{"HYRIV_ID":20572265,"ORD_STRA":3,"HYBAS_L12":2120019290.0,"HYBAS_ID":2120019290,"ELEV_UP_M":21.5,"ELEV_DN_M":7.9,"NEXT_DOWN":20572264},"geometry":{"type":"LineString","coordinates":[[-8.764583333333576,41.889583333332844],[-8.768750000000267,41.89374999999955],[-8.77291666666693,41.89374999999955],[-8.777083333333593,41.889583333332844],[-8.789583333333553,41.889583333332844],[-8.797916666666879,41.88124999999953],[-8.797916666666879,41.87708333333287],[-8.806250000000233,41.868749999999515]]}},{"type":"Feature","properties":{"HYRIV_ID":20573409,"ORD_STRA":1,"HYBAS_L12":2121211870.0,"HYBAS_ID":2121211870,"ELEV_UP_M":89.2,"ELEV_DN_M":89.2,"NEXT_DOWN":20573496},"geometry":{"type":"LineString","coordinates":[[-8.645833333333599,41.83749999999953],[-8.639583333333604,41.83124999999955],[-8.639583333333604,41.81874999999953],[-8.643750000000267,41.81458333333287]]}},{"type":"Feature","properties":{"HYRIV_ID":20573248,"ORD_STRA":2,"HYBAS_L12":2121211870.0,"HYBAS_ID":2121211870,"ELEV_UP_M":81.2,"ELEV_DN_M":81.2,"NEXT_DOWN":20573411},"geometry":{"type":"LineString","coordinates":[[-8.593750000000227,41.83124999999955],[-8.593750000000227,41.82708333333289],[-8.59791666666689,41.82291666666618]]}},{"type":"Feature","properties":{"HYRIV_ID":20573070,"ORD_STRA":1,"HYBAS_L12":2121211870.0,"HYBAS_ID":2121211870,"ELEV_UP_M":320.3,"ELEV_DN_M":156.4,"NEXT_DOWN":20573248},"geometry":{"type":"LineString","coordinates":[[-8.545833333333576,41.85208333333288],[-8.564583333333587,41.85208333333288],[-8.568750000000279,41.84791666666623],[-8.572916666666941,41.84791666666623],[-8.577083333333604,41.84374999999957],[-8.581250000000267,41.84374999999957],[-8.593750000000227,41.83124999999955]]}},{"type":"Feature","properties":{"HYRIV_ID":20573069,"ORD_STRA":1,"HYBAS_L12":2121211870.0,"HYBAS_ID":2121211870,"ELEV_UP_M":170.5,"ELEV_DN_M":127.4,"NEXT_DOWN":20573248},"geometry":{"type":"LineString","coordinates":[[-8.604166666666885,41.85416666666621],[-8.59791666666689,41.84791666666623],[-8.59791666666689,41.839583333332904],[-8.593750000000227,41.83541666666621],[-8.593750000000227,41.83124999999955]]}},{"type":"Feature","properties":{"HYRIV_ID":20572010,"ORD_STRA":1,"HYBAS_L12":2121210680.0,"HYBAS_ID":2121210680,"ELEV_UP_M":235.2,"ELEV_DN_M":170.6,"NEXT_DOWN":20571822},"geometry":{"type":"LineString","coordinates":[[-8.604166666666885,41.885416666666195],[-8.622916666666924,41.885416666666195],[-8.627083333333587,41.88124999999953],[-8.63125000000025,41.88124999999953],[-8.639583333333604,41.889583333332844],[-8.639583333333604,41.89374999999955]]}},{"type":"Feature","properties":{"HYRIV_ID":20571822,"ORD_STRA":3,"HYBAS_L12":2121210680.0,"HYBAS_ID":2121210680,"ELEV_UP_M":137.8,"ELEV_DN_M":137.8,"NEXT_DOWN":20571915},"geometry":{"type":"LineString","coordinates":[[-8.639583333333604,41.89374999999955],[-8.64791666666693,41.89374999999955],[-8.652083333333593,41.889583333332844],[-8.656250000000199,41.889583333332844]]}},{"type":"Feature","properties":{"HYRIV_ID":20571823,"ORD_STRA":1,"HYBAS_L12":2121210680.0,"HYBAS_ID":2121210680,"ELEV_UP_M":368.7,"ELEV_DN_M":251.5,"NEXT_DOWN":20571301},"geometry":{"type":"LineString","coordinates":[[-8.570833333333582,41.88749999999953],[-8.577083333333604,41.89374999999955],[-8.577083333333604,41.89791666666621],[-8.58541666666693,41.906249999999524],[-8.58541666666693,41.91041666666623],[-8.589583333333536,41.91041666666623],[-8.589583333333536,41.91458333333288]]}},{"type":"Feature","properties":{"HYRIV_ID":20571724,"ORD_STRA":3,"HYBAS_L12":2121210680.0,"HYBAS_ID":2121210680,"ELEV_UP_M":194.8,"ELEV_DN_M":158.5,"NEXT_DOWN":20571822},"geometry":{"type":"LineString","coordinates":[[-8.59791666666689,41.91458333333288],[-8.61458333333357,41.91458333333288],[-8.618750000000261,41.91041666666623],[-8.622916666666924,41.91041666666623],[-8.635416666666941,41.89791666666621],[-8.635416666666941,41.89374999999955],[-8.639583333333604,41.89374999999955]]}},{"type":"Feature","properties":{"HYRIV_ID":20571301,"ORD_STRA":3,"HYBAS_L12":2121210680.0,"HYBAS_ID":2121210680,"ELEV_UP_M":242.7,"ELEV_DN_M":242.7,"NEXT_DOWN":20571724},"geometry":{"type":"LineString","coordinates":[[-8.589583333333536,41.91458333333288],[-8.59791666666689,41.91458333333288]]}},{"type":"Feature","properties":{"HYRIV_ID":20571302,"ORD_STRA":3,"HYBAS_L12":2121210680.0,"HYBAS_ID":2121210680,"ELEV_UP_M":284.2,"ELEV_DN_M":284.2,"NEXT_DOWN":20571301},"geometry":{"type":"LineString","coordinates":[[-8.552083333333599,41.91874999999954],[-8.581250000000267,41.91874999999954],[-8.58541666666693,41.91458333333288],[-8.589583333333536,41.91458333333288]]}},{"type":"Feature","properties":{"HYRIV_ID":20579241,"ORD_STRA":3,"HYBAS_L12":2121214100.0,"HYBAS_ID":2121214100,"ELEV_UP_M":141.5,"ELEV_DN_M":141.5,"NEXT_DOWN":0},"geometry":{"type":"LineString","coordinates":[[-8.231250000000273,41.55208333333288],[-8.233333333333142,41.55]]}},{"type":"Feature","properties":{"HYRIV_ID":20579157,"ORD_STRA":2,"HYBAS_L12":2121214100.0,"HYBAS_ID":2121214100,"ELEV_UP_M":152.1,"ELEV_DN_M":152.1,"NEXT_DOWN":20579241},"geometry":{"type":"LineString","coordinates":[[-8.225000000000726,41.55],[-8.22708333333361,41.55208333333288],[-8.231250000000273,41.55208333333288]]}},{"type":"Feature","properties":{"HYRIV_ID":20579239,"ORD_STRA":2,"HYBAS_L12":2121214100.0,"HYBAS_ID":2121214100,"ELEV_UP_M":164.2,"ELEV_DN_M":164.2,"NEXT_DOWN":0},"geometry":{"type":"LineString","coordinates":[[-8.264583333333547,41.56874999999956],[-8.264583333333547,41.56041666666621],[-8.260416666666941,41.556249999999544],[-8.260416666666941,41.55]]}},{"type":"Feature","properties":{"HYRIV_ID":20579075,"ORD_STRA":3,"HYBAS_L12":2121213580.0,"HYBAS_ID":2121213582,"ELEV_UP_M":198.8,"ELEV_DN_M":147.8,"NEXT_DOWN":20579241},"geometry":{"type":"LineString","coordinates":[[-8.177083333333599,41.572916666666224],[-8.185416666666868,41.572916666666224],[-8.189583333333616,41.56874999999956],[-8.197916666666885,41.56874999999956],[-8.206250000000239,41.56041666666621],[-8.214583333333593,41.56041666666621],[-8.218750000000256,41.556249999999544],[-8.22708333333361,41.556249999999544],[-8.231250000000273,41.55208333333288]]}},{"type":"Feature","properties":{"HYRIV_ID":20578717,"ORD_STRA":1,"HYBAS_L12":2121214100.0,"HYBAS_ID":2121214100,"ELEV_UP_M":213.1,"ELEV_DN_M":213.1,"NEXT_DOWN":20579239},"geometry":{"type":"LineString","coordinates":[[-8.300000000000267,41.572916666666224],[-8.268750000000239,41.572916666666224],[-8.264583333333547,41.56874999999956]]}},{"type":"Feature","properties":{"HYRIV_ID":20578718,"ORD_STRA":2,"HYBAS_L12":2121214100.0,"HYBAS_ID":2121214100,"ELEV_UP_M":180.9,"ELEV_DN_M":180.9,"NEXT_DOWN":20579239},"geometry":{"type":"LineString","coordinates":[[-8.264583333333547,41.572916666666224],[-8.264583333333547,41.56874999999956]]}},{"type":"Feature","properties":{"HYRIV_ID":20579240,"ORD_STRA":2,"HYBAS_L12":2121214100.0,"HYBAS_ID":2121214100,"ELEV_UP_M":351.9,"ELEV_DN_M":184.0,"NEXT_DOWN":0},"geometry":{"type":"LineString","coordinates":[[-8.214583333333593,41.602083333332864],[-8.218750000000256,41.602083333332864],[-8.22708333333361,41.59374999999955],[-8.22708333333361,41.58958333333285],[-8.222916666666919,41.5854166666662],[-8.231250000000273,41.57708333333287],[-8.235416666666936,41.57708333333287],[-8.239583333333599,41.572916666666224],[-8.239583333333599,41.56041666666621],[-8.247916666666953,41.55208333333288],[-8.245833333334069,41.55]]}},{"type":"Feature","properties":{"HYRIV_ID":20578617,"ORD_STRA":1,"HYBAS_L12":2121214100.0,"HYBAS_ID":2121214100,"ELEV_UP_M":228.9,"ELEV_DN_M":228.9,"NEXT_DOWN":20578718},"geometry":{"type":"LineString","coordinates":[[-8.266666666666907,41.604166666666195],[-8.272916666666902,41.597916666666215],[-8.272916666666902,41.581249999999535],[-8.264583333333547,41.572916666666224]]}},{"type":"Feature","properties":{"HYRIV_ID":20578618,"ORD_STRA":1,"HYBAS_L12":2121214100.0,"HYBAS_ID":2121214100,"ELEV_UP_M":324.9,"ELEV_DN_M":245.6,"NEXT_DOWN":20578718},"geometry":{"type":"LineString","coordinates":[[-8.24166666666693,41.612499999999564],[-8.247916666666953,41.60624999999953],[-8.25208333333353,41.60624999999953],[-8.260416666666941,41.597916666666215],[-8.260416666666941,41.59374999999955],[-8.256250000000279,41.58958333333285],[-8.256250000000279,41.581249999999535],[-8.264583333333547,41.572916666666224]]}},{"type":"Feature","properties":{"HYRIV_ID":20578073,"ORD_STRA":1,"HYBAS_L12":2121214100.0,"HYBAS_ID":2121214100,"ELEV_UP_M":449.9,"ELEV_DN_M":440.8,"NEXT_DOWN":20579240},"geometry":{"type":"LineString","coordinates":[[-8.19166666666689,41.604166666666195],[-8.197916666666885,41.597916666666215],[-8.202083333333576,41.597916666666215],[-8.206250000000239,41.602083333332864],[-8.210416666666902,41.597916666666215],[-8.214583333333593,41.602083333332864]]}},{"type":"Feature","properties":{"HYRIV_ID":20578806,"ORD_STRA":1,"HYBAS_L12":2121213580.0,"HYBAS_ID":2121213581,"ELEV_UP_M":221.4,"ELEV_DN_M":221.4,"NEXT_DOWN":20579075},"geometry":{"type":"LineString","coordinates":[[-8.166666666666941,41.564583333332855],[-8.172916666666936,41.564583333332855],[-8.177083333333599,41.56874999999956],[-8.177083333333599,41.572916666666224]]}},{"type":"Feature","properties":{"HYRIV_ID":20578807,"ORD_STRA":1,"HYBAS_L12":2121213580.0,"HYBAS_ID":2121213581,"ELEV_UP_M":416.6,"ELEV_DN_M":416.6,"NEXT_DOWN":20578533},"geometry":{"type":"LineString","coordinates":[[-8.100000000000279,41.562499999999524],[-8.106250000000273,41.56874999999956],[-8.106250000000273,41.57708333333287]]}},{"type":"Feature","properties":{"HYRIV_ID":20578620,"ORD_STRA":1,"HYBAS_L12":2121213580.0,"HYBAS_ID":2121213581,"ELEV_UP_M":368.4,"ELEV_DN_M":368.4,"NEXT_DOWN":20578436},"geometry":{"type":"LineString","coordinates":[[-8.114583333333599,41.57083333333289],[-8.114583333333599,41.581249999999535]]}},{"type":"Feature","properties":{"HYRIV_ID":20578533,"ORD_STRA":2,"HYBAS_L12":2121213580.0,"HYBAS_ID":2121213582,"ELEV_UP_M":372.1,"ELEV_DN_M":372.1,"NEXT_DOWN":20578436},"geometry":{"type":"LineString","coordinates":[[-8.106250000000273,41.57708333333287],[-8.110416666666936,41.57708333333287],[-8.114583333333599,41.581249999999535]]}},{"type":"Feature","properties":{"HYRIV_ID":20578619,"ORD_STRA":3,"HYBAS_L12":2121213580.0,"HYBAS_ID":2121213582,"ELEV_UP_M":314.1,"ELEV_DN_M":204.6,"NEXT_DOWN":20579075},"geometry":{"type":"LineString","coordinates":[[-8.127083333333559,41.59374999999955],[-8.135416666666913,41.5854166666662],[-8.139583333333576,41.5854166666662],[-8.14791666666693,41.57708333333287],[-8.156250000000256,41.57708333333287],[-8.160416666666947,41.572916666666224],[-8.164583333333582,41.57708333333287],[-8.172916666666936,41.57708333333287],[-8.177083333333599,41.572916666666224]]}},{"type":"Feature","properties":{"HYRIV_ID":20578436,"ORD_STRA":2,"HYBAS_L12":2121213580.0,"HYBAS_ID":2129806761,"ELEV_UP_M":364.8,"ELEV_DN_M":360.8,"NEXT_DOWN":20578619},"geometry":{"type":"LineString","coordinates":[[-8.114583333333599,41.581249999999535],[-8.114583333333599,41.5854166666662],[-8.118750000000205,41.58958333333285],[-8.122916666666953,41.58958333333285],[-8.127083333333559,41.59374999999955]]}},{"type":"Feature","properties":{"HYRIV_ID":20578534,"ORD_STRA":1,"HYBAS_L12":2121213580.0,"HYBAS_ID":2121213582,"ELEV_UP_M":394.3,"ELEV_DN_M":394.3,"NEXT_DOWN":20578533},"geometry":{"type":"LineString","coordinates":[[-8.1,41.57708333333287],[-8.106250000000273,41.57708333333287]]}},{"type":"Feature","properties":{"HYRIV_ID":20578160,"ORD_STRA":2,"HYBAS_L12":2121213580.0,"HYBAS_ID":2121213582,"ELEV_UP_M":335.3,"ELEV_DN_M":335.3,"NEXT_DOWN":20578619},"geometry":{"type":"LineString","coordinates":[[-8.118750000000205,41.602083333332864],[-8.127083333333559,41.59374999999955]]}},{"type":"Feature","properties":{"HYRIV_ID":20577978,"ORD_STRA":1,"HYBAS_L12":2121213580.0,"HYBAS_ID":2121213582,"ELEV_UP_M":358.3,"ELEV_DN_M":358.3,"NEXT_DOWN":20578160},"geometry":{"type":"LineString","coordinates":[[-8.118750000000205,41.60833333333286],[-8.118750000000205,41.602083333332864]]}},{"type":"Feature","properties":{"HYRIV_ID":20578159,"ORD_STRA":2,"HYBAS_L12":2121213580.0,"HYBAS_ID":2121213582,"ELEV_UP_M":338.3,"ELEV_DN_M":338.3,"NEXT_DOWN":20578619},"geometry":{"type":"LineString","coordinates":[[-8.139583333333576,41.618749999999544],[-8.135416666666913,41.61458333333288],[-8.135416666666913,41.602083333332864],[-8.127083333333559,41.59374999999955]]}},{"type":"Feature","properties":{"HYRIV_ID":20577979,"ORD_STRA":2,"HYBAS_L12":2121213580.0,"HYBAS_ID":2121213582,"ELEV_UP_M":387.3,"ELEV_DN_M":387.3,"NEXT_DOWN":20578160},"geometry":{"type":"LineString","coordinates":[[-8.1,41.602083333332864],[-8.118750000000205,41.602083333332864]]}},{"type":"Feature","properties":{"HYRIV_ID":20577586,"ORD_STRA":1,"HYBAS_L12":2121213580.0,"HYBAS_ID":2121213582,"ELEV_UP_M":397.1,"ELEV_DN_M":397.1,"NEXT_DOWN":20578159},"geometry":{"type":"LineString","coordinates":[[-8.14583333333357,41.618749999999544],[-8.139583333333576,41.618749999999544]]}},{"type":"Feature","properties":{"HYRIV_ID":20577587,"ORD_STRA":2,"HYBAS_L12":2121213580.0,"HYBAS_ID":2121213582,"ELEV_UP_M":354.9,"ELEV_DN_M":354.9,"NEXT_DOWN":20578159},"geometry":{"type":"LineString","coordinates":[[-8.135416666666913,41.635416666666224],[-8.135416666666913,41.62291666666621],[-8.139583333333576,41.618749999999544]]}},{"type":"Feature","properties":{"HYRIV_ID":20577299,"ORD_STRA":1,"HYBAS_L12":2121213580.0,"HYBAS_ID":2121213582,"ELEV_UP_M":412.8,"ELEV_DN_M":383.6,"NEXT_DOWN":20577587},"geometry":{"type":"LineString","coordinates":[[-8.170833333333604,41.63124999999956],[-8.164583333333582,41.63124999999956],[-8.160416666666947,41.635416666666224],[-8.152083333333593,41.635416666666224],[-8.14791666666693,41.63958333333289],[-8.139583333333576,41.63958333333289],[-8.135416666666913,41.635416666666224]]}},{"type":"Feature","properties":{"HYRIV_ID":20577190,"ORD_STRA":1,"HYBAS_L12":2121213580.0,"HYBAS_ID":2121213582,"ELEV_UP_M":409.7,"ELEV_DN_M":409.7,"NEXT_DOWN":20577587},"geometry":{"type":"LineString","coordinates":[[-8.1,41.643749999999535],[-8.122916666666953,41.643749999999535],[-8.131250000000279,41.635416666666224],[-8.135416666666913,41.635416666666224]]}},{"type":"Feature","properties":{"HYRIV_ID":20576254,"ORD_STRA":4,"HYBAS_L12":2121212580.0,"HYBAS_ID":2129434551,"ELEV_UP_M":148.5,"ELEV_DN_M":148.5,"NEXT_DOWN":20576791},"geometry":{"type":"LineString","coordinates":[[-8.168750000000273,41.681249999999544],[-8.172916666666936,41.67708333333285],[-8.177083333333599,41.67708333333285]]}},{"type":"Feature","properties":{"HYRIV_ID":20576155,"ORD_STRA":4,"HYBAS_L12":2121212580.0,"HYBAS_ID":2129434551,"ELEV_UP_M":173.7,"ELEV_DN_M":173.7,"NEXT_DOWN":20576254},"geometry":{"type":"LineString","coordinates":[[-8.118750000000205,41.68958333333287],[-8.131250000000279,41.68958333333287],[-8.135416666666913,41.68541666666621],[-8.14791666666693,41.68541666666621],[-8.152083333333593,41.681249999999544],[-8.168750000000273,41.681249999999544]]}},{"type":"Feature","properties":{"HYRIV_ID":20575977,"ORD_STRA":4,"HYBAS_L12":2121212340.0,"HYBAS_ID":2121212342,"ELEV_UP_M":206.8,"ELEV_DN_M":206.8,"NEXT_DOWN":20576155},"geometry":{"type":"LineString","coordinates":[[-8.1,41.68958333333287],[-8.118750000000205,41.68958333333287]]}},{"type":"Feature","properties":{"HYRIV_ID":20575976,"ORD_STRA":2,"HYBAS_L12":2121212340.0,"HYBAS_ID":2121212342,"ELEV_UP_M":205.4,"ELEV_DN_M":205.4,"NEXT_DOWN":20576155},"geometry":{"type":"LineString","coordinates":[[-8.110416666666936,41.70208333333289],[-8.118750000000205,41.69374999999952],[-8.118750000000205,41.68958333333287]]}},{"type":"Feature","properties":{"HYRIV_ID":20575720,"ORD_STRA":2,"HYBAS_L12":2121212340.0,"HYBAS_ID":2121212342,"ELEV_UP_M":319.5,"ELEV_DN_M":319.5,"NEXT_DOWN":20575976},"geometry":{"type":"LineString","coordinates":[[-8.1,41.706249999999535],[-8.10208333333361,41.706249999999535],[-8.106250000000273,41.70208333333289],[-8.110416666666936,41.70208333333289]]}},{"type":"Feature","properties":{"HYRIV_ID":20577977,"ORD_STRA":1,"HYBAS_L12":2121214100.0,"HYBAS_ID":2121214100,"ELEV_UP_M":448.7,"ELEV_DN_M":448.7,"NEXT_DOWN":20579240},"geometry":{"type":"LineString","coordinates":[[-8.20833333333357,41.60833333333286],[-8.214583333333593,41.602083333332864]]}},{"type":"Feature","properties":{"HYRIV_ID":20576987,"ORD_STRA":4,"HYBAS_L12":2120610260.0,"HYBAS_ID":2120610260,"ELEV_UP_M":84.1,"ELEV_DN_M":67.8,"NEXT_DOWN":20576985},"geometry":{"type":"LineString","coordinates":[[-8.268750000000239,41.65208333333286],[-8.289583333333582,41.65208333333286],[-8.293750000000273,41.64791666666624],[-8.302083333333599,41.64791666666624],[-8.306250000000261,41.643749999999535]]}},{"type":"Feature","properties":{"HYRIV_ID":20576790,"ORD_STRA":2,"HYBAS_L12":2120610260.0,"HYBAS_ID":2120610260,"ELEV_UP_M":121.1,"ELEV_DN_M":121.1,"NEXT_DOWN":20576987},"geometry":{"type":"LineString","coordinates":[[-8.268750000000239,41.66458333333288],[-8.268750000000239,41.65208333333286]]}},{"type":"Feature","properties":{"HYRIV_ID":20576791,"ORD_STRA":4,"HYBAS_L12":2121212580.0,"HYBAS_ID":2121212582,"ELEV_UP_M":155.2,"ELEV_DN_M":87.4,"NEXT_DOWN":20576987},"geometry":{"type":"LineString","coordinates":[[-8.177083333333599,41.67708333333285],[-8.181250000000261,41.67291666666619],[-8.181250000000261,41.66874999999953],[-8.193750000000279,41.65624999999955],[-8.202083333333576,41.65624999999955],[-8.206250000000239,41.65208333333286],[-8.25208333333353,41.65208333333286],[-8.256250000000279,41.65624999999955],[-8.264583333333547,41.65624999999955],[-8.268750000000239,41.65208333333286]]}},{"type":"Feature","properties":{"HYRIV_ID":20576524,"ORD_STRA":1,"HYBAS_L12":2120610260.0,"HYBAS_ID":2120610260,"ELEV_UP_M":198.7,"ELEV_DN_M":198.7,"NEXT_DOWN":20576790},"geometry":{"type":"LineString","coordinates":[[-8.279166666666924,41.67499999999952],[-8.268750000000239,41.66458333333288]]}},{"type":"Feature","properties":{"HYRIV_ID":20576525,"ORD_STRA":1,"HYBAS_L12":2120610260.0,"HYBAS_ID":2120610260,"ELEV_UP_M":528.1,"ELEV_DN_M":528.1,"NEXT_DOWN":20576790},"geometry":{"type":"LineString","coordinates":[[-8.247916666666953,41.6916666666662],[-8.247916666666953,41.68541666666621],[-8.268750000000239,41.66458333333288]]}},{"type":"Feature","properties":{"HYRIV_ID":20576253,"ORD_STRA":1,"HYBAS_L12":2121212580.0,"HYBAS_ID":2121212582,"ELEV_UP_M":414.0,"ELEV_DN_M":193.4,"NEXT_DOWN":20576791},"geometry":{"type":"LineString","coordinates":[[-8.210416666666902,41.72916666666621],[-8.210416666666902,41.722916666666215],[-8.214583333333593,41.71874999999955],[-8.214583333333593,41.7104166666662],[-8.189583333333616,41.68541666666621],[-8.185416666666868,41.68541666666621],[-8.177083333333599,41.67708333333285]]}},{"type":"Feature","properties":{"HYRIV_ID":20575008,"ORD_STRA":1,"HYBAS_L12":2121212130.0,"HYBAS_ID":2121212131,"ELEV_UP_M":598.8,"ELEV_DN_M":215.2,"NEXT_DOWN":20575354},"geometry":{"type":"LineString","coordinates":[[-8.19583333333361,41.7541666666662],[-8.202083333333576,41.74791666666621],[-8.206250000000239,41.74791666666621],[-8.210416666666902,41.74374999999956],[-8.222916666666919,41.74374999999956],[-8.22708333333361,41.739583333332895],[-8.256250000000279,41.739583333332895],[-8.260416666666941,41.73541666666623],[-8.264583333333547,41.739583333332895],[-8.268750000000239,41.739583333332895]]}},{"type":"Feature","properties":{"HYRIV_ID":20574934,"ORD_STRA":2,"HYBAS_L12":2121212130.0,"HYBAS_ID":2121212132,"ELEV_UP_M":309.5,"ELEV_DN_M":188.1,"NEXT_DOWN":20575354},"geometry":{"type":"LineString","coordinates":[[-8.243750000000261,41.75624999999953],[-8.247916666666953,41.75208333333287],[-8.25208333333353,41.75208333333287],[-8.256250000000279,41.74791666666621],[-8.264583333333547,41.74791666666621],[-8.268750000000239,41.74374999999956],[-8.268750000000239,41.739583333332895]]}},{"type":"Feature","properties":{"HYRIV_ID":20574603,"ORD_STRA":1,"HYBAS_L12":2121212130.0,"HYBAS_ID":2121212132,"ELEV_UP_M":489.8,"ELEV_DN_M":489.8,"NEXT_DOWN":20574934},"geometry":{"type":"LineString","coordinates":[[-8.243750000000261,41.762499999999555],[-8.243750000000261,41.75624999999953]]}},{"type":"Feature","properties":{"HYRIV_ID":20576154,"ORD_STRA":1,"HYBAS_L12":2121212580.0,"HYBAS_ID":2121212582,"ELEV_UP_M":465.2,"ELEV_DN_M":177.4,"NEXT_DOWN":20576254},"geometry":{"type":"LineString","coordinates":[[-8.156250000000256,41.745833333332875],[-8.156250000000256,41.739583333332895],[-8.160416666666947,41.73541666666623],[-8.160416666666947,41.73124999999954],[-8.164583333333582,41.72708333333288],[-8.164583333333582,41.71874999999955],[-8.168750000000273,41.714583333332904],[-8.168750000000273,41.706249999999535],[-8.172916666666936,41.70208333333289],[-8.172916666666936,41.68541666666621],[-8.168750000000273,41.681249999999544]]}},{"type":"Feature","properties":{"HYRIV_ID":20575719,"ORD_STRA":1,"HYBAS_L12":2121212340.0,"HYBAS_ID":2121212342,"ELEV_UP_M":681.0,"ELEV_DN_M":681.0,"NEXT_DOWN":20575976},"geometry":{"type":"LineString","coordinates":[[-8.131250000000279,41.737499999999564],[-8.131250000000279,41.722916666666215],[-8.110416666666936,41.70208333333289]]}},{"type":"Feature","properties":{"HYRIV_ID":20575545,"ORD_STRA":1,"HYBAS_L12":2121212340.0,"HYBAS_ID":2121212342,"ELEV_UP_M":751.2,"ELEV_DN_M":751.2,"NEXT_DOWN":0},"geometry":{"type":"LineString","coordinates":[[-8.106250000000273,41.73333333333286],[-8.106250000000273,41.722916666666215],[-8.1,41.716666666665944]]}},{"type":"Feature","properties":{"HYRIV_ID":20574092,"ORD_STRA":1,"HYBAS_L12":2121212130.0,"HYBAS_ID":2121212132,"ELEV_UP_M":595.7,"ELEV_DN_M":595.7,"NEXT_DOWN":20574275},"geometry":{"type":"LineString","coordinates":[[-8.177083333333599,41.78749999999955],[-8.177083333333599,41.781249999999524]]}},{"type":"Feature","properties":{"HYRIV_ID":20574094,"ORD_STRA":1,"HYBAS_L12":2121212130.0,"HYBAS_ID":2121212131,"ELEV_UP_M":756.1,"ELEV_DN_M":756.1,"NEXT_DOWN":20574093},"geometry":{"type":"LineString","coordinates":[[-8.139583333333576,41.77916666666619],[-8.139583333333576,41.79374999999954]]}},{"type":"Feature","properties":{"HYRIV_ID":20574093,"ORD_STRA":2,"HYBAS_L12":2121212130.0,"HYBAS_ID":2121212132,"ELEV_UP_M":591.7,"ELEV_DN_M":567.8,"NEXT_DOWN":20574275},"geometry":{"type":"LineString","coordinates":[[-8.139583333333576,41.79374999999954],[-8.160416666666947,41.79374999999954],[-8.164583333333582,41.78958333333288],[-8.168750000000273,41.78958333333288],[-8.177083333333599,41.781249999999524]]}},{"type":"Feature","properties":{"HYRIV_ID":20573835,"ORD_STRA":2,"HYBAS_L12":2121212130.0,"HYBAS_ID":2121212132,"ELEV_UP_M":665.1,"ELEV_DN_M":665.1,"NEXT_DOWN":20574093},"geometry":{"type":"LineString","coordinates":[[-8.135416666666913,41.79791666666619],[-8.139583333333576,41.79374999999954]]}},{"type":"Feature","properties":{"HYRIV_ID":20573738,"ORD_STRA":1,"HYBAS_L12":2121212130.0,"HYBAS_ID":2121212131,"ELEV_UP_M":719.4,"ELEV_DN_M":719.4,"NEXT_DOWN":20573835},"geometry":{"type":"LineString","coordinates":[[-8.129166666666947,41.79791666666619],[-8.135416666666913,41.79791666666619]]}},{"type":"Feature","properties":{"HYRIV_ID":20573737,"ORD_STRA":1,"HYBAS_L12":2121212130.0,"HYBAS_ID":2121212132,"ELEV_UP_M":900.4,"ELEV_DN_M":840.6,"NEXT_DOWN":20573835},"geometry":{"type":"LineString","coordinates":[[-8.1,41.80208333333285],[-8.10208333333361,41.80208333333285],[-8.106250000000273,41.80624999999956],[-8.127083333333559,41.80624999999956],[-8.135416666666913,41.79791666666619]]}},{"type":"Feature","properties":{"HYRIV_ID":20573250,"ORD_STRA":1,"HYBAS_L12":2120605420.0,"HYBAS_ID":2120605421,"ELEV_UP_M":617.1,"ELEV_DN_M":524.9,"NEXT_DOWN":20572744},"geometry":{"type":"LineString","coordinates":[[-8.133333333333553,41.82916666666622],[-8.127083333333559,41.82291666666618],[-8.118750000000205,41.83124999999955],[-8.118750000000205,41.839583333332904],[-8.110416666666936,41.84791666666623]]}},{"type":"Feature","properties":{"HYRIV_ID":20575353,"ORD_STRA":2,"HYBAS_L12":2121212130.0,"HYBAS_ID":2120610150,"ELEV_UP_M":111.5,"ELEV_DN_M":111.5,"NEXT_DOWN":20575718},"geometry":{"type":"LineString","coordinates":[[-8.314583333333616,41.71874999999955],[-8.318750000000279,41.71874999999955]]}},{"type":"Feature","properties":{"HYRIV_ID":20575352,"ORD_STRA":2,"HYBAS_L12":2120610150.0,"HYBAS_ID":2120610150,"ELEV_UP_M":119.9,"ELEV_DN_M":119.9,"NEXT_DOWN":20575718},"geometry":{"type":"LineString","coordinates":[[-8.322916666666941,41.72708333333288],[-8.318750000000279,41.722916666666215],[-8.318750000000279,41.71874999999955]]}},{"type":"Feature","properties":{"HYRIV_ID":20575354,"ORD_STRA":2,"HYBAS_L12":2121212130.0,"HYBAS_ID":2121212132,"ELEV_UP_M":167.9,"ELEV_DN_M":151.9,"NEXT_DOWN":20575353},"geometry":{"type":"LineString","coordinates":[[-8.268750000000239,41.739583333332895],[-8.272916666666902,41.739583333332895],[-8.277083333333564,41.73541666666623],[-8.281250000000256,41.73541666666623],[-8.289583333333582,41.72708333333288],[-8.293750000000273,41.72708333333288],[-8.297916666666936,41.722916666666215],[-8.310416666666924,41.722916666666215],[-8.314583333333616,41.71874999999955]]}},{"type":"Feature","properties":{"HYRIV_ID":20575183,"ORD_STRA":1,"HYBAS_L12":2120610150.0,"HYBAS_ID":2120610150,"ELEV_UP_M":265.9,"ELEV_DN_M":265.9,"NEXT_DOWN":20575352},"geometry":{"type":"LineString","coordinates":[[-8.312500000000256,41.737499999999564],[-8.322916666666941,41.72708333333288]]}},{"type":"Feature","properties":{"HYRIV_ID":20575182,"ORD_STRA":1,"HYBAS_L12":2120610150.0,"HYBAS_ID":2120610150,"ELEV_UP_M":266.6,"ELEV_DN_M":266.6,"NEXT_DOWN":20575352},"geometry":{"type":"LineString","coordinates":[[-8.33333333333357,41.74166666666623],[-8.327083333333547,41.73541666666623],[-8.327083333333547,41.73124999999954],[-8.322916666666941,41.72708333333288]]}},{"type":"Feature","properties":{"HYRIV_ID":20574091,"ORD_STRA":1,"HYBAS_L12":2120606480.0,"HYBAS_ID":2120606481,"ELEV_UP_M":257.3,"ELEV_DN_M":192.0,"NEXT_DOWN":20573676},"geometry":{"type":"LineString","coordinates":[[-8.341666666666896,41.77916666666619],[-8.327083333333547,41.79374999999954],[-8.327083333333547,41.79791666666619],[-8.322916666666941,41.80208333333285],[-8.314583333333616,41.80208333333285]]}},{"type":"Feature","properties":{"HYRIV_ID":20573993,"ORD_STRA":1,"HYBAS_L12":2120606480.0,"HYBAS_ID":2120606481,"ELEV_UP_M":296.7,"ELEV_DN_M":296.7,"NEXT_DOWN":20573736},"geometry":{"type":"LineString","coordinates":[[-8.308333333333593,41.783333333332884],[-8.302083333333599,41.78958333333288],[-8.302083333333599,41.79791666666619]]}},{"type":"Feature","properties":{"HYRIV_ID":20573736,"ORD_STRA":2,"HYBAS_L12":2120606480.0,"HYBAS_ID":2120606481,"ELEV_UP_M":136.1,"ELEV_DN_M":136.1,"NEXT_DOWN":20573676},"geometry":{"type":"LineString","coordinates":[[-8.302083333333599,41.79791666666619],[-8.306250000000261,41.80208333333285],[-8.314583333333616,41.80208333333285]]}},{"type":"Feature","properties":{"HYRIV_ID":20573834,"ORD_STRA":1,"HYBAS_L12":2120606480.0,"HYBAS_ID":2120606481,"ELEV_UP_M":114.2,"ELEV_DN_M":114.2,"NEXT_DOWN":20573498},"geometry":{"type":"LineString","coordinates":[[-8.377083333333587,41.79166666666621],[-8.377083333333587,41.79791666666619],[-8.389583333333604,41.81041666666621],[-8.389583333333604,41.81458333333287]]}},{"type":"Feature","properties":{"HYRIV_ID":20573676,"ORD_STRA":2,"HYBAS_L12":2120606480.0,"HYBAS_ID":2120606481,"ELEV_UP_M":65.7,"ELEV_DN_M":65.7,"NEXT_DOWN":20573499},"geometry":{"type":"LineString","coordinates":[[-8.314583333333616,41.80208333333285],[-8.314583333333616,41.81458333333287],[-8.318750000000279,41.81874999999953],[-8.318750000000279,41.82708333333289]]}},{"type":"Feature","properties":{"HYRIV_ID":20574604,"ORD_STRA":2,"HYBAS_L12":2121212130.0,"HYBAS_ID":2121212132,"ELEV_UP_M":527.1,"ELEV_DN_M":472.2,"NEXT_DOWN":20574934},"geometry":{"type":"LineString","coordinates":[[-8.197916666666885,41.7729166666662],[-8.206250000000239,41.76458333333289],[-8.218750000000256,41.76458333333289],[-8.22708333333361,41.75624999999953],[-8.243750000000261,41.75624999999953]]}},{"type":"Feature","properties":{"HYRIV_ID":20574275,"ORD_STRA":2,"HYBAS_L12":2121212130.0,"HYBAS_ID":2129845031,"ELEV_UP_M":578.8,"ELEV_DN_M":578.8,"NEXT_DOWN":20574604},"geometry":{"type":"LineString","coordinates":[[-8.177083333333599,41.781249999999524],[-8.181250000000261,41.781249999999524],[-8.185416666666868,41.77708333333286],[-8.193750000000279,41.77708333333286],[-8.197916666666885,41.7729166666662]]}},{"type":"Feature","properties":{"HYRIV_ID":20574274,"ORD_STRA":1,"HYBAS_L12":2121212130.0,"HYBAS_ID":2121212132,"ELEV_UP_M":625.0,"ELEV_DN_M":625.0,"NEXT_DOWN":20574604},"geometry":{"type":"LineString","coordinates":[[-8.197916666666885,41.78749999999955],[-8.197916666666885,41.7729166666662]]}},{"type":"Feature","properties":{"HYRIV_ID":20573994,"ORD_STRA":1,"HYBAS_L12":2120606480.0,"HYBAS_ID":2120606481,"ELEV_UP_M":419.5,"ELEV_DN_M":202.6,"NEXT_DOWN":20573736},"geometry":{"type":"LineString","coordinates":[[-8.27083333333357,41.783333333332884],[-8.277083333333564,41.78958333333288],[-8.285416666666919,41.78958333333288],[-8.289583333333582,41.79374999999954],[-8.293750000000273,41.79374999999954],[-8.297916666666936,41.79791666666619],[-8.302083333333599,41.79791666666619]]}},{"type":"Feature","properties":{"HYRIV_ID":20573595,"ORD_STRA":1,"HYBAS_L12":2120606480.0,"HYBAS_ID":2120606481,"ELEV_UP_M":590.4,"ELEV_DN_M":401.3,"NEXT_DOWN":20573331},"geometry":{"type":"LineString","coordinates":[[-8.24166666666693,41.80624999999956],[-8.247916666666953,41.80624999999956],[-8.25208333333353,41.81041666666621],[-8.256250000000279,41.81041666666621],[-8.260416666666941,41.81458333333287],[-8.264583333333547,41.81458333333287],[-8.268750000000239,41.81874999999953]]}},{"type":"Feature","properties":{"HYRIV_ID":20573332,"ORD_STRA":1,"HYBAS_L12":2120606480.0,"HYBAS_ID":2120606481,"ELEV_UP_M":593.2,"ELEV_DN_M":411.4,"NEXT_DOWN":20573331},"geometry":{"type":"LineString","coordinates":[[-8.233333333333604,41.820833333332864],[-8.239583333333599,41.82708333333289],[-8.247916666666953,41.82708333333289],[-8.25208333333353,41.82291666666618],[-8.264583333333547,41.82291666666618],[-8.268750000000239,41.81874999999953]]}},{"type":"Feature","properties":{"HYRIV_ID":20573071,"ORD_STRA":1,"HYBAS_L12":2120605420.0,"HYBAS_ID":2120605421,"ELEV_UP_M":570.9,"ELEV_DN_M":503.3,"NEXT_DOWN":20572546},"geometry":{"type":"LineString","coordinates":[[-8.177083333333599,41.82916666666622],[-8.177083333333599,41.84374999999957],[-8.181250000000261,41.84791666666623],[-8.177083333333599,41.85208333333288],[-8.177083333333599,41.85624999999954]]}},{"type":"Feature","properties":{"HYRIV_ID":20572742,"ORD_STRA":1,"HYBAS_L12":2120606480.0,"HYBAS_ID":2120606481,"ELEV_UP_M":168.9,"ELEV_DN_M":168.9,"NEXT_DOWN":20573151},"geometry":{"type":"LineString","coordinates":[[-8.275000000000233,41.84791666666623],[-8.281250000000256,41.84791666666623],[-8.285416666666919,41.85208333333288],[-8.289583333333582,41.85208333333288]]}},{"type":"Feature","properties":{"HYRIV_ID":20572647,"ORD_STRA":4,"HYBAS_L12":2120606480.0,"HYBAS_ID":2120606482,"ELEV_UP_M":117.1,"ELEV_DN_M":117.1,"NEXT_DOWN":20573151},"geometry":{"type":"LineString","coordinates":[[-8.281250000000256,41.860416666666204],[-8.289583333333582,41.85208333333288]]}},{"type":"Feature","properties":{"HYRIV_ID":20572743,"ORD_STRA":1,"HYBAS_L12":2120606480.0,"HYBAS_ID":2120606481,"ELEV_UP_M":376.6,"ELEV_DN_M":282.4,"NEXT_DOWN":0},"geometry":{"type":"LineString","coordinates":[[-8.218750000000256,41.8458333333329],[-8.218750000000256,41.85624999999954],[-8.22708333333361,41.86458333333285],[-8.22708333333361,41.868749999999515],[-8.231250000000273,41.868749999999515]]}},{"type":"Feature","properties":{"HYRIV_ID":20573499,"ORD_STRA":4,"HYBAS_L12":2120606480.0,"HYBAS_ID":2120606482,"ELEV_UP_M":54.1,"ELEV_DN_M":44.0,"NEXT_DOWN":20573412},"geometry":{"type":"LineString","coordinates":[[-8.318750000000279,41.82708333333289],[-8.322916666666941,41.82708333333289],[-8.335416666666902,41.81458333333287],[-8.339583333333564,41.81458333333287],[-8.343750000000256,41.81041666666621],[-8.347916666666919,41.81458333333287],[-8.356250000000273,41.81458333333287],[-8.360416666666936,41.81041666666621],[-8.377083333333587,41.81041666666621],[-8.381250000000279,41.81458333333287],[-8.385416666666941,41.81458333333287]]}},{"type":"Feature","properties":{"HYRIV_ID":20573331,"ORD_STRA":2,"HYBAS_L12":2120606480.0,"HYBAS_ID":2120606481,"ELEV_UP_M":208.7,"ELEV_DN_M":109.7,"NEXT_DOWN":20573150},"geometry":{"type":"LineString","coordinates":[[-8.268750000000239,41.81874999999953],[-8.277083333333564,41.82708333333289],[-8.281250000000256,41.82708333333289],[-8.285416666666919,41.82291666666618],[-8.306250000000261,41.82291666666618],[-8.310416666666924,41.82708333333289]]}},{"type":"Feature","properties":{"HYRIV_ID":20573150,"ORD_STRA":4,"HYBAS_L12":2120606480.0,"HYBAS_ID":2120606482,"ELEV_UP_M":52.4,"ELEV_DN_M":52.4,"NEXT_DOWN":20573499},"geometry":{"type":"LineString","coordinates":[[-8.310416666666924,41.82708333333289],[-8.318750000000279,41.82708333333289]]}},{"type":"Feature","properties":{"HYRIV_ID":20573413,"ORD_STRA":1,"HYBAS_L12":2120606480.0,"HYBAS_ID":2120606482,"ELEV_UP_M":191.1,"ELEV_DN_M":60.8,"NEXT_DOWN":20573412},"geometry":{"type":"LineString","coordinates":[[-8.364583333333599,41.85416666666621],[-8.364583333333599,41.84791666666623],[-8.368750000000261,41.84374999999957],[-8.377083333333587,41.84374999999957],[-8.381250000000279,41.839583333332904],[-8.381250000000279,41.83124999999955],[-8.385416666666941,41.82708333333289],[-8.385416666666941,41.81458333333287]]}},{"type":"Feature","properties":{"HYRIV_ID":20573151,"ORD_STRA":4,"HYBAS_L12":2120606480.0,"HYBAS_ID":2120606482,"ELEV_UP_M":74.3,"ELEV_DN_M":74.3,"NEXT_DOWN":20573150},"geometry":{"type":"LineString","coordinates":[[-8.289583333333582,41.85208333333288],[-8.289583333333582,41.84791666666623],[-8.310416666666924,41.82708333333289]]}},{"type":"Feature","properties":{"HYRIV_ID":20572104,"ORD_STRA":2,"HYBAS_L12":2120606390.0,"HYBAS_ID":2120606390,"ELEV_UP_M":298.3,"ELEV_DN_M":298.3,"NEXT_DOWN":20572445},"geometry":{"type":"LineString","coordinates":[[-8.339583333333564,41.889583333332844],[-8.352083333333582,41.87708333333287],[-8.377083333333587,41.87708333333287]]}},{"type":"Feature","properties":{"HYRIV_ID":20571918,"ORD_STRA":1,"HYBAS_L12":2120606390.0,"HYBAS_ID":2120606390,"ELEV_UP_M":479.6,"ELEV_DN_M":479.6,"NEXT_DOWN":20572104},"geometry":{"type":"LineString","coordinates":[[-8.33333333333357,41.883333333332864],[-8.339583333333564,41.889583333332844]]}},{"type":"Feature","properties":{"HYRIV_ID":20571825,"ORD_STRA":2,"HYBAS_L12":2120606390.0,"HYBAS_ID":2120606390,"ELEV_UP_M":526.2,"ELEV_DN_M":526.2,"NEXT_DOWN":20572104},"geometry":{"type":"LineString","coordinates":[[-8.335416666666902,41.89791666666621],[-8.335416666666902,41.89374999999955],[-8.339583333333564,41.889583333332844]]}},{"type":"Feature","properties":{"HYRIV_ID":20572103,"ORD_STRA":1,"HYBAS_L12":2120606390.0,"HYBAS_ID":2120606390,"ELEV_UP_M":352.8,"ELEV_DN_M":232.6,"NEXT_DOWN":20572445},"geometry":{"type":"LineString","coordinates":[[-8.368750000000261,41.91249999999956],[-8.368750000000261,41.906249999999524],[-8.372916666666953,41.90208333333286],[-8.372916666666953,41.889583333332844],[-8.377083333333587,41.885416666666195],[-8.377083333333587,41.87708333333287]]}},{"type":"Feature","properties":{"HYRIV_ID":20571644,"ORD_STRA":1,"HYBAS_L12":2120606390.0,"HYBAS_ID":2120606390,"ELEV_UP_M":631.7,"ELEV_DN_M":631.7,"NEXT_DOWN":20571825},"geometry":{"type":"LineString","coordinates":[[-8.316666666666862,41.90208333333286],[-8.327083333333547,41.90208333333286],[-8.331250000000239,41.89791666666621],[-8.335416666666902,41.89791666666621]]}},{"type":"Feature","properties":{"HYRIV_ID":20572982,"ORD_STRA":1,"HYBAS_L12":2120605420.0,"HYBAS_ID":2120605421,"ELEV_UP_M":603.0,"ELEV_DN_M":603.0,"NEXT_DOWN":20572744},"geometry":{"type":"LineString","coordinates":[[-8.1,41.837499999999295],[-8.110416666666936,41.84791666666623]]}},{"type":"Feature","properties":{"HYRIV_ID":20572547,"ORD_STRA":1,"HYBAS_L12":2120605420.0,"HYBAS_ID":2120605421,"ELEV_UP_M":503.5,"ELEV_DN_M":503.5,"NEXT_DOWN":20572546},"geometry":{"type":"LineString","coordinates":[[-8.170833333333604,41.85624999999954],[-8.177083333333599,41.85624999999954]]}},{"type":"Feature","properties":{"HYRIV_ID":20572897,"ORD_STRA":1,"HYBAS_L12":2120605420.0,"HYBAS_ID":2120605421,"ELEV_UP_M":388.6,"ELEV_DN_M":388.6,"NEXT_DOWN":20572189},"geometry":{"type":"LineString","coordinates":[[-8.1,41.87499999999981],[-8.10208333333361,41.87291666666622],[-8.106250000000273,41.87291666666622]]}},{"type":"Feature","properties":{"HYRIV_ID":20572744,"ORD_STRA":2,"HYBAS_L12":2120605420.0,"HYBAS_ID":2120605421,"ELEV_UP_M":403.4,"ELEV_DN_M":403.4,"NEXT_DOWN":20572189},"geometry":{"type":"LineString","coordinates":[[-8.110416666666936,41.84791666666623],[-8.110416666666936,41.85624999999954],[-8.106250000000273,41.860416666666204],[-8.106250000000273,41.87291666666622]]}},{"type":"Feature","properties":{"HYRIV_ID":20572546,"ORD_STRA":2,"HYBAS_L12":2120605420.0,"HYBAS_ID":2120605421,"ELEV_UP_M":372.4,"ELEV_DN_M":372.4,"NEXT_DOWN":20572106},"geometry":{"type":"LineString","coordinates":[[-8.177083333333599,41.85624999999954],[-8.177083333333599,41.860416666666204],[-8.181250000000261,41.86458333333285],[-8.181250000000261,41.87708333333287]]}},{"type":"Feature","properties":{"HYRIV_ID":20572189,"ORD_STRA":2,"HYBAS_L12":2120605420.0,"HYBAS_ID":2120605421,"ELEV_UP_M":374.5,"ELEV_DN_M":344.1,"NEXT_DOWN":20571649},"geometry":{"type":"LineString","coordinates":[[-8.106250000000273,41.87291666666622],[-8.106250000000273,41.88124999999953],[-8.10208333333361,41.885416666666195],[-8.10208333333361,41.889583333332844],[-8.106250000000273,41.889583333332844],[-8.110416666666936,41.89374999999955],[-8.110416666666936,41.89791666666621]]}},{"type":"Feature","properties":{"HYRIV_ID":20572107,"ORD_STRA":4,"HYBAS_L12":2120605420.0,"HYBAS_ID":2129283831,"ELEV_UP_M":325.0,"ELEV_DN_M":325.0,"NEXT_DOWN":20572106},"geometry":{"type":"LineString","coordinates":[[-8.131250000000279,41.89791666666621],[-8.143750000000239,41.89791666666621],[-8.152083333333593,41.889583333332844],[-8.160416666666947,41.889583333332844],[-8.168750000000273,41.88124999999953],[-8.172916666666936,41.88124999999953],[-8.177083333333599,41.87708333333287],[-8.181250000000261,41.87708333333287]]}},{"type":"Feature","properties":{"HYRIV_ID":20571919,"ORD_STRA":1,"HYBAS_L12":2120605420.0,"HYBAS_ID":2120605421,"ELEV_UP_M":375.9,"ELEV_DN_M":375.9,"NEXT_DOWN":20572107},"geometry":{"type":"LineString","coordinates":[[-8.131250000000279,41.883333333332864],[-8.131250000000279,41.89791666666621]]}},{"type":"Feature","properties":{"HYRIV_ID":20571649,"ORD_STRA":4,"HYBAS_L12":2120605420.0,"HYBAS_ID":2129283831,"ELEV_UP_M":325.0,"ELEV_DN_M":325.0,"NEXT_DOWN":20571647},"geometry":{"type":"LineString","coordinates":[[-8.110416666666936,41.89791666666621],[-8.127083333333559,41.89791666666621]]}},{"type":"Feature","properties":{"HYRIV_ID":20571647,"ORD_STRA":4,"HYBAS_L12":2120605420.0,"HYBAS_ID":2129283831,"ELEV_UP_M":325.0,"ELEV_DN_M":325.0,"NEXT_DOWN":20572107},"geometry":{"type":"LineString","coordinates":[[-8.127083333333559,41.89791666666621],[-8.131250000000279,41.89791666666621]]}},{"type":"Feature","properties":{"HYRIV_ID":20572447,"ORD_STRA":4,"HYBAS_L12":2120606480.0,"HYBAS_ID":2120606482,"ELEV_UP_M":128.9,"ELEV_DN_M":128.9,"NEXT_DOWN":20572647},"geometry":{"type":"LineString","coordinates":[[-8.277083333333564,41.860416666666204],[-8.281250000000256,41.860416666666204]]}},{"type":"Feature","properties":{"HYRIV_ID":20572449,"ORD_STRA":4,"HYBAS_L12":2120606480.0,"HYBAS_ID":2120606482,"ELEV_UP_M":145.4,"ELEV_DN_M":145.4,"NEXT_DOWN":20572447},"geometry":{"type":"LineString","coordinates":[[-8.247916666666953,41.86458333333285],[-8.25208333333353,41.860416666666204],[-8.277083333333564,41.860416666666204]]}},{"type":"Feature","properties":{"HYRIV_ID":20572446,"ORD_STRA":1,"HYBAS_L12":2120606480.0,"HYBAS_ID":2120606482,"ELEV_UP_M":233.5,"ELEV_DN_M":233.5,"NEXT_DOWN":20572647},"geometry":{"type":"LineString","coordinates":[[-8.291666666666941,41.87083333333289],[-8.281250000000256,41.860416666666204]]}},{"type":"Feature","properties":{"HYRIV_ID":20572448,"ORD_STRA":1,"HYBAS_L12":2120606480.0,"HYBAS_ID":2120606482,"ELEV_UP_M":171.3,"ELEV_DN_M":171.3,"NEXT_DOWN":20572447},"geometry":{"type":"LineString","coordinates":[[-8.277083333333564,41.87083333333289],[-8.277083333333564,41.860416666666204]]}},{"type":"Feature","properties":{"HYRIV_ID":20572363,"ORD_STRA":4,"HYBAS_L12":2120606480.0,"HYBAS_ID":2120606482,"ELEV_UP_M":187.9,"ELEV_DN_M":186.2,"NEXT_DOWN":0},"geometry":{"type":"LineString","coordinates":[[-8.247916666666953,41.86458333333285],[-8.243750000000261,41.868749999999515],[-8.239583333333599,41.86458333333285],[-8.235416666666936,41.86458333333285],[-8.231250000000273,41.868749999999515]]}},{"type":"Feature","properties":{"HYRIV_ID":20572267,"ORD_STRA":4,"HYBAS_L12":2120606480.0,"HYBAS_ID":2120606482,"ELEV_UP_M":320.2,"ELEV_DN_M":244.9,"NEXT_DOWN":0},"geometry":{"type":"LineString","coordinates":[[-8.197916666666885,41.87708333333287],[-8.202083333333576,41.87291666666622],[-8.210416666666902,41.87291666666622],[-8.214583333333593,41.868749999999515],[-8.222916666666919,41.868749999999515],[-8.22708333333361,41.87291666666622],[-8.231250000000273,41.868749999999515]]}},{"type":"Feature","properties":{"HYRIV_ID":20572106,"ORD_STRA":4,"HYBAS_L12":2120605420.0,"HYBAS_ID":2129283831,"ELEV_UP_M":343.5,"ELEV_DN_M":343.5,"NEXT_DOWN":20572267},"geometry":{"type":"LineString","coordinates":[[-8.181250000000261,41.87708333333287],[-8.197916666666885,41.87708333333287]]}},{"type":"Feature","properties":{"HYRIV_ID":20572362,"ORD_STRA":1,"HYBAS_L12":2120606480.0,"HYBAS_ID":2120606482,"ELEV_UP_M":637.2,"ELEV_DN_M":209.8,"NEXT_DOWN":20572363},"geometry":{"type":"LineString","coordinates":[[-8.27083333333357,41.91041666666623],[-8.264583333333547,41.91041666666623],[-8.260416666666941,41.906249999999524],[-8.256250000000279,41.906249999999524],[-8.247916666666953,41.89791666666621],[-8.247916666666953,41.89374999999955],[-8.25208333333353,41.889583333332844],[-8.25208333333353,41.88124999999953],[-8.256250000000279,41.87708333333287],[-8.256250000000279,41.87291666666622],[-8.247916666666953,41.86458333333285]]}},{"type":"Feature","properties":{"HYRIV_ID":20572105,"ORD_STRA":3,"HYBAS_L12":2120605320.0,"HYBAS_ID":2129283831,"ELEV_UP_M":335.8,"ELEV_DN_M":332.9,"NEXT_DOWN":20571645},"geometry":{"type":"LineString","coordinates":[[-8.197916666666885,41.87708333333287],[-8.197916666666885,41.88124999999953],[-8.202083333333576,41.885416666666195],[-8.202083333333576,41.889583333332844],[-8.210416666666902,41.89791666666621]]}},{"type":"Feature","properties":{"HYRIV_ID":20571646,"ORD_STRA":1,"HYBAS_L12":2120605320.0,"HYBAS_ID":2120605321,"ELEV_UP_M":444.7,"ELEV_DN_M":444.7,"NEXT_DOWN":20571645},"geometry":{"type":"LineString","coordinates":[[-8.204166666666907,41.90416666666619],[-8.210416666666902,41.89791666666621]]}},{"type":"Feature","properties":{"HYRIV_ID":20571916,"ORD_STRA":3,"HYBAS_L12":2120606390.0,"HYBAS_ID":2120606390,"ELEV_UP_M":48.5,"ELEV_DN_M":48.5,"NEXT_DOWN":0},"geometry":{"type":"LineString","coordinates":[[-8.435416666666924,41.89374999999955],[-8.431250000000261,41.889583333332844],[-8.431250000000261,41.885416666666195]]}},{"type":"Feature","properties":{"HYRIV_ID":20571824,"ORD_STRA":1,"HYBAS_L12":2120606390.0,"HYBAS_ID":2120606390,"ELEV_UP_M":78.4,"ELEV_DN_M":78.4,"NEXT_DOWN":20571916},"geometry":{"type":"LineString","coordinates":[[-8.450000000000273,41.889583333332844],[-8.435416666666924,41.889583333332844],[-8.435416666666924,41.89374999999955]]}},{"type":"Feature","properties":{"HYRIV_ID":20571917,"ORD_STRA":1,"HYBAS_L12":2120606390.0,"HYBAS_ID":2120606390,"ELEV_UP_M":173.9,"ELEV_DN_M":83.5,"NEXT_DOWN":0},"geometry":{"type":"LineString","coordinates":[[-8.406250000000227,41.899999999999544],[-8.406250000000227,41.89374999999955],[-8.410416666666919,41.889583333332844],[-8.422916666666936,41.889583333332844],[-8.427083333333599,41.885416666666195],[-8.431250000000261,41.885416666666195]]}},{"type":"Feature","properties":{"HYRIV_ID":20571725,"ORD_STRA":1,"HYBAS_L12":2121210530.0,"HYBAS_ID":2121210530,"ELEV_UP_M":281.7,"ELEV_DN_M":74.9,"NEXT_DOWN":20571726},"geometry":{"type":"LineString","coordinates":[[-8.483333333333576,41.89166666666622],[-8.477083333333582,41.89791666666621],[-8.460416666666873,41.89791666666621],[-8.452083333333604,41.906249999999524],[-8.452083333333604,41.91041666666623],[-8.447916666666941,41.91458333333288],[-8.443750000000279,41.91458333333288]]}},{"type":"Feature","properties":{"HYRIV_ID":20571726,"ORD_STRA":3,"HYBAS_L12":2120606390.0,"HYBAS_ID":2120606390,"ELEV_UP_M":54.8,"ELEV_DN_M":54.8,"NEXT_DOWN":20571916},"geometry":{"type":"LineString","coordinates":[[-8.443750000000279,41.91458333333288],[-8.439583333333587,41.91041666666623],[-8.439583333333587,41.89791666666621],[-8.435416666666924,41.89374999999955]]}},{"type":"Feature","properties":{"HYRIV_ID":20571305,"ORD_STRA":3,"HYBAS_L12":2121210530.0,"HYBAS_ID":2121210530,"ELEV_UP_M":70.8,"ELEV_DN_M":70.8,"NEXT_DOWN":20571726},"geometry":{"type":"LineString","coordinates":[[-8.443750000000279,41.91874999999954],[-8.443750000000279,41.91458333333288]]}},{"type":"Feature","properties":{"HYRIV_ID":20571304,"ORD_STRA":1,"HYBAS_L12":2121210530.0,"HYBAS_ID":2121210530,"ELEV_UP_M":87.2,"ELEV_DN_M":87.2,"NEXT_DOWN":20571726},"geometry":{"type":"LineString","coordinates":[[-8.454166666666936,41.924999999999535],[-8.443750000000279,41.91458333333288]]}},{"type":"Feature","properties":{"HYRIV_ID":20571215,"ORD_STRA":2,"HYBAS_L12":2121210530.0,"HYBAS_ID":2121210530,"ELEV_UP_M":113.1,"ELEV_DN_M":96.4,"NEXT_DOWN":20571305},"geometry":{"type":"LineString","coordinates":[[-8.456250000000267,41.939583333332884],[-8.452083333333604,41.93541666666622],[-8.452083333333604,41.93124999999956],[-8.443750000000279,41.922916666666204],[-8.443750000000279,41.91874999999954]]}},{"type":"Feature","properties":{"HYRIV_ID":20571216,"ORD_STRA":2,"HYBAS_L12":2121210530.0,"HYBAS_ID":2121210530,"ELEV_UP_M":102.4,"ELEV_DN_M":82.2,"NEXT_DOWN":20571305},"geometry":{"type":"LineString","coordinates":[[-8.414583333333582,41.939583333332884],[-8.418750000000244,41.93541666666622],[-8.427083333333599,41.93541666666622],[-8.431250000000261,41.939583333332884],[-8.439583333333587,41.93124999999956],[-8.439583333333587,41.922916666666204],[-8.443750000000279,41.91874999999954]]}},{"type":"Feature","properties":{"HYRIV_ID":20570756,"ORD_STRA":1,"HYBAS_L12":2121210530.0,"HYBAS_ID":2121210530,"ELEV_UP_M":283.4,"ELEV_DN_M":283.4,"NEXT_DOWN":20571215},"geometry":{"type":"LineString","coordinates":[[-8.487500000000267,41.939583333332884],[-8.456250000000267,41.939583333332884]]}},{"type":"Feature","properties":{"HYRIV_ID":20572011,"ORD_STRA":1,"HYBAS_L12":2121210680.0,"HYBAS_ID":2121210680,"ELEV_UP_M":465.5,"ELEV_DN_M":465.5,"NEXT_DOWN":20571571},"geometry":{"type":"LineString","coordinates":[[-8.53541666666689,41.8791666666662],[-8.53541666666689,41.885416666666195],[-8.531250000000227,41.889583333332844],[-8.531250000000227,41.90208333333286]]}},{"type":"Feature","properties":{"HYRIV_ID":20571572,"ORD_STRA":1,"HYBAS_L12":2121210680.0,"HYBAS_ID":2121210680,"ELEV_UP_M":420.2,"ELEV_DN_M":420.2,"NEXT_DOWN":20571571},"geometry":{"type":"LineString","coordinates":[[-8.520833333333599,41.90208333333286],[-8.531250000000227,41.90208333333286]]}},{"type":"Feature","properties":{"HYRIV_ID":20571571,"ORD_STRA":2,"HYBAS_L12":2121210680.0,"HYBAS_ID":2121210680,"ELEV_UP_M":391.3,"ELEV_DN_M":391.3,"NEXT_DOWN":20571303},"geometry":{"type":"LineString","coordinates":[[-8.531250000000227,41.90208333333286],[-8.53541666666689,41.906249999999524],[-8.53541666666689,41.91458333333288]]}},{"type":"Feature","properties":{"HYRIV_ID":20571392,"ORD_STRA":1,"HYBAS_L12":2121210680.0,"HYBAS_ID":2121210680,"ELEV_UP_M":433.3,"ELEV_DN_M":433.3,"NEXT_DOWN":20571303},"geometry":{"type":"LineString","coordinates":[[-8.50833333333361,41.91041666666623],[-8.522916666666873,41.91041666666623],[-8.527083333333564,41.91458333333288],[-8.53541666666689,41.91458333333288]]}},{"type":"Feature","properties":{"HYRIV_ID":20571303,"ORD_STRA":2,"HYBAS_L12":2121210680.0,"HYBAS_ID":2121210680,"ELEV_UP_M":372.3,"ELEV_DN_M":372.3,"NEXT_DOWN":20571302},"geometry":{"type":"LineString","coordinates":[[-8.53541666666689,41.91458333333288],[-8.539583333333582,41.91874999999954],[-8.552083333333599,41.91874999999954]]}},{"type":"Feature","properties":{"HYRIV_ID":20571214,"ORD_STRA":2,"HYBAS_L12":2121210680.0,"HYBAS_ID":2121210680,"ELEV_UP_M":403.8,"ELEV_DN_M":363.4,"NEXT_DOWN":20571302},"geometry":{"type":"LineString","coordinates":[[-8.539583333333582,41.939583333332884],[-8.543750000000244,41.93541666666622],[-8.543750000000244,41.93124999999956],[-8.547916666666907,41.92708333333287],[-8.547916666666907,41.922916666666204],[-8.552083333333599,41.91874999999954]]}},{"type":"Feature","properties":{"HYRIV_ID":20570754,"ORD_STRA":1,"HYBAS_L12":2121210680.0,"HYBAS_ID":2121210680,"ELEV_UP_M":455.6,"ELEV_DN_M":455.6,"NEXT_DOWN":20571214},"geometry":{"type":"LineString","coordinates":[[-8.55416666666693,41.95208333333286],[-8.547916666666907,41.95208333333286],[-8.539583333333582,41.94374999999953],[-8.539583333333582,41.939583333332884]]}},{"type":"Feature","properties":{"HYRIV_ID":20570755,"ORD_STRA":1,"HYBAS_L12":2121210680.0,"HYBAS_ID":2121210680,"ELEV_UP_M":493.0,"ELEV_DN_M":445.6,"NEXT_DOWN":20571214},"geometry":{"type":"LineString","coordinates":[[-8.516666666666936,41.954166666666175],[-8.522916666666873,41.947916666666195],[-8.527083333333564,41.947916666666195],[-8.531250000000227,41.94374999999953],[-8.53541666666689,41.94374999999953],[-8.539583333333582,41.939583333332884]]}},{"type":"Feature","properties":{"HYRIV_ID":20569798,"ORD_STRA":2,"HYBAS_L12":2120601950.0,"HYBAS_ID":2120601950,"ELEV_UP_M":137.0,"ELEV_DN_M":137.0,"NEXT_DOWN":20569463},"geometry":{"type":"LineString","coordinates":[[-8.47291666666689,41.985416666666204],[-8.489583333333599,42.002083333332884]]}},{"type":"Feature","properties":{"HYRIV_ID":20569539,"ORD_STRA":1,"HYBAS_L12":2120601950.0,"HYBAS_ID":2120601950,"ELEV_UP_M":135.4,"ELEV_DN_M":135.4,"NEXT_DOWN":20569374},"geometry":{"type":"LineString","coordinates":[[-8.516666666666936,41.99583333333285],[-8.510416666666941,42.002083333332884],[-8.497916666666924,42.002083333332884],[-8.493750000000261,42.00624999999953]]}},{"type":"Feature","properties":{"HYRIV_ID":20571643,"ORD_STRA":1,"HYBAS_L12":2120606390.0,"HYBAS_ID":2120606390,"ELEV_UP_M":616.5,"ELEV_DN_M":616.5,"NEXT_DOWN":20571825},"geometry":{"type":"LineString","coordinates":[[-8.329166666666879,41.90416666666619],[-8.335416666666902,41.89791666666621]]}},{"type":"Feature","properties":{"HYRIV_ID":20570832,"ORD_STRA":1,"HYBAS_L12":2121210530.0,"HYBAS_ID":2121210530,"ELEV_UP_M":952.6,"ELEV_DN_M":219.7,"NEXT_DOWN":20571216},"geometry":{"type":"LineString","coordinates":[[-8.308333333333593,41.945833333332864],[-8.314583333333616,41.939583333332884],[-8.322916666666941,41.939583333332884],[-8.327083333333547,41.94374999999953],[-8.331250000000239,41.939583333332884],[-8.352083333333582,41.939583333332884],[-8.356250000000273,41.93541666666622],[-8.389583333333604,41.93541666666622],[-8.397916666666902,41.94374999999953],[-8.410416666666919,41.94374999999953],[-8.414583333333582,41.939583333332884]]}},{"type":"Feature","properties":{"HYRIV_ID":20570253,"ORD_STRA":1,"HYBAS_L12":2121210530.0,"HYBAS_ID":2121210530,"ELEV_UP_M":494.6,"ELEV_DN_M":358.9,"NEXT_DOWN":20570758},"geometry":{"type":"LineString","coordinates":[[-8.354166666666913,41.964583333332875],[-8.368750000000261,41.964583333332875],[-8.372916666666953,41.968749999999524],[-8.372916666666953,41.97291666666619],[-8.377083333333587,41.97291666666619]]}},{"type":"Feature","properties":{"HYRIV_ID":20570098,"ORD_STRA":2,"HYBAS_L12":2121210530.0,"HYBAS_ID":2121210530,"ELEV_UP_M":395.2,"ELEV_DN_M":328.0,"NEXT_DOWN":20570758},"geometry":{"type":"LineString","coordinates":[[-8.343750000000256,41.985416666666204],[-8.356250000000273,41.985416666666204],[-8.368750000000261,41.97291666666619],[-8.372916666666953,41.97708333333289],[-8.377083333333587,41.97291666666619]]}},{"type":"Feature","properties":{"HYRIV_ID":20569902,"ORD_STRA":1,"HYBAS_L12":2121210530.0,"HYBAS_ID":2121210530,"ELEV_UP_M":637.9,"ELEV_DN_M":637.9,"NEXT_DOWN":20570098},"geometry":{"type":"LineString","coordinates":[[-8.329166666666879,41.98124999999954],[-8.339583333333564,41.98124999999954],[-8.343750000000256,41.985416666666204]]}},{"type":"Feature","properties":{"HYRIV_ID":20569903,"ORD_STRA":1,"HYBAS_L12":2121210530.0,"HYBAS_ID":2121210530,"ELEV_UP_M":964.2,"ELEV_DN_M":964.2,"NEXT_DOWN":20569800},"geometry":{"type":"LineString","coordinates":[[-8.289583333333582,41.97916666666621],[-8.289583333333582,41.98958333333287]]}},{"type":"Feature","properties":{"HYRIV_ID":20569800,"ORD_STRA":2,"HYBAS_L12":2121210530.0,"HYBAS_ID":2121210530,"ELEV_UP_M":938.0,"ELEV_DN_M":639.7,"NEXT_DOWN":20570098},"geometry":{"type":"LineString","coordinates":[[-8.289583333333582,41.98958333333287],[-8.293750000000273,41.993749999999515],[-8.306250000000261,41.993749999999515],[-8.310416666666924,41.99791666666622],[-8.314583333333616,41.99791666666622],[-8.318750000000279,41.993749999999515],[-8.322916666666941,41.99791666666622],[-8.327083333333547,41.99791666666622],[-8.335416666666902,41.98958333333287],[-8.339583333333564,41.98958333333287],[-8.343750000000256,41.985416666666204]]}},{"type":"Feature","properties":{"HYRIV_ID":20569465,"ORD_STRA":1,"HYBAS_L12":2120601440.0,"HYBAS_ID":2120601440,"ELEV_UP_M":131.2,"ELEV_DN_M":131.2,"NEXT_DOWN":20569294},"geometry":{"type":"LineString","coordinates":[[-8.381250000000279,41.99999999999955],[-8.381250000000279,42.010416666666195]]}},{"type":"Feature","properties":{"HYRIV_ID":20569375,"ORD_STRA":1,"HYBAS_L12":2120601440.0,"HYBAS_ID":2120601440,"ELEV_UP_M":359.9,"ELEV_DN_M":224.2,"NEXT_DOWN":20569294},"geometry":{"type":"LineString","coordinates":[[-8.337500000000233,42.010416666666195],[-8.352083333333582,42.010416666666195],[-8.356250000000273,42.00624999999953],[-8.360416666666936,42.010416666666195],[-8.364583333333599,42.00624999999953],[-8.368750000000261,42.010416666666195],[-8.381250000000279,42.010416666666195]]}},{"type":"Feature","properties":{"HYRIV_ID":20569294,"ORD_STRA":2,"HYBAS_L12":2120601440.0,"HYBAS_ID":2120601440,"ELEV_UP_M":71.7,"ELEV_DN_M":71.7,"NEXT_DOWN":20568994},"geometry":{"type":"LineString","coordinates":[[-8.381250000000279,42.010416666666195],[-8.381250000000279,42.02291666666621]]}},{"type":"Feature","properties":{"HYRIV_ID":20570757,"ORD_STRA":1,"HYBAS_L12":2121210530.0,"HYBAS_ID":2121210530,"ELEV_UP_M":251.8,"ELEV_DN_M":251.8,"NEXT_DOWN":20571215},"geometry":{"type":"LineString","coordinates":[[-8.464583333333564,41.95833333333288],[-8.464583333333564,41.947916666666195],[-8.456250000000267,41.939583333332884]]}},{"type":"Feature","properties":{"HYRIV_ID":20570758,"ORD_STRA":2,"HYBAS_L12":2121210530.0,"HYBAS_ID":2121210530,"ELEV_UP_M":232.7,"ELEV_DN_M":174.5,"NEXT_DOWN":20571216},"geometry":{"type":"LineString","coordinates":[[-8.377083333333587,41.97291666666619],[-8.381250000000279,41.97291666666619],[-8.385416666666941,41.968749999999524],[-8.389583333333604,41.968749999999524],[-8.39375000000021,41.964583333332875],[-8.397916666666902,41.964583333332875],[-8.418750000000244,41.94374999999953],[-8.414583333333582,41.939583333332884]]}},{"type":"Feature","properties":{"HYRIV_ID":20569901,"ORD_STRA":1,"HYBAS_L12":2120601950.0,"HYBAS_ID":2120601950,"ELEV_UP_M":197.2,"ELEV_DN_M":197.2,"NEXT_DOWN":20569798},"geometry":{"type":"LineString","coordinates":[[-8.47291666666689,41.97916666666621],[-8.47291666666689,41.985416666666204]]}},{"type":"Feature","properties":{"HYRIV_ID":20569799,"ORD_STRA":1,"HYBAS_L12":2120601950.0,"HYBAS_ID":2120601950,"ELEV_UP_M":346.1,"ELEV_DN_M":264.6,"NEXT_DOWN":20569798},"geometry":{"type":"LineString","coordinates":[[-8.433333333333593,41.99583333333285],[-8.439583333333587,41.98958333333287],[-8.464583333333564,41.98958333333287],[-8.468750000000227,41.985416666666204],[-8.47291666666689,41.985416666666204]]}},{"type":"Feature","properties":{"HYRIV_ID":20569293,"ORD_STRA":1,"HYBAS_L12":2120601440.0,"HYBAS_ID":2120601440,"ELEV_UP_M":145.7,"ELEV_DN_M":145.7,"NEXT_DOWN":20569294},"geometry":{"type":"LineString","coordinates":[[-8.39583333333357,42.010416666666195],[-8.381250000000279,42.010416666666195]]}},{"type":"Feature","properties":{"HYRIV_ID":20569091,"ORD_STRA":1,"HYBAS_L12":2120601950.0,"HYBAS_ID":2120601950,"ELEV_UP_M":143.5,"ELEV_DN_M":143.5,"NEXT_DOWN":20568993},"geometry":{"type":"LineString","coordinates":[[-8.454166666666936,42.01874999999951],[-8.481250000000244,42.01874999999951],[-8.485416666666907,42.02291666666621],[-8.497916666666924,42.02291666666621]]}},{"type":"Feature","properties":{"HYRIV_ID":20568616,"ORD_STRA":1,"HYBAS_L12":2120601440.0,"HYBAS_ID":2120601440,"ELEV_UP_M":73.3,"ELEV_DN_M":73.3,"NEXT_DOWN":20568617},"geometry":{"type":"LineString","coordinates":[[-8.391666666666936,42.03958333333289],[-8.385416666666941,42.03958333333289]]}},{"type":"Feature","properties":{"HYRIV_ID":20568286,"ORD_STRA":3,"HYBAS_L12":2120601440.0,"HYBAS_ID":2120601440,"ELEV_UP_M":35.3,"ELEV_DN_M":31.1,"NEXT_DOWN":20567899},"geometry":{"type":"LineString","coordinates":[[-8.389583333333604,42.05624999999953],[-8.389583333333604,42.064583333332884],[-8.39375000000021,42.06874999999955],[-8.39375000000021,42.072916666666195],[-8.389583333333604,42.07708333333286]]}},{"type":"Feature","properties":{"HYRIV_ID":20568188,"ORD_STRA":1,"HYBAS_L12":2120601350.0,"HYBAS_ID":2120601350,"ELEV_UP_M":51.8,"ELEV_DN_M":37.7,"NEXT_DOWN":20567898},"geometry":{"type":"LineString","coordinates":[[-8.443750000000279,42.05833333333285],[-8.443750000000279,42.064583333332884],[-8.439583333333587,42.06874999999955],[-8.439583333333587,42.072916666666195],[-8.435416666666924,42.07708333333286]]}},{"type":"Feature","properties":{"HYRIV_ID":20567972,"ORD_STRA":6,"HYBAS_L12":2120601350.0,"HYBAS_ID":2120601350,"ELEV_UP_M":30.0,"ELEV_DN_M":20.6,"NEXT_DOWN":20567898},"geometry":{"type":"LineString","coordinates":[[-8.39375000000021,42.08124999999952],[-8.406250000000227,42.08124999999952],[-8.410416666666919,42.07708333333286],[-8.414583333333582,42.07708333333286],[-8.418750000000244,42.072916666666195],[-8.431250000000261,42.072916666666195],[-8.435416666666924,42.07708333333286]]}},{"type":"Feature","properties":{"HYRIV_ID":20569463,"ORD_STRA":2,"HYBAS_L12":2120601950.0,"HYBAS_ID":2120601950,"ELEV_UP_M":91.1,"ELEV_DN_M":91.1,"NEXT_DOWN":20569374},"geometry":{"type":"LineString","coordinates":[[-8.489583333333599,42.002083333332884],[-8.493750000000261,42.00624999999953]]}},{"type":"Feature","properties":{"HYRIV_ID":20569464,"ORD_STRA":1,"HYBAS_L12":2120601950.0,"HYBAS_ID":2120601950,"ELEV_UP_M":123.6,"ELEV_DN_M":123.6,"NEXT_DOWN":20569463},"geometry":{"type":"LineString","coordinates":[[-8.47500000000025,42.00624999999953],[-8.481250000000244,42.00624999999953],[-8.485416666666907,42.002083333332884],[-8.489583333333599,42.002083333332884]]}},{"type":"Feature","properties":{"HYRIV_ID":20569462,"ORD_STRA":1,"HYBAS_L12":2120601950.0,"HYBAS_ID":2120601950,"ELEV_UP_M":124.0,"ELEV_DN_M":85.9,"NEXT_DOWN":20569090},"geometry":{"type":"LineString","coordinates":[[-8.529166666666896,41.99999999999955],[-8.518750000000267,42.010416666666195],[-8.514583333333604,42.010416666666195],[-8.510416666666941,42.01458333333286],[-8.502083333333587,42.01458333333286],[-8.497916666666924,42.01874999999951]]}},{"type":"Feature","properties":{"HYRIV_ID":20569374,"ORD_STRA":2,"HYBAS_L12":2120601950.0,"HYBAS_ID":2120601950,"ELEV_UP_M":75.3,"ELEV_DN_M":75.3,"NEXT_DOWN":20569090},"geometry":{"type":"LineString","coordinates":[[-8.493750000000261,42.00624999999953],[-8.493750000000261,42.010416666666195],[-8.497916666666924,42.01458333333286],[-8.497916666666924,42.01874999999951]]}},{"type":"Feature","properties":{"HYRIV_ID":20569292,"ORD_STRA":1,"HYBAS_L12":2120601950.0,"HYBAS_ID":2120601950,"ELEV_UP_M":94.8,"ELEV_DN_M":94.8,"NEXT_DOWN":20568992},"geometry":{"type":"LineString","coordinates":[[-8.558333333333593,42.008333333332864],[-8.552083333333599,42.01458333333286],[-8.552083333333599,42.02291666666621]]}},{"type":"Feature","properties":{"HYRIV_ID":20569090,"ORD_STRA":2,"HYBAS_L12":2120601950.0,"HYBAS_ID":2120601950,"ELEV_UP_M":62.7,"ELEV_DN_M":62.7,"NEXT_DOWN":20568993},"geometry":{"type":"LineString","coordinates":[[-8.497916666666924,42.01874999999951],[-8.497916666666924,42.02291666666621]]}},{"type":"Feature","properties":{"HYRIV_ID":20568992,"ORD_STRA":2,"HYBAS_L12":2120601950.0,"HYBAS_ID":2120601950,"ELEV_UP_M":47.3,"ELEV_DN_M":22.1,"NEXT_DOWN":20568379},"geometry":{"type":"LineString","coordinates":[[-8.552083333333599,42.02291666666621],[-8.552083333333599,42.027083333332875],[-8.547916666666907,42.03124999999954],[-8.556250000000261,42.03958333333289],[-8.556250000000261,42.043749999999555],[-8.560416666666924,42.047916666666204],[-8.560416666666924,42.05208333333287]]}},{"type":"Feature","properties":{"HYRIV_ID":20568993,"ORD_STRA":2,"HYBAS_L12":2120601950.0,"HYBAS_ID":2120601950,"ELEV_UP_M":55.8,"ELEV_DN_M":43.3,"NEXT_DOWN":20568285},"geometry":{"type":"LineString","coordinates":[[-8.497916666666924,42.02291666666621],[-8.497916666666924,42.027083333332875],[-8.502083333333587,42.03124999999954],[-8.502083333333587,42.03958333333289],[-8.497916666666924,42.043749999999555],[-8.50625000000025,42.05208333333287],[-8.50625000000025,42.05624999999953]]}},{"type":"Feature","properties":{"HYRIV_ID":20568615,"ORD_STRA":1,"HYBAS_L12":2120601950.0,"HYBAS_ID":2120601950,"ELEV_UP_M":72.7,"ELEV_DN_M":61.1,"NEXT_DOWN":20568285},"geometry":{"type":"LineString","coordinates":[[-8.47500000000025,42.03958333333289],[-8.485416666666907,42.03958333333289],[-8.489583333333599,42.043749999999555],[-8.489583333333599,42.05208333333287],[-8.497916666666924,42.06041666666618],[-8.502083333333587,42.06041666666618],[-8.50625000000025,42.05624999999953]]}},{"type":"Feature","properties":{"HYRIV_ID":20568380,"ORD_STRA":6,"HYBAS_L12":2120601950.0,"HYBAS_ID":2120601950,"ELEV_UP_M":7.9,"ELEV_DN_M":7.9,"NEXT_DOWN":20568379},"geometry":{"type":"LineString","coordinates":[[-8.552083333333599,42.05208333333287],[-8.560416666666924,42.05208333333287]]}},{"type":"Feature","properties":{"HYRIV_ID":20569089,"ORD_STRA":1,"HYBAS_L12":2120601950.0,"HYBAS_ID":2120601950,"ELEV_UP_M":86.7,"ELEV_DN_M":86.7,"NEXT_DOWN":20568992},"geometry":{"type":"LineString","coordinates":[[-8.562500000000256,42.01874999999951],[-8.556250000000261,42.01874999999951],[-8.552083333333599,42.02291666666621]]}},{"type":"Feature","properties":{"HYRIV_ID":20568614,"ORD_STRA":6,"HYBAS_L12":2121210050.0,"HYBAS_ID":2121210050,"ELEV_UP_M":4.1,"ELEV_DN_M":4.1,"NEXT_DOWN":20568804},"geometry":{"type":"LineString","coordinates":[[-8.63125000000025,42.05208333333287],[-8.643750000000267,42.03958333333289]]}},{"type":"Feature","properties":{"HYRIV_ID":20568378,"ORD_STRA":6,"HYBAS_L12":2120601950.0,"HYBAS_ID":2120601950,"ELEV_UP_M":3.8,"ELEV_DN_M":3.8,"NEXT_DOWN":20568614},"geometry":{"type":"LineString","coordinates":[[-8.593750000000227,42.05624999999953],[-8.59791666666689,42.05624999999953],[-8.602083333333553,42.05208333333287],[-8.63125000000025,42.05208333333287]]}},{"type":"Feature","properties":{"HYRIV_ID":20568379,"ORD_STRA":6,"HYBAS_L12":2120601950.0,"HYBAS_ID":2120601950,"ELEV_UP_M":9.9,"ELEV_DN_M":9.9,"NEXT_DOWN":20568378},"geometry":{"type":"LineString","coordinates":[[-8.560416666666924,42.05208333333287],[-8.589583333333536,42.05208333333287],[-8.593750000000227,42.05624999999953]]}},{"type":"Feature","properties":{"HYRIV_ID":20568283,"ORD_STRA":1,"HYBAS_L12":2120601950.0,"HYBAS_ID":2120601950,"ELEV_UP_M":11.3,"ELEV_DN_M":11.3,"NEXT_DOWN":20568378},"geometry":{"type":"LineString","coordinates":[[-8.587500000000261,42.06249999999955],[-8.593750000000227,42.05624999999953]]}},{"type":"Feature","properties":{"HYRIV_ID":20568377,"ORD_STRA":3,"HYBAS_L12":2120601810.0,"HYBAS_ID":2120601810,"ELEV_UP_M":23.5,"ELEV_DN_M":18.9,"NEXT_DOWN":20568614},"geometry":{"type":"LineString","coordinates":[[-8.639583333333604,42.072916666666195],[-8.635416666666941,42.06874999999955],[-8.635416666666941,42.06041666666618],[-8.63125000000025,42.05624999999953],[-8.63125000000025,42.05208333333287]]}},{"type":"Feature","properties":{"HYRIV_ID":20567970,"ORD_STRA":1,"HYBAS_L12":2120601810.0,"HYBAS_ID":2120601810,"ELEV_UP_M":27.8,"ELEV_DN_M":27.8,"NEXT_DOWN":20568377},"geometry":{"type":"LineString","coordinates":[[-8.645833333333599,42.072916666666195],[-8.639583333333604,42.072916666666195]]}},{"type":"Feature","properties":{"HYRIV_ID":20567971,"ORD_STRA":3,"HYBAS_L12":2120601810.0,"HYBAS_ID":2120601810,"ELEV_UP_M":22.4,"ELEV_DN_M":19.5,"NEXT_DOWN":0},"geometry":{"type":"LineString","coordinates":[[-8.639583333333604,42.072916666666195],[-8.635416666666941,42.07708333333286],[-8.635416666666941,42.08124999999952],[-8.63125000000025,42.08541666666621],[-8.63125000000025,42.089583333332875]]}},{"type":"Feature","properties":{"HYRIV_ID":20567639,"ORD_STRA":3,"HYBAS_L12":2120601810.0,"HYBAS_ID":2120601810,"ELEV_UP_M":16.4,"ELEV_DN_M":16.4,"NEXT_DOWN":0},"geometry":{"type":"LineString","coordinates":[[-8.635416666666941,42.10208333333289],[-8.63125000000025,42.09791666666619],[-8.63125000000025,42.089583333332875]]}},{"type":"Feature","properties":{"HYRIV_ID":20567640,"ORD_STRA":1,"HYBAS_L12":2120601810.0,"HYBAS_ID":2120601810,"ELEV_UP_M":47.4,"ELEV_DN_M":24.7,"NEXT_DOWN":0},"geometry":{"type":"LineString","coordinates":[[-8.602083333333553,42.1166666666662],[-8.602083333333553,42.106249999999555],[-8.610416666666907,42.09791666666619],[-8.61458333333357,42.09791666666619],[-8.622916666666924,42.089583333332875],[-8.63125000000025,42.089583333332875]]}},{"type":"Feature","properties":{"HYRIV_ID":20568383,"ORD_STRA":1,"HYBAS_L12":2120601950.0,"HYBAS_ID":2120601950,"ELEV_UP_M":29.3,"ELEV_DN_M":29.3,"NEXT_DOWN":20568382},"geometry":{"type":"LineString","coordinates":[[-8.533333333333559,42.049999999999535],[-8.539583333333582,42.05624999999953]]}},{"type":"Feature","properties":{"HYRIV_ID":20568382,"ORD_STRA":6,"HYBAS_L12":2120601950.0,"HYBAS_ID":2120601950,"ELEV_UP_M":11.3,"ELEV_DN_M":11.3,"NEXT_DOWN":20568380},"geometry":{"type":"LineString","coordinates":[[-8.539583333333582,42.05624999999953],[-8.547916666666907,42.05624999999953],[-8.552083333333599,42.05208333333287]]}},{"type":"Feature","properties":{"HYRIV_ID":20568285,"ORD_STRA":2,"HYBAS_L12":2120601950.0,"HYBAS_ID":2120601950,"ELEV_UP_M":32.3,"ELEV_DN_M":32.3,"NEXT_DOWN":20568284},"geometry":{"type":"LineString","coordinates":[[-8.50625000000025,42.05624999999953],[-8.514583333333604,42.05624999999953],[-8.518750000000267,42.06041666666618],[-8.531250000000227,42.06041666666618]]}},{"type":"Feature","properties":{"HYRIV_ID":20568284,"ORD_STRA":6,"HYBAS_L12":2120601950.0,"HYBAS_ID":2120601950,"ELEV_UP_M":9.7,"ELEV_DN_M":9.7,"NEXT_DOWN":20568382},"geometry":{"type":"LineString","coordinates":[[-8.531250000000227,42.06041666666618],[-8.53541666666689,42.06041666666618],[-8.539583333333582,42.05624999999953]]}},{"type":"Feature","properties":{"HYRIV_ID":20568187,"ORD_STRA":6,"HYBAS_L12":2120601950.0,"HYBAS_ID":2120601950,"ELEV_UP_M":28.2,"ELEV_DN_M":17.3,"NEXT_DOWN":20568284},"geometry":{"type":"LineString","coordinates":[[-8.514583333333604,42.08124999999952],[-8.518750000000267,42.08124999999952],[-8.527083333333564,42.072916666666195],[-8.527083333333564,42.064583333332884],[-8.531250000000227,42.06041666666618]]}},{"type":"Feature","properties":{"HYRIV_ID":20568381,"ORD_STRA":2,"HYBAS_L12":2120601950.0,"HYBAS_ID":2120601950,"ELEV_UP_M":32.4,"ELEV_DN_M":32.4,"NEXT_DOWN":20568380},"geometry":{"type":"LineString","coordinates":[[-8.547916666666907,42.089583333332875],[-8.547916666666907,42.072916666666195],[-8.552083333333599,42.06874999999955],[-8.552083333333599,42.05208333333287]]}},{"type":"Feature","properties":{"HYRIV_ID":20567793,"ORD_STRA":6,"HYBAS_L12":2120601350.0,"HYBAS_ID":2120601350,"ELEV_UP_M":25.5,"ELEV_DN_M":25.5,"NEXT_DOWN":20568187},"geometry":{"type":"LineString","coordinates":[[-8.464583333333564,42.08124999999952],[-8.514583333333604,42.08124999999952]]}},{"type":"Feature","properties":{"HYRIV_ID":20567792,"ORD_STRA":3,"HYBAS_L12":2120601290.0,"HYBAS_ID":2120601290,"ELEV_UP_M":33.5,"ELEV_DN_M":33.5,"NEXT_DOWN":20568187},"geometry":{"type":"LineString","coordinates":[[-8.514583333333604,42.09374999999954],[-8.514583333333604,42.08124999999952]]}},{"type":"Feature","properties":{"HYRIV_ID":20567641,"ORD_STRA":1,"HYBAS_L12":2120601950.0,"HYBAS_ID":2120601950,"ELEV_UP_M":49.3,"ELEV_DN_M":49.3,"NEXT_DOWN":20568381},"geometry":{"type":"LineString","coordinates":[[-8.562500000000256,42.09999999999952],[-8.552083333333599,42.089583333332875],[-8.547916666666907,42.089583333332875]]}},{"type":"Feature","properties":{"HYRIV_ID":20567527,"ORD_STRA":3,"HYBAS_L12":2120601290.0,"HYBAS_ID":2120601290,"ELEV_UP_M":26.5,"ELEV_DN_M":26.5,"NEXT_DOWN":20567792},"geometry":{"type":"LineString","coordinates":[[-8.50625000000025,42.106249999999555],[-8.50625000000025,42.10208333333289],[-8.514583333333604,42.09374999999954]]}},{"type":"Feature","properties":{"HYRIV_ID":20567898,"ORD_STRA":6,"HYBAS_L12":2120601350.0,"HYBAS_ID":2120601350,"ELEV_UP_M":19.0,"ELEV_DN_M":19.0,"NEXT_DOWN":20567795},"geometry":{"type":"LineString","coordinates":[[-8.435416666666924,42.07708333333286],[-8.439583333333587,42.08124999999952],[-8.443750000000279,42.08124999999952]]}},{"type":"Feature","properties":{"HYRIV_ID":20567899,"ORD_STRA":6,"HYBAS_L12":2120601350.0,"HYBAS_ID":2120601350,"ELEV_UP_M":27.2,"ELEV_DN_M":27.2,"NEXT_DOWN":20567972},"geometry":{"type":"LineString","coordinates":[[-8.389583333333604,42.07708333333286],[-8.39375000000021,42.08124999999952]]}},{"type":"Feature","properties":{"HYRIV_ID":20567795,"ORD_STRA":6,"HYBAS_L12":2120601350.0,"HYBAS_ID":2120601350,"ELEV_UP_M":16.3,"ELEV_DN_M":16.3,"NEXT_DOWN":20567793},"geometry":{"type":"LineString","coordinates":[[-8.443750000000279,42.08124999999952],[-8.464583333333564,42.08124999999952]]}},{"type":"Feature","properties":{"HYRIV_ID":20567796,"ORD_STRA":1,"HYBAS_L12":2120601350.0,"HYBAS_ID":2120601350,"ELEV_UP_M":64.5,"ELEV_DN_M":44.4,"NEXT_DOWN":20567795},"geometry":{"type":"LineString","coordinates":[[-8.42916666666693,42.104166666666224],[-8.439583333333587,42.09374999999954],[-8.439583333333587,42.089583333332875],[-8.443750000000279,42.08541666666621],[-8.443750000000279,42.08124999999952]]}},{"type":"Feature","properties":{"HYRIV_ID":20567797,"ORD_STRA":2,"HYBAS_L12":2120601350.0,"HYBAS_ID":2120601350,"ELEV_UP_M":71.0,"ELEV_DN_M":49.9,"NEXT_DOWN":20567972},"geometry":{"type":"LineString","coordinates":[[-8.389583333333604,42.106249999999555],[-8.385416666666941,42.10208333333289],[-8.389583333333604,42.09791666666619],[-8.389583333333604,42.089583333332875],[-8.39375000000021,42.08541666666621],[-8.39375000000021,42.08124999999952]]}},{"type":"Feature","properties":{"HYRIV_ID":20567794,"ORD_STRA":1,"HYBAS_L12":2120601350.0,"HYBAS_ID":2120601350,"ELEV_UP_M":53.7,"ELEV_DN_M":26.8,"NEXT_DOWN":20567793},"geometry":{"type":"LineString","coordinates":[[-8.450000000000273,42.127083333332884],[-8.456250000000267,42.127083333332884],[-8.464583333333564,42.11874999999953],[-8.464583333333564,42.10208333333289],[-8.468750000000227,42.09791666666619],[-8.464583333333564,42.09374999999954],[-8.464583333333564,42.08124999999952]]}},{"type":"Feature","properties":{"HYRIV_ID":20567526,"ORD_STRA":1,"HYBAS_L12":2120601290.0,"HYBAS_ID":2120601290,"ELEV_UP_M":36.3,"ELEV_DN_M":36.3,"NEXT_DOWN":20567792},"geometry":{"type":"LineString","coordinates":[[-8.520833333333599,42.10833333333289],[-8.514583333333604,42.10208333333289],[-8.514583333333604,42.09374999999954]]}},{"type":"Feature","properties":{"HYRIV_ID":20567230,"ORD_STRA":1,"HYBAS_L12":2120601290.0,"HYBAS_ID":2120601290,"ELEV_UP_M":17.7,"ELEV_DN_M":17.7,"NEXT_DOWN":20567527},"geometry":{"type":"LineString","coordinates":[[-8.500000000000256,42.106249999999555],[-8.50625000000025,42.106249999999555]]}},{"type":"Feature","properties":{"HYRIV_ID":20567642,"ORD_STRA":1,"HYBAS_L12":2120601950.0,"HYBAS_ID":2120601950,"ELEV_UP_M":78.7,"ELEV_DN_M":52.4,"NEXT_DOWN":20568381},"geometry":{"type":"LineString","coordinates":[[-8.564583333333587,42.129166666666215],[-8.564583333333587,42.11874999999953],[-8.560416666666924,42.11874999999953],[-8.552083333333599,42.110416666666204],[-8.552083333333599,42.106249999999555],[-8.547916666666907,42.10208333333289],[-8.547916666666907,42.089583333332875]]}},{"type":"Feature","properties":{"HYRIV_ID":20567229,"ORD_STRA":3,"HYBAS_L12":2120601290.0,"HYBAS_ID":2120601290,"ELEV_UP_M":25.6,"ELEV_DN_M":19.9,"NEXT_DOWN":20567527},"geometry":{"type":"LineString","coordinates":[[-8.502083333333587,42.127083333332884],[-8.50625000000025,42.12291666666618],[-8.502083333333587,42.11874999999953],[-8.502083333333587,42.11458333333287],[-8.50625000000025,42.110416666666204],[-8.50625000000025,42.106249999999555]]}},{"type":"Feature","properties":{"HYRIV_ID":20566802,"ORD_STRA":1,"HYBAS_L12":2120601290.0,"HYBAS_ID":2120601290,"ELEV_UP_M":22.1,"ELEV_DN_M":22.1,"NEXT_DOWN":20567229},"geometry":{"type":"LineString","coordinates":[[-8.495833333333593,42.127083333332884],[-8.502083333333587,42.127083333332884]]}},{"type":"Feature","properties":{"HYRIV_ID":20566801,"ORD_STRA":3,"HYBAS_L12":2120601290.0,"HYBAS_ID":2120601290,"ELEV_UP_M":24.0,"ELEV_DN_M":21.1,"NEXT_DOWN":20567229},"geometry":{"type":"LineString","coordinates":[[-8.514583333333604,42.15],[-8.514583333333604,42.13541666666621],[-8.510416666666941,42.13124999999955],[-8.50625000000025,42.13541666666621],[-8.502083333333587,42.13124999999955],[-8.502083333333587,42.127083333332884]]}},{"type":"Feature","properties":{"HYRIV_ID":20571819,"ORD_STRA":1,"HYBAS_L12":2120019290.0,"HYBAS_ID":2120019290,"ELEV_UP_M":161.0,"ELEV_DN_M":75.5,"NEXT_DOWN":20572265},"geometry":{"type":"LineString","coordinates":[[-8.737500000000239,41.90416666666619],[-8.743750000000233,41.89791666666621],[-8.747916666666924,41.89791666666621],[-8.752083333333587,41.89374999999955],[-8.760416666666941,41.89374999999955],[-8.764583333333576,41.889583333332844]]}},{"type":"Feature","properties":{"HYRIV_ID":20571642,"ORD_STRA":1,"HYBAS_L12":2120019320.0,"HYBAS_ID":2120019320,"ELEV_UP_M":0.7,"ELEV_DN_M":0.7,"NEXT_DOWN":0},"geometry":{"type":"LineString","coordinates":[[-8.843750000000256,41.908333333332855],[-8.843750000000256,41.89791666666621]]}},{"type":"Feature","properties":{"HYRIV_ID":20571391,"ORD_STRA":2,"HYBAS_L12":2120019320.0,"HYBAS_ID":2120019320,"ELEV_UP_M":4.1,"ELEV_DN_M":4.1,"NEXT_DOWN":0},"geometry":{"type":"LineString","coordinates":[[-8.827083333333604,41.93124999999956],[-8.827083333333604,41.91458333333288],[-8.822916666666913,41.91041666666623]]}},{"type":"Feature","properties":{"HYRIV_ID":20571119,"ORD_STRA":6,"HYBAS_L12":2120019310.0,"HYBAS_ID":2120019310,"ELEV_UP_M":2.2,"ELEV_DN_M":1.9,"NEXT_DOWN":0},"geometry":{"type":"LineString","coordinates":[[-8.747916666666924,41.939583333332884],[-8.760416666666941,41.92708333333287],[-8.764583333333576,41.92708333333287],[-8.768750000000267,41.922916666666204],[-8.77291666666693,41.922916666666204]]}},{"type":"Feature","properties":{"HYRIV_ID":20571024,"ORD_STRA":1,"HYBAS_L12":2120019320.0,"HYBAS_ID":2120019320,"ELEV_UP_M":12.6,"ELEV_DN_M":5.0,"NEXT_DOWN":0},"geometry":{"type":"LineString","coordinates":[[-8.783333333333587,41.939583333332884],[-8.77291666666693,41.939583333332884],[-8.768750000000267,41.93541666666622],[-8.768750000000267,41.93124999999956],[-8.77291666666693,41.92708333333287]]}},{"type":"Feature","properties":{"HYRIV_ID":20570925,"ORD_STRA":1,"HYBAS_L12":2120019320.0,"HYBAS_ID":2120019320,"ELEV_UP_M":21.2,"ELEV_DN_M":21.2,"NEXT_DOWN":20571391},"geometry":{"type":"LineString","coordinates":[[-8.850000000000193,41.93541666666622],[-8.843750000000256,41.93541666666622],[-8.839583333333593,41.93124999999956],[-8.827083333333604,41.93124999999956]]}},{"type":"Feature","properties":{"HYRIV_ID":20570753,"ORD_STRA":6,"HYBAS_L12":2120019310.0,"HYBAS_ID":2120019310,"ELEV_UP_M":0.5,"ELEV_DN_M":0.5,"NEXT_DOWN":20571119},"geometry":{"type":"LineString","coordinates":[[-8.747916666666924,41.95624999999951],[-8.747916666666924,41.939583333332884]]}},{"type":"Feature","properties":{"HYRIV_ID":20570926,"ORD_STRA":2,"HYBAS_L12":2120019320.0,"HYBAS_ID":2120019320,"ELEV_UP_M":51.9,"ELEV_DN_M":30.4,"NEXT_DOWN":20571391},"geometry":{"type":"LineString","coordinates":[[-8.81875000000025,41.968749999999524],[-8.81875000000025,41.964583333332875],[-8.822916666666913,41.96041666666621],[-8.822916666666913,41.95624999999951],[-8.827083333333604,41.95208333333286],[-8.827083333333604,41.93124999999956]]}},{"type":"Feature","properties":{"HYRIV_ID":20570418,"ORD_STRA":1,"HYBAS_L12":2120019310.0,"HYBAS_ID":2120019310,"ELEV_UP_M":22.4,"ELEV_DN_M":22.4,"NEXT_DOWN":20570330},"geometry":{"type":"LineString","coordinates":[[-8.779166666666924,41.95624999999951],[-8.764583333333576,41.95624999999951],[-8.760416666666941,41.96041666666621]]}},{"type":"Feature","properties":{"HYRIV_ID":20570419,"ORD_STRA":3,"HYBAS_L12":2120019310.0,"HYBAS_ID":2120019310,"ELEV_UP_M":0.0,"ELEV_DN_M":0.0,"NEXT_DOWN":20570753},"geometry":{"type":"LineString","coordinates":[[-8.747916666666924,41.96041666666621],[-8.747916666666924,41.95624999999951]]}},{"type":"Feature","properties":{"HYRIV_ID":20571915,"ORD_STRA":3,"HYBAS_L12":2121210680.0,"HYBAS_ID":2121210680,"ELEV_UP_M":126.6,"ELEV_DN_M":126.6,"NEXT_DOWN":20571914},"geometry":{"type":"LineString","coordinates":[[-8.656250000000199,41.889583333332844],[-8.66041666666689,41.885416666666195]]}},{"type":"Feature","properties":{"HYRIV_ID":20571821,"ORD_STRA":1,"HYBAS_L12":2121210680.0,"HYBAS_ID":2121210680,"ELEV_UP_M":141.9,"ELEV_DN_M":141.9,"NEXT_DOWN":20571915},"geometry":{"type":"LineString","coordinates":[[-8.656250000000199,41.908333333332855],[-8.656250000000199,41.889583333332844]]}},{"type":"Feature","properties":{"HYRIV_ID":20571820,"ORD_STRA":1,"HYBAS_L12":2120019290.0,"HYBAS_ID":2120019290,"ELEV_UP_M":209.9,"ELEV_DN_M":183.0,"NEXT_DOWN":20572009},"geometry":{"type":"LineString","coordinates":[[-8.683333333333593,41.91666666666621],[-8.67708333333357,41.91041666666623],[-8.67708333333357,41.90208333333286],[-8.668750000000216,41.89374999999955],[-8.668750000000216,41.889583333332844]]}},{"type":"Feature","properties":{"HYRIV_ID":20570831,"ORD_STRA":1,"HYBAS_L12":2120019310.0,"HYBAS_ID":2120019310,"ELEV_UP_M":62.8,"ELEV_DN_M":62.8,"NEXT_DOWN":20571119},"geometry":{"type":"LineString","coordinates":[[-8.725000000000222,41.93541666666622],[-8.73958333333357,41.93541666666622],[-8.743750000000233,41.939583333332884],[-8.747916666666924,41.939583333332884]]}},{"type":"Feature","properties":{"HYRIV_ID":20570420,"ORD_STRA":6,"HYBAS_L12":2120019310.0,"HYBAS_ID":2120019310,"ELEV_UP_M":4.7,"ELEV_DN_M":4.7,"NEXT_DOWN":20570753},"geometry":{"type":"LineString","coordinates":[[-8.727083333333553,41.97708333333289],[-8.731250000000216,41.97708333333289],[-8.743750000000233,41.964583333332875],[-8.743750000000233,41.96041666666621],[-8.747916666666924,41.95624999999951]]}},{"type":"Feature","properties":{"HYRIV_ID":20570503,"ORD_STRA":1,"HYBAS_L12":2121210050.0,"HYBAS_ID":2121210050,"ELEV_UP_M":39.0,"ELEV_DN_M":12.5,"NEXT_DOWN":20569796},"geometry":{"type":"LineString","coordinates":[[-8.685416666666924,41.94999999999953],[-8.685416666666924,41.96041666666621],[-8.689583333333587,41.964583333332875],[-8.689583333333587,41.98124999999954],[-8.69375000000025,41.985416666666204],[-8.697916666666913,41.985416666666204]]}},{"type":"Feature","properties":{"HYRIV_ID":20570176,"ORD_STRA":1,"HYBAS_L12":2120019310.0,"HYBAS_ID":2120019310,"ELEV_UP_M":8.8,"ELEV_DN_M":8.8,"NEXT_DOWN":20570420},"geometry":{"type":"LineString","coordinates":[[-8.72083333333353,41.96666666666619],[-8.727083333333553,41.97291666666619],[-8.727083333333553,41.97708333333289]]}},{"type":"Feature","properties":{"HYRIV_ID":20570332,"ORD_STRA":2,"HYBAS_L12":2121210050.0,"HYBAS_ID":2121210050,"ELEV_UP_M":41.9,"ELEV_DN_M":18.5,"NEXT_DOWN":20569716},"geometry":{"type":"LineString","coordinates":[[-8.64791666666693,41.96041666666621],[-8.64791666666693,41.968749999999524],[-8.652083333333593,41.97291666666619],[-8.656250000000199,41.97291666666619],[-8.66041666666689,41.97708333333289],[-8.66041666666689,41.98124999999954],[-8.672916666666907,41.993749999999515],[-8.67708333333357,41.993749999999515]]}},{"type":"Feature","properties":{"HYRIV_ID":20570097,"ORD_STRA":1,"HYBAS_L12":2120019310.0,"HYBAS_ID":2120019310,"ELEV_UP_M":14.8,"ELEV_DN_M":14.8,"NEXT_DOWN":20569900},"geometry":{"type":"LineString","coordinates":[[-8.702083333333604,41.9708333333329],[-8.702083333333604,41.985416666666204]]}},{"type":"Feature","properties":{"HYRIV_ID":20570001,"ORD_STRA":6,"HYBAS_L12":2120019310.0,"HYBAS_ID":2120019310,"ELEV_UP_M":1.3,"ELEV_DN_M":1.3,"NEXT_DOWN":20570420},"geometry":{"type":"LineString","coordinates":[[-8.718750000000199,41.98124999999954],[-8.72291666666689,41.97708333333289],[-8.727083333333553,41.97708333333289]]}},{"type":"Feature","properties":{"HYRIV_ID":20571300,"ORD_STRA":2,"HYBAS_L12":2121210680.0,"HYBAS_ID":2121210680,"ELEV_UP_M":258.3,"ELEV_DN_M":258.3,"NEXT_DOWN":20571724},"geometry":{"type":"LineString","coordinates":[[-8.59791666666689,41.922916666666204],[-8.59791666666689,41.91458333333288]]}},{"type":"Feature","properties":{"HYRIV_ID":20571120,"ORD_STRA":1,"HYBAS_L12":2121210680.0,"HYBAS_ID":2121210680,"ELEV_UP_M":268.8,"ELEV_DN_M":268.8,"NEXT_DOWN":20571300},"geometry":{"type":"LineString","coordinates":[[-8.59791666666689,41.929166666666184],[-8.59791666666689,41.922916666666204]]}},{"type":"Feature","properties":{"HYRIV_ID":20571121,"ORD_STRA":1,"HYBAS_L12":2121210680.0,"HYBAS_ID":2121210680,"ELEV_UP_M":284.1,"ELEV_DN_M":284.1,"NEXT_DOWN":20571300},"geometry":{"type":"LineString","coordinates":[[-8.587500000000261,41.93333333333289],[-8.59791666666689,41.922916666666204]]}},{"type":"Feature","properties":{"HYRIV_ID":20570581,"ORD_STRA":1,"HYBAS_L12":2121210050.0,"HYBAS_ID":2121210050,"ELEV_UP_M":49.8,"ELEV_DN_M":49.8,"NEXT_DOWN":20570332},"geometry":{"type":"LineString","coordinates":[[-8.64791666666693,41.945833333332864],[-8.64791666666693,41.96041666666621]]}},{"type":"Feature","properties":{"HYRIV_ID":20570333,"ORD_STRA":1,"HYBAS_L12":2121210050.0,"HYBAS_ID":2121210050,"ELEV_UP_M":42.4,"ELEV_DN_M":42.4,"NEXT_DOWN":20570332},"geometry":{"type":"LineString","coordinates":[[-8.637500000000244,41.96041666666621],[-8.64791666666693,41.96041666666621]]}},{"type":"Feature","properties":{"HYRIV_ID":20570002,"ORD_STRA":1,"HYBAS_L12":2121210050.0,"HYBAS_ID":2121210050,"ELEV_UP_M":191.6,"ELEV_DN_M":25.2,"NEXT_DOWN":20569717},"geometry":{"type":"LineString","coordinates":[[-8.587500000000261,41.987499999999535],[-8.593750000000227,41.98124999999954],[-8.59791666666689,41.98124999999954],[-8.602083333333553,41.97708333333289],[-8.61458333333357,41.97708333333289],[-8.618750000000261,41.98124999999954],[-8.627083333333587,41.98124999999954],[-8.63125000000025,41.985416666666204],[-8.635416666666941,41.985416666666204],[-8.639583333333604,41.98958333333287]]}},{"type":"Feature","properties":{"HYRIV_ID":20569718,"ORD_STRA":1,"HYBAS_L12":2121210050.0,"HYBAS_ID":2121210050,"ELEV_UP_M":28.2,"ELEV_DN_M":28.2,"NEXT_DOWN":20569717},"geometry":{"type":"LineString","coordinates":[[-8.620833333333593,41.993749999999515],[-8.635416666666941,41.993749999999515],[-8.639583333333604,41.98958333333287]]}},{"type":"Feature","properties":{"HYRIV_ID":20569717,"ORD_STRA":2,"HYBAS_L12":2121210050.0,"HYBAS_ID":2121210050,"ELEV_UP_M":9.9,"ELEV_DN_M":9.9,"NEXT_DOWN":20569371},"geometry":{"type":"LineString","coordinates":[[-8.639583333333604,41.98958333333287],[-8.656250000000199,42.00624999999953]]}},{"type":"Feature","properties":{"HYRIV_ID":20569373,"ORD_STRA":1,"HYBAS_L12":2121210050.0,"HYBAS_ID":2121210050,"ELEV_UP_M":23.9,"ELEV_DN_M":23.9,"NEXT_DOWN":20569372},"geometry":{"type":"LineString","coordinates":[[-8.625000000000256,42.00624999999953],[-8.639583333333604,42.00624999999953],[-8.643750000000267,42.010416666666195]]}},{"type":"Feature","properties":{"HYRIV_ID":20569291,"ORD_STRA":1,"HYBAS_L12":2121210050.0,"HYBAS_ID":2121210050,"ELEV_UP_M":16.8,"ELEV_DN_M":16.8,"NEXT_DOWN":20569372},"geometry":{"type":"LineString","coordinates":[[-8.637500000000244,42.01666666666619],[-8.643750000000267,42.010416666666195]]}},{"type":"Feature","properties":{"HYRIV_ID":20570330,"ORD_STRA":2,"HYBAS_L12":2120019310.0,"HYBAS_ID":2120019310,"ELEV_UP_M":2.5,"ELEV_DN_M":2.5,"NEXT_DOWN":20570419},"geometry":{"type":"LineString","coordinates":[[-8.760416666666941,41.96041666666621],[-8.75625000000025,41.964583333332875],[-8.752083333333587,41.96041666666621],[-8.747916666666924,41.96041666666621]]}},{"type":"Feature","properties":{"HYRIV_ID":20570329,"ORD_STRA":1,"HYBAS_L12":2120019310.0,"HYBAS_ID":2120019310,"ELEV_UP_M":20.1,"ELEV_DN_M":20.1,"NEXT_DOWN":20570330},"geometry":{"type":"LineString","coordinates":[[-8.775000000000261,41.968749999999524],[-8.768750000000267,41.968749999999524],[-8.760416666666941,41.96041666666621]]}},{"type":"Feature","properties":{"HYRIV_ID":20570331,"ORD_STRA":2,"HYBAS_L12":2120019310.0,"HYBAS_ID":2120019310,"ELEV_UP_M":2.9,"ELEV_DN_M":2.9,"NEXT_DOWN":20570419},"geometry":{"type":"LineString","coordinates":[[-8.752083333333587,41.97291666666619],[-8.752083333333587,41.968749999999524],[-8.747916666666924,41.964583333332875],[-8.747916666666924,41.96041666666621]]}},{"type":"Feature","properties":{"HYRIV_ID":20570174,"ORD_STRA":1,"HYBAS_L12":2120019320.0,"HYBAS_ID":2120019320,"ELEV_UP_M":171.6,"ELEV_DN_M":171.6,"NEXT_DOWN":20570926},"geometry":{"type":"LineString","coordinates":[[-8.841666666666924,41.97291666666619],[-8.827083333333604,41.97291666666619],[-8.822916666666913,41.968749999999524],[-8.81875000000025,41.968749999999524]]}},{"type":"Feature","properties":{"HYRIV_ID":20570095,"ORD_STRA":1,"HYBAS_L12":2120019310.0,"HYBAS_ID":2120019310,"ELEV_UP_M":18.9,"ELEV_DN_M":18.9,"NEXT_DOWN":20570331},"geometry":{"type":"LineString","coordinates":[[-8.770833333333599,41.98333333333287],[-8.760416666666941,41.97291666666619],[-8.75625000000025,41.97708333333289],[-8.752083333333587,41.97291666666619]]}},{"type":"Feature","properties":{"HYRIV_ID":20570175,"ORD_STRA":2,"HYBAS_L12":2120019320.0,"HYBAS_ID":2120019320,"ELEV_UP_M":79.2,"ELEV_DN_M":79.2,"NEXT_DOWN":20570926},"geometry":{"type":"LineString","coordinates":[[-8.81875000000025,41.98958333333287],[-8.810416666666896,41.98124999999954],[-8.81875000000025,41.97291666666619],[-8.81875000000025,41.968749999999524]]}},{"type":"Feature","properties":{"HYRIV_ID":20570096,"ORD_STRA":1,"HYBAS_L12":2120019310.0,"HYBAS_ID":2120019310,"ELEV_UP_M":52.8,"ELEV_DN_M":15.4,"NEXT_DOWN":20570331},"geometry":{"type":"LineString","coordinates":[[-8.762500000000244,42.01666666666619],[-8.75625000000025,42.010416666666195],[-8.75625000000025,41.99791666666622],[-8.752083333333587,41.993749999999515],[-8.752083333333587,41.985416666666204],[-8.75625000000025,41.98124999999954],[-8.752083333333587,41.97708333333289],[-8.752083333333587,41.97291666666619]]}},{"type":"Feature","properties":{"HYRIV_ID":20569713,"ORD_STRA":1,"HYBAS_L12":2120019320.0,"HYBAS_ID":2120019320,"ELEV_UP_M":242.9,"ELEV_DN_M":186.5,"NEXT_DOWN":20570175},"geometry":{"type":"LineString","coordinates":[[-8.841666666666924,42.01249999999953],[-8.83541666666693,42.00624999999953],[-8.831250000000267,42.00624999999953],[-8.81875000000025,41.993749999999515],[-8.81875000000025,41.98958333333287]]}},{"type":"Feature","properties":{"HYRIV_ID":20569714,"ORD_STRA":2,"HYBAS_L12":2120019320.0,"HYBAS_ID":2120019320,"ELEV_UP_M":212.7,"ELEV_DN_M":212.7,"NEXT_DOWN":20570175},"geometry":{"type":"LineString","coordinates":[[-8.806250000000233,42.01458333333286],[-8.806250000000233,42.010416666666195],[-8.80208333333357,42.00624999999953],[-8.81875000000025,41.98958333333287]]}},{"type":"Feature","properties":{"HYRIV_ID":20569190,"ORD_STRA":1,"HYBAS_L12":2120019320.0,"HYBAS_ID":2120019320,"ELEV_UP_M":290.1,"ELEV_DN_M":290.1,"NEXT_DOWN":20569714},"geometry":{"type":"LineString","coordinates":[[-8.795833333333604,42.01874999999951],[-8.80208333333357,42.01874999999951],[-8.806250000000233,42.01458333333286]]}},{"type":"Feature","properties":{"HYRIV_ID":20569900,"ORD_STRA":6,"HYBAS_L12":2120019310.0,"HYBAS_ID":2120019310,"ELEV_UP_M":5.8,"ELEV_DN_M":5.8,"NEXT_DOWN":20570001},"geometry":{"type":"LineString","coordinates":[[-8.702083333333604,41.985416666666204],[-8.706250000000267,41.985416666666204],[-8.71041666666693,41.98124999999954],[-8.718750000000199,41.98124999999954]]}},{"type":"Feature","properties":{"HYRIV_ID":20569796,"ORD_STRA":6,"HYBAS_L12":2121210050.0,"HYBAS_ID":2121210050,"ELEV_UP_M":3.9,"ELEV_DN_M":3.9,"NEXT_DOWN":20569900},"geometry":{"type":"LineString","coordinates":[[-8.697916666666913,41.985416666666204],[-8.702083333333604,41.985416666666204]]}},{"type":"Feature","properties":{"HYRIV_ID":20569797,"ORD_STRA":6,"HYBAS_L12":2121210050.0,"HYBAS_ID":2121210050,"ELEV_UP_M":2.2,"ELEV_DN_M":2.2,"NEXT_DOWN":20569796},"geometry":{"type":"LineString","coordinates":[[-8.689583333333587,41.98958333333287],[-8.69375000000025,41.98958333333287],[-8.697916666666913,41.985416666666204]]}},{"type":"Feature","properties":{"HYRIV_ID":20569716,"ORD_STRA":6,"HYBAS_L12":2121210050.0,"HYBAS_ID":2121210050,"ELEV_UP_M":5.5,"ELEV_DN_M":5.5,"NEXT_DOWN":20569797},"geometry":{"type":"LineString","coordinates":[[-8.67708333333357,41.993749999999515],[-8.681250000000233,41.993749999999515],[-8.685416666666924,41.98958333333287],[-8.689583333333587,41.98958333333287]]}},{"type":"Feature","properties":{"HYRIV_ID":20569620,"ORD_STRA":6,"HYBAS_L12":2121210050.0,"HYBAS_ID":2121210050,"ELEV_UP_M":2.5,"ELEV_DN_M":2.5,"NEXT_DOWN":20569716},"geometry":{"type":"LineString","coordinates":[[-8.66041666666689,42.00624999999953],[-8.664583333333553,42.002083333332884],[-8.668750000000216,42.002083333332884],[-8.67708333333357,41.993749999999515]]}},{"type":"Feature","properties":{"HYRIV_ID":20569371,"ORD_STRA":3,"HYBAS_L12":2121210050.0,"HYBAS_ID":2121210050,"ELEV_UP_M":3.9,"ELEV_DN_M":3.9,"NEXT_DOWN":20569620},"geometry":{"type":"LineString","coordinates":[[-8.656250000000199,42.00624999999953],[-8.66041666666689,42.00624999999953]]}},{"type":"Feature","properties":{"HYRIV_ID":20569372,"ORD_STRA":2,"HYBAS_L12":2121210050.0,"HYBAS_ID":2121210050,"ELEV_UP_M":6.7,"ELEV_DN_M":6.7,"NEXT_DOWN":20569371},"geometry":{"type":"LineString","coordinates":[[-8.643750000000267,42.010416666666195],[-8.64791666666693,42.010416666666195],[-8.652083333333593,42.00624999999953],[-8.656250000000199,42.00624999999953]]}},{"type":"Feature","properties":{"HYRIV_ID":20569370,"ORD_STRA":6,"HYBAS_L12":2121210050.0,"HYBAS_ID":2121210050,"ELEV_UP_M":2.2,"ELEV_DN_M":2.2,"NEXT_DOWN":20569620},"geometry":{"type":"LineString","coordinates":[[-8.656250000000199,42.03124999999954],[-8.656250000000199,42.010416666666195],[-8.66041666666689,42.00624999999953]]}},{"type":"Feature","properties":{"HYRIV_ID":20569715,"ORD_STRA":1,"HYBAS_L12":2121210050.0,"HYBAS_ID":2121210050,"ELEV_UP_M":100.1,"ELEV_DN_M":40.5,"NEXT_DOWN":20569797},"geometry":{"type":"LineString","coordinates":[[-8.702083333333604,42.066666666666215],[-8.702083333333604,42.05624999999953],[-8.697916666666913,42.05208333333287],[-8.697916666666913,42.043749999999555],[-8.69375000000025,42.03958333333289],[-8.69375000000025,42.02291666666621],[-8.689583333333587,42.01874999999951],[-8.689583333333587,41.98958333333287]]}},{"type":"Feature","properties":{"HYRIV_ID":20568804,"ORD_STRA":6,"HYBAS_L12":2121210050.0,"HYBAS_ID":2121210050,"ELEV_UP_M":2.3,"ELEV_DN_M":2.3,"NEXT_DOWN":20569370},"geometry":{"type":"LineString","coordinates":[[-8.643750000000267,42.03958333333289],[-8.64791666666693,42.03541666666623],[-8.652083333333593,42.03541666666623],[-8.656250000000199,42.03124999999954]]}},{"type":"Feature","properties":{"HYRIV_ID":20569899,"ORD_STRA":1,"HYBAS_L12":2120019310.0,"HYBAS_ID":2120019310,"ELEV_UP_M":211.7,"ELEV_DN_M":19.2,"NEXT_DOWN":20570001},"geometry":{"type":"LineString","coordinates":[[-8.777083333333593,42.0541666666662],[-8.777083333333593,42.043749999999555],[-8.77291666666693,42.03958333333289],[-8.73958333333357,42.03958333333289],[-8.731250000000216,42.03124999999954],[-8.731250000000216,42.02291666666621],[-8.727083333333553,42.01874999999951],[-8.731250000000216,42.01458333333286],[-8.727083333333553,42.010416666666195],[-8.727083333333553,41.99791666666622],[-8.718750000000199,41.98958333333287],[-8.718750000000199,41.98124999999954]]}},{"type":"Feature","properties":{"HYRIV_ID":20569189,"ORD_STRA":1,"HYBAS_L12":2120019320.0,"HYBAS_ID":2120019320,"ELEV_UP_M":354.1,"ELEV_DN_M":311.0,"NEXT_DOWN":20569714},"geometry":{"type":"LineString","coordinates":[[-8.829166666666936,42.02916666666621],[-8.822916666666913,42.02291666666621],[-8.81875000000025,42.02291666666621],[-8.814583333333587,42.01874999999951],[-8.810416666666896,42.01874999999951],[-8.806250000000233,42.01458333333286]]}},{"type":"Feature","properties":{"HYRIV_ID":20568612,"ORD_STRA":1,"HYBAS_L12":2120019320.0,"HYBAS_ID":2120019320,"ELEV_UP_M":174.0,"ELEV_DN_M":174.0,"NEXT_DOWN":0},"geometry":{"type":"LineString","coordinates":[[-8.858333333333604,42.04583333333287],[-8.864583333333542,42.03958333333289],[-8.885416666666913,42.03958333333289]]}},{"type":"Feature","properties":{"HYRIV_ID":20568376,"ORD_STRA":1,"HYBAS_L12":2120019330.0,"HYBAS_ID":2120019330,"ELEV_UP_M":78.6,"ELEV_DN_M":78.6,"NEXT_DOWN":0},"geometry":{"type":"LineString","coordinates":[[-8.86250000000021,42.05624999999953],[-8.868750000000233,42.05624999999953],[-8.872916666666896,42.05208333333287],[-8.885416666666913,42.05208333333287]]}},{"type":"Feature","properties":{"HYRIV_ID":20568126,"ORD_STRA":1,"HYBAS_L12":2120019330.0,"HYBAS_ID":2120019330,"ELEV_UP_M":216.6,"ELEV_DN_M":28.4,"NEXT_DOWN":20567149},"geometry":{"type":"LineString","coordinates":[[-8.816666666666919,42.064583333332884],[-8.810416666666896,42.064583333332884],[-8.806250000000233,42.06874999999955],[-8.806250000000233,42.08124999999952],[-8.810416666666896,42.08541666666621],[-8.810416666666896,42.09374999999954],[-8.814583333333587,42.09791666666619],[-8.814583333333587,42.10208333333289],[-8.822916666666913,42.110416666666204]]}},{"type":"Feature","properties":{"HYRIV_ID":20567791,"ORD_STRA":1,"HYBAS_L12":2120019330.0,"HYBAS_ID":2120019330,"ELEV_UP_M":113.8,"ELEV_DN_M":113.8,"NEXT_DOWN":20567334},"geometry":{"type":"LineString","coordinates":[[-8.747916666666924,42.07916666666619],[-8.747916666666924,42.089583333332875],[-8.752083333333587,42.09374999999954],[-8.752083333333587,42.10208333333289]]}},{"type":"Feature","properties":{"HYRIV_ID":20567437,"ORD_STRA":1,"HYBAS_L12":2120019330.0,"HYBAS_ID":2120019330,"ELEV_UP_M":61.5,"ELEV_DN_M":61.5,"NEXT_DOWN":20567334},"geometry":{"type":"LineString","coordinates":[[-8.737500000000239,42.09791666666619],[-8.743750000000233,42.09791666666619],[-8.747916666666924,42.10208333333289],[-8.752083333333587,42.10208333333289]]}},{"type":"Feature","properties":{"HYRIV_ID":20567334,"ORD_STRA":2,"HYBAS_L12":2120019330.0,"HYBAS_ID":2120019330,"ELEV_UP_M":15.1,"ELEV_DN_M":15.1,"NEXT_DOWN":20567227},"geometry":{"type":"LineString","coordinates":[[-8.752083333333587,42.10208333333289],[-8.752083333333587,42.106249999999555]]}},{"type":"Feature","properties":{"HYRIV_ID":20567333,"ORD_STRA":1,"HYBAS_L12":2120019330.0,"HYBAS_ID":2120019330,"ELEV_UP_M":24.1,"ELEV_DN_M":24.1,"NEXT_DOWN":20567150},"geometry":{"type":"LineString","coordinates":[[-8.779166666666924,42.09999999999952],[-8.785416666666862,42.106249999999555],[-8.785416666666862,42.110416666666204]]}},{"type":"Feature","properties":{"HYRIV_ID":20567332,"ORD_STRA":1,"HYBAS_L12":2120019330.0,"HYBAS_ID":2120019330,"ELEV_UP_M":60.8,"ELEV_DN_M":60.8,"NEXT_DOWN":0},"geometry":{"type":"LineString","coordinates":[[-8.843750000000256,42.09999999999952],[-8.843750000000256,42.110416666666204],[-8.839583333333593,42.11458333333287]]}},{"type":"Feature","properties":{"HYRIV_ID":20568803,"ORD_STRA":1,"HYBAS_L12":2121210050.0,"HYBAS_ID":2121210050,"ELEV_UP_M":19.6,"ELEV_DN_M":19.6,"NEXT_DOWN":20569370},"geometry":{"type":"LineString","coordinates":[[-8.662500000000222,42.041666666666224],[-8.656250000000199,42.03541666666623],[-8.656250000000199,42.03124999999954]]}},{"type":"Feature","properties":{"HYRIV_ID":20568613,"ORD_STRA":1,"HYBAS_L12":2121210050.0,"HYBAS_ID":2121210050,"ELEV_UP_M":110.8,"ELEV_DN_M":27.0,"NEXT_DOWN":20568804},"geometry":{"type":"LineString","coordinates":[[-8.670833333333576,42.06041666666618],[-8.664583333333553,42.06041666666618],[-8.66041666666689,42.05624999999953],[-8.656250000000199,42.05624999999953],[-8.64791666666693,42.047916666666204],[-8.64791666666693,42.043749999999555],[-8.643750000000267,42.03958333333289]]}},{"type":"Feature","properties":{"HYRIV_ID":20567336,"ORD_STRA":1,"HYBAS_L12":2120601810.0,"HYBAS_ID":2120601810,"ELEV_UP_M":55.5,"ELEV_DN_M":55.5,"NEXT_DOWN":20567337},"geometry":{"type":"LineString","coordinates":[[-8.666666666666885,42.10208333333289],[-8.652083333333593,42.10208333333289],[-8.64791666666693,42.106249999999555]]}},{"type":"Feature","properties":{"HYRIV_ID":20567335,"ORD_STRA":1,"HYBAS_L12":2120019330.0,"HYBAS_ID":2120019330,"ELEV_UP_M":193.1,"ELEV_DN_M":45.2,"NEXT_DOWN":20567227},"geometry":{"type":"LineString","coordinates":[[-8.708333333333599,42.09999999999952],[-8.718750000000199,42.110416666666204],[-8.727083333333553,42.110416666666204],[-8.731250000000216,42.106249999999555],[-8.735416666666907,42.106249999999555],[-8.73958333333357,42.110416666666204],[-8.743750000000233,42.106249999999555],[-8.752083333333587,42.106249999999555]]}},{"type":"Feature","properties":{"HYRIV_ID":20567228,"ORD_STRA":1,"HYBAS_L12":2120601810.0,"HYBAS_ID":2120601810,"ELEV_UP_M":111.4,"ELEV_DN_M":72.4,"NEXT_DOWN":20567337},"geometry":{"type":"LineString","coordinates":[[-8.670833333333576,42.11874999999953],[-8.664583333333553,42.11874999999953],[-8.66041666666689,42.11458333333287],[-8.656250000000199,42.11458333333287],[-8.64791666666693,42.106249999999555]]}},{"type":"Feature","properties":{"HYRIV_ID":20567152,"ORD_STRA":1,"HYBAS_L12":2120019330.0,"HYBAS_ID":2120019330,"ELEV_UP_M":183.4,"ELEV_DN_M":28.3,"NEXT_DOWN":20567151},"geometry":{"type":"LineString","coordinates":[[-8.733333333333093,42.15],[-8.735416666666907,42.147916666666184],[-8.735416666666907,42.13541666666621],[-8.743750000000233,42.127083333332884],[-8.747916666666924,42.127083333332884],[-8.752083333333587,42.12291666666618],[-8.75625000000025,42.12291666666618],[-8.760416666666941,42.11874999999953],[-8.760416666666941,42.11458333333287],[-8.764583333333576,42.110416666666204]]}},{"type":"Feature","properties":{"HYRIV_ID":20567226,"ORD_STRA":1,"HYBAS_L12":2120019330.0,"HYBAS_ID":2120019330,"ELEV_UP_M":36.3,"ELEV_DN_M":36.3,"NEXT_DOWN":20567149},"geometry":{"type":"LineString","coordinates":[[-8.829166666666936,42.104166666666224],[-8.822916666666913,42.110416666666204]]}},{"type":"Feature","properties":{"HYRIV_ID":20567227,"ORD_STRA":2,"HYBAS_L12":2120019330.0,"HYBAS_ID":2120019330,"ELEV_UP_M":9.6,"ELEV_DN_M":9.6,"NEXT_DOWN":20567151},"geometry":{"type":"LineString","coordinates":[[-8.752083333333587,42.106249999999555],[-8.75625000000025,42.106249999999555],[-8.760416666666941,42.110416666666204],[-8.764583333333576,42.110416666666204]]}},{"type":"Feature","properties":{"HYRIV_ID":20567151,"ORD_STRA":2,"HYBAS_L12":2120019330.0,"HYBAS_ID":2120019330,"ELEV_UP_M":6.9,"ELEV_DN_M":6.9,"NEXT_DOWN":20567150},"geometry":{"type":"LineString","coordinates":[[-8.764583333333576,42.110416666666204],[-8.785416666666862,42.110416666666204]]}},{"type":"Feature","properties":{"HYRIV_ID":20567149,"ORD_STRA":2,"HYBAS_L12":2120019330.0,"HYBAS_ID":2120019330,"ELEV_UP_M":1.8,"ELEV_DN_M":1.8,"NEXT_DOWN":0},"geometry":{"type":"LineString","coordinates":[[-8.822916666666913,42.110416666666204],[-8.827083333333604,42.11458333333287]]}},{"type":"Feature","properties":{"HYRIV_ID":20567150,"ORD_STRA":2,"HYBAS_L12":2120019330.0,"HYBAS_ID":2120019330,"ELEV_UP_M":5.7,"ELEV_DN_M":1.7,"NEXT_DOWN":0},"geometry":{"type":"LineString","coordinates":[[-8.785416666666862,42.110416666666204],[-8.789583333333553,42.110416666666204],[-8.793750000000216,42.11458333333287],[-8.797916666666879,42.110416666666204],[-8.80208333333357,42.11458333333287],[-8.81875000000025,42.11458333333287],[-8.822916666666913,42.11874999999953]]}},{"type":"Feature","properties":{"HYRIV_ID":20566741,"ORD_STRA":1,"HYBAS_L12":2120019330.0,"HYBAS_ID":2120019330,"ELEV_UP_M":57.1,"ELEV_DN_M":7.9,"NEXT_DOWN":0},"geometry":{"type":"LineString","coordinates":[[-8.762500000000244,42.147916666666184],[-8.768750000000267,42.147916666666184],[-8.781250000000256,42.13541666666621],[-8.793750000000216,42.13541666666621],[-8.797916666666879,42.13124999999955],[-8.80208333333357,42.13124999999955],[-8.806250000000233,42.13541666666621],[-8.810416666666896,42.13124999999955],[-8.814583333333587,42.13541666666621],[-8.81875000000025,42.13541666666621]]}},{"type":"Feature","properties":{"HYRIV_ID":20567337,"ORD_STRA":2,"HYBAS_L12":2120601810.0,"HYBAS_ID":2120601810,"ELEV_UP_M":22.5,"ELEV_DN_M":22.5,"NEXT_DOWN":20567639},"geometry":{"type":"LineString","coordinates":[[-8.64791666666693,42.106249999999555],[-8.643750000000267,42.106249999999555],[-8.639583333333604,42.10208333333289],[-8.635416666666941,42.10208333333289]]}},{"type":"Feature","properties":{"HYRIV_ID":20567338,"ORD_STRA":2,"HYBAS_L12":2120601810.0,"HYBAS_ID":2120601810,"ELEV_UP_M":21.1,"ELEV_DN_M":19.8,"NEXT_DOWN":20567639},"geometry":{"type":"LineString","coordinates":[[-8.63125000000025,42.13124999999955],[-8.627083333333587,42.127083333332884],[-8.627083333333587,42.11874999999953],[-8.635416666666941,42.110416666666204],[-8.635416666666941,42.10208333333289]]}},{"type":"Feature","properties":{"HYRIV_ID":20566894,"ORD_STRA":1,"HYBAS_L12":2120601810.0,"HYBAS_ID":2120601810,"ELEV_UP_M":36.0,"ELEV_DN_M":24.3,"NEXT_DOWN":20567338},"geometry":{"type":"LineString","coordinates":[[-8.654166666666868,42.13749999999953],[-8.639583333333604,42.12291666666618],[-8.635416666666941,42.12291666666618],[-8.63125000000025,42.127083333332884],[-8.63125000000025,42.13124999999955]]}},{"type":"Feature","properties":{"HYRIV_ID":20566742,"ORD_STRA":2,"HYBAS_L12":2120601810.0,"HYBAS_ID":2120601810,"ELEV_UP_M":27.9,"ELEV_DN_M":27.9,"NEXT_DOWN":20567338},"geometry":{"type":"LineString","coordinates":[[-8.627083333333587,42.13958333333286],[-8.63125000000025,42.13541666666621],[-8.63125000000025,42.13124999999955]]}},{"type":"Feature","properties":{"HYRIV_ID":20566604,"ORD_STRA":1,"HYBAS_L12":2120601810.0,"HYBAS_ID":2120601810,"ELEV_UP_M":30.7,"ELEV_DN_M":30.7,"NEXT_DOWN":20566742},"geometry":{"type":"LineString","coordinates":[[-8.612500000000239,42.14583333333285],[-8.618750000000261,42.13958333333286],[-8.627083333333587,42.13958333333286]]}},{"type":"Feature","properties":{"HYRIV_ID":20566603,"ORD_STRA":2,"HYBAS_L12":2120601810.0,"HYBAS_ID":2120601810,"ELEV_UP_M":23.4,"ELEV_DN_M":23.4,"NEXT_DOWN":20566742},"geometry":{"type":"LineString","coordinates":[[-8.622916666666924,42.15],[-8.622916666666924,42.14374999999952],[-8.627083333333587,42.13958333333286]]}},{"type":"Feature","properties":{"HYRIV_ID":20571648,"ORD_STRA":2,"HYBAS_L12":2120605420.0,"HYBAS_ID":2120605422,"ELEV_UP_M":342.1,"ELEV_DN_M":342.1,"NEXT_DOWN":20571647},"geometry":{"type":"LineString","coordinates":[[-8.127083333333559,41.91458333333288],[-8.127083333333559,41.89791666666621]]}},{"type":"Feature","properties":{"HYRIV_ID":20571650,"ORD_STRA":4,"HYBAS_L12":2120605420.0,"HYBAS_ID":2129283831,"ELEV_UP_M":329.8,"ELEV_DN_M":329.8,"NEXT_DOWN":20571649},"geometry":{"type":"LineString","coordinates":[[-8.1,41.90416666666647],[-8.10208333333361,41.90208333333286],[-8.106250000000273,41.90208333333286],[-8.110416666666936,41.89791666666621]]}},{"type":"Feature","properties":{"HYRIV_ID":20571307,"ORD_STRA":2,"HYBAS_L12":2120605420.0,"HYBAS_ID":2120605422,"ELEV_UP_M":366.3,"ELEV_DN_M":366.3,"NEXT_DOWN":20571648},"geometry":{"type":"LineString","coordinates":[[-8.122916666666953,41.91874999999954],[-8.127083333333559,41.91458333333288]]}},{"type":"Feature","properties":{"HYRIV_ID":20571306,"ORD_STRA":1,"HYBAS_L12":2120605420.0,"HYBAS_ID":2120605422,"ELEV_UP_M":433.4,"ELEV_DN_M":433.4,"NEXT_DOWN":20571648},"geometry":{"type":"LineString","coordinates":[[-8.150000000000261,41.922916666666204],[-8.143750000000239,41.922916666666204],[-8.135416666666913,41.91458333333288],[-8.127083333333559,41.91458333333288]]}},{"type":"Feature","properties":{"HYRIV_ID":20571217,"ORD_STRA":2,"HYBAS_L12":2120605420.0,"HYBAS_ID":2120605422,"ELEV_UP_M":403.3,"ELEV_DN_M":403.3,"NEXT_DOWN":20571307},"geometry":{"type":"LineString","coordinates":[[-8.127083333333559,41.92708333333287],[-8.122916666666953,41.922916666666204],[-8.122916666666953,41.91874999999954]]}},{"type":"Feature","properties":{"HYRIV_ID":20571026,"ORD_STRA":1,"HYBAS_L12":2120605420.0,"HYBAS_ID":2120605422,"ELEV_UP_M":460.0,"ELEV_DN_M":460.0,"NEXT_DOWN":20571217},"geometry":{"type":"LineString","coordinates":[[-8.127083333333559,41.93333333333289],[-8.127083333333559,41.92708333333287]]}},{"type":"Feature","properties":{"HYRIV_ID":20571025,"ORD_STRA":1,"HYBAS_L12":2120605420.0,"HYBAS_ID":2120605422,"ELEV_UP_M":795.2,"ELEV_DN_M":471.4,"NEXT_DOWN":20571217},"geometry":{"type":"LineString","coordinates":[[-8.139583333333576,41.9916666666662],[-8.139583333333576,41.97708333333289],[-8.143750000000239,41.97291666666619],[-8.143750000000239,41.968749999999524],[-8.14791666666693,41.964583333332875],[-8.135416666666913,41.95208333333286],[-8.135416666666913,41.94374999999953],[-8.139583333333576,41.939583333332884],[-8.127083333333559,41.92708333333287]]}},{"type":"Feature","properties":{"HYRIV_ID":20571218,"ORD_STRA":1,"HYBAS_L12":2120605420.0,"HYBAS_ID":2120605422,"ELEV_UP_M":467.7,"ELEV_DN_M":443.6,"NEXT_DOWN":20571307},"geometry":{"type":"MultiLineString","coordinates":[[[-8.1,41.9874999999998],[-8.10208333333361,41.985416666666204],[-8.10208333333361,41.97291666666619],[-8.1,41.97083333333259]],[[-8.1,41.929166666666475],[-8.106250000000273,41.922916666666204],[-8.110416666666936,41.922916666666204],[-8.114583333333599,41.91874999999954],[-8.122916666666953,41.91874999999954]]]}},{"type":"Feature","properties":{"HYRIV_ID":20570254,"ORD_STRA":1,"HYBAS_L12":2120605320.0,"HYBAS_ID":2120605322,"ELEV_UP_M":722.0,"ELEV_DN_M":722.0,"NEXT_DOWN":20571123},"geometry":{"type":"LineString","coordinates":[[-8.181250000000261,41.97499999999956],[-8.181250000000261,41.968749999999524],[-8.177083333333599,41.964583333332875],[-8.172916666666936,41.964583333332875]]}},{"type":"Feature","properties":{"HYRIV_ID":20570255,"ORD_STRA":2,"HYBAS_L12":2120605320.0,"HYBAS_ID":2120605322,"ELEV_UP_M":834.8,"ELEV_DN_M":732.1,"NEXT_DOWN":20571123},"geometry":{"type":"LineString","coordinates":[[-8.152083333333593,42.027083333332875],[-8.152083333333593,42.01874999999951],[-8.156250000000256,42.01458333333286],[-8.160416666666947,42.01458333333286],[-8.164583333333582,42.010416666666195],[-8.164583333333582,42.00624999999953],[-8.160416666666947,42.002083333332884],[-8.160416666666947,41.98958333333287],[-8.164583333333582,41.985416666666204],[-8.164583333333582,41.968749999999524],[-8.168750000000273,41.964583333332875],[-8.172916666666936,41.964583333332875]]}},{"type":"Feature","properties":{"HYRIV_ID":20571645,"ORD_STRA":3,"HYBAS_L12":2120605320.0,"HYBAS_ID":2120605322,"ELEV_UP_M":351.2,"ELEV_DN_M":347.3,"NEXT_DOWN":0},"geometry":{"type":"LineString","coordinates":[[-8.210416666666902,41.89791666666621],[-8.214583333333593,41.90208333333286],[-8.214583333333593,41.91458333333288],[-8.210416666666902,41.91874999999954],[-8.210416666666902,41.922916666666204]]}},{"type":"Feature","properties":{"HYRIV_ID":20571122,"ORD_STRA":2,"HYBAS_L12":2120605320.0,"HYBAS_ID":2120605322,"ELEV_UP_M":417.4,"ELEV_DN_M":383.2,"NEXT_DOWN":0},"geometry":{"type":"LineString","coordinates":[[-8.235416666666936,41.939583333332884],[-8.222916666666919,41.92708333333287],[-8.218750000000256,41.92708333333287],[-8.214583333333593,41.922916666666204],[-8.210416666666902,41.922916666666204]]}},{"type":"Feature","properties":{"HYRIV_ID":20570759,"ORD_STRA":2,"HYBAS_L12":2120605320.0,"HYBAS_ID":2120605322,"ELEV_UP_M":525.7,"ELEV_DN_M":525.7,"NEXT_DOWN":20571122},"geometry":{"type":"LineString","coordinates":[[-8.247916666666953,41.947916666666195],[-8.243750000000261,41.94374999999953],[-8.243750000000261,41.939583333332884],[-8.235416666666936,41.939583333332884]]}},{"type":"Feature","properties":{"HYRIV_ID":20571123,"ORD_STRA":2,"HYBAS_L12":2120605320.0,"HYBAS_ID":2120605322,"ELEV_UP_M":628.5,"ELEV_DN_M":476.0,"NEXT_DOWN":0},"geometry":{"type":"LineString","coordinates":[[-8.172916666666936,41.964583333332875],[-8.172916666666936,41.96041666666621],[-8.189583333333616,41.94374999999953],[-8.193750000000279,41.94374999999953],[-8.197916666666885,41.939583333332884],[-8.197916666666885,41.93541666666622],[-8.210416666666902,41.922916666666204]]}},{"type":"Feature","properties":{"HYRIV_ID":20570668,"ORD_STRA":1,"HYBAS_L12":2120605320.0,"HYBAS_ID":2120605322,"ELEV_UP_M":693.7,"ELEV_DN_M":693.7,"NEXT_DOWN":20570759},"geometry":{"type":"LineString","coordinates":[[-8.266666666666907,41.94374999999953],[-8.256250000000279,41.94374999999953],[-8.25208333333353,41.947916666666195],[-8.247916666666953,41.947916666666195]]}},{"type":"Feature","properties":{"HYRIV_ID":20570582,"ORD_STRA":1,"HYBAS_L12":2120605320.0,"HYBAS_ID":2120605322,"ELEV_UP_M":801.4,"ELEV_DN_M":655.1,"NEXT_DOWN":20570759},"geometry":{"type":"LineString","coordinates":[[-8.247916666666953,41.9916666666662],[-8.247916666666953,41.97291666666619],[-8.25208333333353,41.968749999999524],[-8.25208333333353,41.964583333332875],[-8.247916666666953,41.96041666666621],[-8.247916666666953,41.947916666666195]]}},{"type":"Feature","properties":{"HYRIV_ID":20570760,"ORD_STRA":1,"HYBAS_L12":2120605320.0,"HYBAS_ID":2120605322,"ELEV_UP_M":799.3,"ELEV_DN_M":505.6,"NEXT_DOWN":20571122},"geometry":{"type":"LineString","coordinates":[[-8.210416666666902,41.99999999999955],[-8.210416666666902,41.993749999999515],[-8.214583333333593,41.98958333333287],[-8.214583333333593,41.985416666666204],[-8.218750000000256,41.98124999999954],[-8.218750000000256,41.97708333333289],[-8.222916666666919,41.97291666666619],[-8.222916666666919,41.968749999999524],[-8.22708333333361,41.964583333332875],[-8.22708333333361,41.96041666666621],[-8.231250000000273,41.95624999999951],[-8.231250000000273,41.947916666666195],[-8.235416666666936,41.94374999999953],[-8.235416666666936,41.939583333332884]]}},{"type":"Feature","properties":{"HYRIV_ID":20569719,"ORD_STRA":1,"HYBAS_L12":2121210530.0,"HYBAS_ID":2121210530,"ELEV_UP_M":967.5,"ELEV_DN_M":967.5,"NEXT_DOWN":20569800},"geometry":{"type":"LineString","coordinates":[[-8.283333333333587,41.99583333333285],[-8.289583333333582,41.98958333333287]]}},{"type":"Feature","properties":{"HYRIV_ID":20568996,"ORD_STRA":1,"HYBAS_L12":2120601440.0,"HYBAS_ID":2120601440,"ELEV_UP_M":853.2,"ELEV_DN_M":853.2,"NEXT_DOWN":20568706},"geometry":{"type":"LineString","coordinates":[[-8.218750000000256,42.02083333333284],[-8.218750000000256,42.03124999999954],[-8.222916666666919,42.03541666666623]]}},{"type":"Feature","properties":{"HYRIV_ID":20568705,"ORD_STRA":1,"HYBAS_L12":2120601440.0,"HYBAS_ID":2120601440,"ELEV_UP_M":488.2,"ELEV_DN_M":488.2,"NEXT_DOWN":20568535},"geometry":{"type":"LineString","coordinates":[[-8.272916666666902,42.033333333332855],[-8.272916666666902,42.043749999999555],[-8.277083333333564,42.047916666666204],[-8.281250000000256,42.047916666666204]]}},{"type":"Feature","properties":{"HYRIV_ID":20568995,"ORD_STRA":2,"HYBAS_L12":2120601440.0,"HYBAS_ID":2120601440,"ELEV_UP_M":121.2,"ELEV_DN_M":94.9,"NEXT_DOWN":20568994},"geometry":{"type":"LineString","coordinates":[[-8.352083333333582,42.03124999999954],[-8.356250000000273,42.027083333332875],[-8.368750000000261,42.027083333332875],[-8.372916666666953,42.02291666666621],[-8.381250000000279,42.02291666666621]]}},{"type":"Feature","properties":{"HYRIV_ID":20568806,"ORD_STRA":1,"HYBAS_L12":2120601440.0,"HYBAS_ID":2120601440,"ELEV_UP_M":188.3,"ELEV_DN_M":188.3,"NEXT_DOWN":20568995},"geometry":{"type":"LineString","coordinates":[[-8.345833333333587,42.03124999999954],[-8.352083333333582,42.03124999999954]]}},{"type":"Feature","properties":{"HYRIV_ID":20568994,"ORD_STRA":3,"HYBAS_L12":2120601440.0,"HYBAS_ID":2120601440,"ELEV_UP_M":69.3,"ELEV_DN_M":69.3,"NEXT_DOWN":20568617},"geometry":{"type":"LineString","coordinates":[[-8.381250000000279,42.02291666666621],[-8.385416666666941,42.027083333332875],[-8.385416666666941,42.03958333333289]]}},{"type":"Feature","properties":{"HYRIV_ID":20568807,"ORD_STRA":1,"HYBAS_L12":2120601440.0,"HYBAS_ID":2120601440,"ELEV_UP_M":389.1,"ELEV_DN_M":389.1,"NEXT_DOWN":20568805},"geometry":{"type":"LineString","coordinates":[[-8.300000000000267,42.02916666666621],[-8.310416666666924,42.03958333333289],[-8.310416666666924,42.043749999999555],[-8.314583333333616,42.043749999999555]]}},{"type":"Feature","properties":{"HYRIV_ID":20568805,"ORD_STRA":2,"HYBAS_L12":2120601440.0,"HYBAS_ID":2120601440,"ELEV_UP_M":247.6,"ELEV_DN_M":218.4,"NEXT_DOWN":20568995},"geometry":{"type":"LineString","coordinates":[[-8.314583333333616,42.043749999999555],[-8.331250000000239,42.043749999999555],[-8.335416666666902,42.03958333333289],[-8.343750000000256,42.03958333333289],[-8.352083333333582,42.03124999999954]]}},{"type":"Feature","properties":{"HYRIV_ID":20568535,"ORD_STRA":2,"HYBAS_L12":2120601440.0,"HYBAS_ID":2120601440,"ELEV_UP_M":377.3,"ELEV_DN_M":309.7,"NEXT_DOWN":20568805},"geometry":{"type":"LineString","coordinates":[[-8.281250000000256,42.047916666666204],[-8.285416666666919,42.05208333333287],[-8.302083333333599,42.05208333333287],[-8.306250000000261,42.047916666666204],[-8.310416666666924,42.047916666666204],[-8.314583333333616,42.043749999999555]]}},{"type":"Feature","properties":{"HYRIV_ID":20568617,"ORD_STRA":3,"HYBAS_L12":2120601440.0,"HYBAS_ID":2120601440,"ELEV_UP_M":51.6,"ELEV_DN_M":51.6,"NEXT_DOWN":20568286},"geometry":{"type":"LineString","coordinates":[[-8.385416666666941,42.03958333333289],[-8.385416666666941,42.043749999999555],[-8.389583333333604,42.047916666666204],[-8.389583333333604,42.05624999999953]]}},{"type":"Feature","properties":{"HYRIV_ID":20568287,"ORD_STRA":1,"HYBAS_L12":2120601440.0,"HYBAS_ID":2120601440,"ELEV_UP_M":60.7,"ELEV_DN_M":60.7,"NEXT_DOWN":20568286},"geometry":{"type":"LineString","coordinates":[[-8.370833333333593,42.05624999999953],[-8.389583333333604,42.05624999999953]]}},{"type":"Feature","properties":{"HYRIV_ID":20567900,"ORD_STRA":6,"HYBAS_L12":2120601380.0,"HYBAS_ID":2120601380,"ELEV_UP_M":48.1,"ELEV_DN_M":29.5,"NEXT_DOWN":20567899},"geometry":{"type":"LineString","coordinates":[[-8.322916666666941,42.09791666666619],[-8.322916666666941,42.09374999999954],[-8.331250000000239,42.08541666666621],[-8.343750000000256,42.08541666666621],[-8.347916666666919,42.089583333332875],[-8.368750000000261,42.089583333332875],[-8.381250000000279,42.07708333333286],[-8.389583333333604,42.07708333333286]]}},{"type":"Feature","properties":{"HYRIV_ID":20567439,"ORD_STRA":6,"HYBAS_L12":2120601380.0,"HYBAS_ID":2120601380,"ELEV_UP_M":73.1,"ELEV_DN_M":52.0,"NEXT_DOWN":0},"geometry":{"type":"LineString","coordinates":[[-8.322916666666941,42.09791666666619],[-8.318750000000279,42.10208333333289],[-8.306250000000261,42.10208333333289],[-8.302083333333599,42.106249999999555],[-8.297916666666936,42.106249999999555],[-8.293750000000273,42.110416666666204]]}},{"type":"Feature","properties":{"HYRIV_ID":20568707,"ORD_STRA":1,"HYBAS_L12":2120601440.0,"HYBAS_ID":2120601440,"ELEV_UP_M":863.0,"ELEV_DN_M":863.0,"NEXT_DOWN":20568706},"geometry":{"type":"LineString","coordinates":[[-8.200000000000244,42.041666666666224],[-8.206250000000239,42.047916666666204],[-8.210416666666902,42.047916666666204],[-8.222916666666919,42.03541666666623]]}},{"type":"Feature","properties":{"HYRIV_ID":20568706,"ORD_STRA":2,"HYBAS_L12":2120601440.0,"HYBAS_ID":2120601440,"ELEV_UP_M":709.8,"ELEV_DN_M":489.3,"NEXT_DOWN":20568535},"geometry":{"type":"LineString","coordinates":[[-8.222916666666919,42.03541666666623],[-8.231250000000273,42.043749999999555],[-8.243750000000261,42.043749999999555],[-8.247916666666953,42.047916666666204],[-8.25208333333353,42.047916666666204],[-8.256250000000279,42.05208333333287],[-8.277083333333564,42.05208333333287],[-8.281250000000256,42.047916666666204]]}},{"type":"Feature","properties":{"HYRIV_ID":20567718,"ORD_STRA":1,"HYBAS_L12":2121209180.0,"HYBAS_ID":2121209181,"ELEV_UP_M":216.9,"ELEV_DN_M":145.1,"NEXT_DOWN":20567233},"geometry":{"type":"LineString","coordinates":[[-8.260416666666941,42.08333333333285],[-8.260416666666941,42.09374999999954],[-8.268750000000239,42.10208333333289],[-8.277083333333564,42.10208333333289],[-8.281250000000256,42.106249999999555]]}},{"type":"Feature","properties":{"HYRIV_ID":20567717,"ORD_STRA":1,"HYBAS_L12":2121209180.0,"HYBAS_ID":2121209181,"ELEV_UP_M":164.5,"ELEV_DN_M":164.5,"NEXT_DOWN":20567233},"geometry":{"type":"LineString","coordinates":[[-8.281250000000256,42.08333333333285],[-8.281250000000256,42.106249999999555]]}},{"type":"Feature","properties":{"HYRIV_ID":20567643,"ORD_STRA":1,"HYBAS_L12":2121209180.0,"HYBAS_ID":2121209181,"ELEV_UP_M":399.3,"ELEV_DN_M":210.2,"NEXT_DOWN":20567071},"geometry":{"type":"LineString","coordinates":[[-8.229166666666941,42.087499999999544],[-8.239583333333599,42.09791666666619],[-8.247916666666953,42.09791666666619],[-8.25208333333353,42.10208333333289],[-8.256250000000279,42.10208333333289],[-8.264583333333547,42.110416666666204],[-8.264583333333547,42.11458333333287]]}},{"type":"Feature","properties":{"HYRIV_ID":20567901,"ORD_STRA":1,"HYBAS_L12":2121209180.0,"HYBAS_ID":2121209181,"ELEV_UP_M":494.6,"ELEV_DN_M":243.1,"NEXT_DOWN":20566606},"geometry":{"type":"LineString","coordinates":[[-8.185416666666868,42.07499999999953],[-8.185416666666868,42.106249999999555],[-8.189583333333616,42.110416666666204],[-8.189583333333616,42.11874999999953],[-8.193750000000279,42.12291666666618],[-8.193750000000279,42.13124999999955],[-8.189583333333616,42.13541666666621],[-8.189583333333616,42.13958333333286]]}},{"type":"Feature","properties":{"HYRIV_ID":20567233,"ORD_STRA":2,"HYBAS_L12":2121209180.0,"HYBAS_ID":2121209181,"ELEV_UP_M":51.3,"ELEV_DN_M":51.3,"NEXT_DOWN":20567154},"geometry":{"type":"LineString","coordinates":[[-8.281250000000256,42.106249999999555],[-8.285416666666919,42.110416666666204],[-8.285416666666919,42.11458333333287],[-8.289583333333582,42.11458333333287]]}},{"type":"Feature","properties":{"HYRIV_ID":20567155,"ORD_STRA":1,"HYBAS_L12":2121209180.0,"HYBAS_ID":2121209181,"ELEV_UP_M":392.6,"ELEV_DN_M":212.5,"NEXT_DOWN":20567071},"geometry":{"type":"LineString","coordinates":[[-8.229166666666941,42.110416666666204],[-8.235416666666936,42.110416666666204],[-8.239583333333599,42.11458333333287],[-8.256250000000279,42.11458333333287],[-8.260416666666941,42.110416666666204],[-8.264583333333547,42.11458333333287]]}},{"type":"Feature","properties":{"HYRIV_ID":20567071,"ORD_STRA":2,"HYBAS_L12":2121209180.0,"HYBAS_ID":2121209181,"ELEV_UP_M":92.3,"ELEV_DN_M":92.3,"NEXT_DOWN":20567070},"geometry":{"type":"LineString","coordinates":[[-8.264583333333547,42.11458333333287],[-8.268750000000239,42.11874999999953],[-8.268750000000239,42.12291666666618]]}},{"type":"Feature","properties":{"HYRIV_ID":20567070,"ORD_STRA":6,"HYBAS_L12":2121209180.0,"HYBAS_ID":2121209182,"ELEV_UP_M":41.4,"ELEV_DN_M":40.8,"NEXT_DOWN":20567154},"geometry":{"type":"LineString","coordinates":[[-8.268750000000239,42.12291666666618],[-8.277083333333564,42.12291666666618],[-8.281250000000256,42.11874999999953],[-8.285416666666919,42.11874999999953],[-8.289583333333582,42.11458333333287]]}},{"type":"Feature","properties":{"HYRIV_ID":20568898,"ORD_STRA":1,"HYBAS_L12":2120605320.0,"HYBAS_ID":2120605321,"ELEV_UP_M":965.4,"ELEV_DN_M":965.4,"NEXT_DOWN":20568897},"geometry":{"type":"LineString","coordinates":[[-8.139583333333576,42.027083333332875],[-8.143750000000239,42.027083333332875]]}},{"type":"Feature","properties":{"HYRIV_ID":20568897,"ORD_STRA":2,"HYBAS_L12":2120605320.0,"HYBAS_ID":2120605321,"ELEV_UP_M":898.4,"ELEV_DN_M":898.4,"NEXT_DOWN":20570255},"geometry":{"type":"LineString","coordinates":[[-8.143750000000239,42.027083333332875],[-8.152083333333593,42.027083333332875]]}},{"type":"Feature","properties":{"HYRIV_ID":20568899,"ORD_STRA":1,"HYBAS_L12":2120605320.0,"HYBAS_ID":2120605321,"ELEV_UP_M":1083.2,"ELEV_DN_M":1034.5,"NEXT_DOWN":20568897},"geometry":{"type":"LineString","coordinates":[[-8.125000000000227,42.033333333332855],[-8.131250000000279,42.027083333332875],[-8.135416666666913,42.027083333332875],[-8.139583333333576,42.03124999999954],[-8.143750000000239,42.027083333332875]]}},{"type":"Feature","properties":{"HYRIV_ID":20568896,"ORD_STRA":1,"HYBAS_L12":2120605320.0,"HYBAS_ID":2120605322,"ELEV_UP_M":1148.8,"ELEV_DN_M":933.9,"NEXT_DOWN":20570255},"geometry":{"type":"LineString","coordinates":[[-8.108333333333604,42.05208333333287],[-8.118750000000205,42.05208333333287],[-8.122916666666953,42.05624999999953],[-8.131250000000279,42.05624999999953],[-8.135416666666913,42.05208333333287],[-8.14791666666693,42.05208333333287],[-8.152083333333593,42.047916666666204],[-8.152083333333593,42.043749999999555],[-8.156250000000256,42.03958333333289],[-8.156250000000256,42.03124999999954],[-8.152083333333593,42.027083333332875]]}},{"type":"Feature","properties":{"HYRIV_ID":20567339,"ORD_STRA":1,"HYBAS_L12":2120599270.0,"HYBAS_ID":2120599271,"ELEV_UP_M":734.6,"ELEV_DN_M":734.6,"NEXT_DOWN":0},"geometry":{"type":"LineString","coordinates":[[-8.108333333333604,42.09999999999952],[-8.10208333333361,42.106249999999555],[-8.1,42.106249999999555]]}},{"type":"Feature","properties":{"HYRIV_ID":20567644,"ORD_STRA":1,"HYBAS_L12":2120599270.0,"HYBAS_ID":2120599271,"ELEV_UP_M":741.2,"ELEV_DN_M":235.5,"NEXT_DOWN":0},"geometry":{"type":"LineString","coordinates":[[-8.135416666666913,42.087499999999544],[-8.135416666666913,42.09374999999954],[-8.139583333333576,42.09791666666619],[-8.135416666666913,42.10208333333289],[-8.139583333333576,42.106249999999555],[-8.139583333333576,42.110416666666204],[-8.14791666666693,42.11874999999953],[-8.14791666666693,42.13541666666621],[-8.143750000000239,42.13958333333286],[-8.143750000000239,42.14374999999952],[-8.137499999999761,42.15]]}},{"type":"Feature","properties":{"HYRIV_ID":20566990,"ORD_STRA":2,"HYBAS_L12":2120599270.0,"HYBAS_ID":2120599272,"ELEV_UP_M":348.1,"ELEV_DN_M":348.1,"NEXT_DOWN":20566608},"geometry":{"type":"LineString","coordinates":[[-8.1,42.133333333332615],[-8.106250000000273,42.13958333333286]]}},{"type":"Feature","properties":{"HYRIV_ID":20566609,"ORD_STRA":1,"HYBAS_L12":2120599270.0,"HYBAS_ID":2120599272,"ELEV_UP_M":345.3,"ELEV_DN_M":345.3,"NEXT_DOWN":20566608},"geometry":{"type":"LineString","coordinates":[[-8.1,42.14374999999952],[-8.10208333333361,42.14374999999952],[-8.106250000000273,42.13958333333286]]}},{"type":"Feature","properties":{"HYRIV_ID":20566608,"ORD_STRA":2,"HYBAS_L12":2120599270.0,"HYBAS_ID":2120599272,"ELEV_UP_M":254.4,"ELEV_DN_M":254.4,"NEXT_DOWN":0},"geometry":{"type":"LineString","coordinates":[[-8.106250000000273,42.13958333333286],[-8.114583333333599,42.147916666666184],[-8.118750000000205,42.147916666666184],[-8.120833333334048,42.15]]}},{"type":"Feature","properties":{"HYRIV_ID":20567232,"ORD_STRA":1,"HYBAS_L12":2120601350.0,"HYBAS_ID":2120601350,"ELEV_UP_M":145.4,"ELEV_DN_M":145.4,"NEXT_DOWN":20567797},"geometry":{"type":"LineString","coordinates":[[-8.379166666666919,42.112499999999535],[-8.385416666666941,42.106249999999555],[-8.389583333333604,42.106249999999555]]}},{"type":"Feature","properties":{"HYRIV_ID":20567438,"ORD_STRA":1,"HYBAS_L12":2120601380.0,"HYBAS_ID":2120601380,"ELEV_UP_M":174.2,"ELEV_DN_M":88.1,"NEXT_DOWN":20567900},"geometry":{"type":"LineString","coordinates":[[-8.337500000000233,42.12499999999951],[-8.331250000000239,42.11874999999953],[-8.327083333333547,42.11874999999953],[-8.327083333333547,42.106249999999555],[-8.322916666666941,42.10208333333289],[-8.322916666666941,42.09791666666619]]}},{"type":"Feature","properties":{"HYRIV_ID":20567154,"ORD_STRA":6,"HYBAS_L12":2121209180.0,"HYBAS_ID":2120601380,"ELEV_UP_M":25.0,"ELEV_DN_M":25.0,"NEXT_DOWN":0},"geometry":{"type":"LineString","coordinates":[[-8.289583333333582,42.11458333333287],[-8.293750000000273,42.110416666666204]]}},{"type":"Feature","properties":{"HYRIV_ID":20567231,"ORD_STRA":1,"HYBAS_L12":2120601350.0,"HYBAS_ID":2120601350,"ELEV_UP_M":279.2,"ELEV_DN_M":188.6,"NEXT_DOWN":20567797},"geometry":{"type":"LineString","coordinates":[[-8.375000000000256,42.13124999999955],[-8.385416666666941,42.13124999999955],[-8.39375000000021,42.12291666666618],[-8.389583333333604,42.11874999999953],[-8.389583333333604,42.106249999999555]]}},{"type":"Feature","properties":{"HYRIV_ID":20567153,"ORD_STRA":2,"HYBAS_L12":2120601380.0,"HYBAS_ID":2120601380,"ELEV_UP_M":84.3,"ELEV_DN_M":84.3,"NEXT_DOWN":0},"geometry":{"type":"LineString","coordinates":[[-8.293750000000273,42.15],[-8.293750000000273,42.110416666666204]]}},{"type":"Feature","properties":{"HYRIV_ID":20566515,"ORD_STRA":1,"HYBAS_L12":2120601380.0,"HYBAS_ID":2120601380,"ELEV_UP_M":228.6,"ELEV_DN_M":228.6,"NEXT_DOWN":0},"geometry":{"type":"LineString","coordinates":[[-8.316666666666862,42.14374999999952],[-8.306250000000261,42.14374999999952],[-8.299999999999805,42.15]]}},{"type":"Feature","properties":{"HYRIV_ID":20566895,"ORD_STRA":6,"HYBAS_L12":2121209180.0,"HYBAS_ID":2121209182,"ELEV_UP_M":50.5,"ELEV_DN_M":40.0,"NEXT_DOWN":20567070},"geometry":{"type":"LineString","coordinates":[[-8.239583333333599,42.13958333333286],[-8.25208333333353,42.13958333333286],[-8.256250000000279,42.13541666666621],[-8.256250000000279,42.127083333332884],[-8.260416666666941,42.12291666666618],[-8.268750000000239,42.12291666666618]]}},{"type":"Feature","properties":{"HYRIV_ID":20566607,"ORD_STRA":1,"HYBAS_L12":2121209180.0,"HYBAS_ID":2121209181,"ELEV_UP_M":221.8,"ELEV_DN_M":221.8,"NEXT_DOWN":20566606},"geometry":{"type":"LineString","coordinates":[[-8.183333333333593,42.13958333333286],[-8.189583333333616,42.13958333333286]]}},{"type":"Feature","properties":{"HYRIV_ID":20566743,"ORD_STRA":6,"HYBAS_L12":2121209180.0,"HYBAS_ID":2121209182,"ELEV_UP_M":86.0,"ELEV_DN_M":66.8,"NEXT_DOWN":0},"geometry":{"type":"LineString","coordinates":[[-8.239583333333599,42.13958333333286],[-8.231250000000273,42.13124999999955],[-8.22708333333361,42.13124999999955],[-8.218750000000256,42.13958333333286],[-8.210416666666902,42.13958333333286],[-8.202083333333576,42.147916666666184]]}},{"type":"Feature","properties":{"HYRIV_ID":20566606,"ORD_STRA":2,"HYBAS_L12":2121209180.0,"HYBAS_ID":2121209181,"ELEV_UP_M":127.7,"ELEV_DN_M":127.7,"NEXT_DOWN":0},"geometry":{"type":"LineString","coordinates":[[-8.189583333333616,42.13958333333286],[-8.189583333333616,42.14374999999952],[-8.193750000000279,42.147916666666184],[-8.202083333333576,42.147916666666184]]}},{"type":"Feature","properties":{"HYRIV_ID":20566605,"ORD_STRA":2,"HYBAS_L12":2121209180.0,"HYBAS_ID":2121209182,"ELEV_UP_M":89.5,"ELEV_DN_M":89.5,"NEXT_DOWN":20566895},"geometry":{"type":"LineString","coordinates":[[-8.235416666666936,42.15],[-8.235416666666936,42.147916666666184],[-8.239583333333599,42.14374999999952],[-8.239583333333599,42.13958333333286]]}},{"type":"Feature","properties":{"HYRIV_ID":20566426,"ORD_STRA":6,"HYBAS_L12":2121209180.0,"HYBAS_ID":2121209182,"ELEV_UP_M":62.8,"ELEV_DN_M":62.8,"NEXT_DOWN":0},"geometry":{"type":"LineString","coordinates":[[-8.199999999999775,42.15],[-8.202083333333576,42.147916666666184]]}}],"metadata":{"method":"HydroRIVERS geometry oriented using dem_viana.tif endpoint elevations; NEXT_DOWN restored by shared confluence vertices","source":"rivers_by_basin.geojson"}}