{
"type": "FeatureCollection",
"name": "watershed_viana_district_lev12",
"crs": { "type": "name", "properties": { "name": "urn:ogc:def:crs:OGC:1.3:CRS84" } },
"features": [
{ "type": "Feature", "properties": { "HYBAS_ID": 2120615320, "NEXT_DOWN": 2120019190, "PFAF_ID": 231901022000, "SUB_AREA": 240.8 }, "geometry": { "type": "Polygon", "coordinates": [ [ [ -8.333989122178789, 41.567626444498728 ], [ -8.339456176757782, 41.563067287868954 ], [ -8.343877156575491, 41.56193271213111 ], [ -8.347789510091117, 41.558900621202291 ], [ -8.352210489908824, 41.55776604546444 ], [ -8.356122843424449, 41.554733954535621 ], [ -8.361649237738686, 41.553315734863311 ], [ -8.36250006781682, 41.55 ], [ -8.429166463895498, 41.55 ], [ -8.426742214626707, 41.550353325737881 ], [ -8.423257785373234, 41.553813340928848 ], [ -8.418408881293374, 41.554519992404543 ], [ -8.412858072916638, 41.560043165418868 ], [ -8.4125, 41.5625 ], [ -8.409184095594588, 41.56335093180342 ], [ -8.407424248589381, 41.570209757487014 ], [ -8.385289510091116, 41.571400621202287 ], [ -8.381377156575491, 41.574432712131106 ], [ -8.376956176757783, 41.575567287868957 ], [ -8.373043823242158, 41.578599378797776 ], [ -8.364456176757782, 41.579733954535619 ], [ -8.360543823242157, 41.582766045464439 ], [ -8.347789510091117, 41.583900621202289 ], [ -8.34375, 41.58703121609161 ], [ -8.339710489908825, 41.583900621202289 ], [ -8.335289510091116, 41.582766045464439 ], [ -8.33137715657549, 41.579733954535619 ], [ -8.329166666666637, 41.579166666666701 ], [ -8.330017428927921, 41.575850931803416 ], [ -8.333333333333304, 41.575 ], [ -8.333989122178789, 41.567626444498728 ] ] ] } },
{ "type": "Feature", "properties": { "HYBAS_ID": 2120019210, "NEXT_DOWN": 0, "PFAF_ID": 231901041100, "SUB_AREA": 129.9 }, "geometry": { "type": "Polygon", "coordinates": [ [ [ -8.754988606770807, 41.554770067003069 ], [ -8.75354919433591, 41.56466013590498 ], [ -8.750617472330703, 41.568673197428417 ], [ -8.75, 41.583333333333364 ], [ -8.743622843424452, 41.582766045464439 ], [ -8.739710489908827, 41.579733954535619 ], [ -8.735289510091119, 41.578599378797776 ], [ -8.731377156575494, 41.575567287868957 ], [ -8.710289510091119, 41.574432712131106 ], [ -8.704913330078098, 41.570266045464443 ], [ -8.700811089409695, 41.571840074327291 ], [ -8.699112616644939, 41.578458150227895 ], [ -8.689456176757785, 41.579733954535619 ], [ -8.681377156575493, 41.586932712131109 ], [ -8.666666666666639, 41.5875 ], [ -8.66613701714407, 41.585251702202726 ], [ -8.663029649522542, 41.58141496446401 ], [ -8.661970350477404, 41.56441836886939 ], [ -8.658862982855876, 41.560581631130674 ], [ -8.657803683810737, 41.551918368869387 ], [ -8.656249869515895, 41.55 ], [ -8.760216611606042, 41.55 ], [ -8.754988606770807, 41.554770067003069 ] ] ] } },
{ "type": "Feature", "properties": { "HYBAS_ID": 2121213820, "NEXT_DOWN": 2120019210, "PFAF_ID": 231901041200, "SUB_AREA": 143.5 }, "geometry": { "type": "Polygon", "coordinates": [ [ [ -8.657803683810737, 41.551918368869387 ], [ -8.658862982855876, 41.560581631130674 ], [ -8.661970350477404, 41.56441836886939 ], [ -8.663029649522542, 41.58141496446401 ], [ -8.66613701714407, 41.585251702202726 ], [ -8.666666666666639, 41.5875 ], [ -8.664242214626709, 41.587853325737882 ], [ -8.660757785373237, 41.591313340928849 ], [ -8.655908881293374, 41.592019992404545 ], [ -8.652424452039902, 41.595480007595519 ], [ -8.639242214626709, 41.596186659071215 ], [ -8.63159111870657, 41.603813340928852 ], [ -8.626742214626709, 41.604519992404548 ], [ -8.623257785373237, 41.607980007595515 ], [ -8.614242214626708, 41.608686659071211 ], [ -8.610757785373236, 41.612146674262185 ], [ -8.605908881293376, 41.612853325737881 ], [ -8.602424452039902, 41.616313340928855 ], [ -8.593408881293374, 41.617019992404543 ], [ -8.589213053385389, 41.621186659071213 ], [ -8.585075547960042, 41.620480007595518 ], [ -8.580879720052055, 41.616313340928855 ], [ -8.576742214626709, 41.617019992404543 ], [ -8.572546386718722, 41.621186659071213 ], [ -8.568408881293374, 41.620480007595518 ], [ -8.564924452039902, 41.617019992404543 ], [ -8.541666666666638, 41.616666666666696 ], [ -8.54233601888018, 41.605043029785186 ], [ -8.547827148437472, 41.600605095757409 ], [ -8.553797403971327, 41.598942565918001 ], [ -8.563104926215249, 41.588287523057758 ], [ -8.561687554253444, 41.579939609103761 ], [ -8.550950453016466, 41.578413221571211 ], [ -8.548942396375839, 41.571202596028677 ], [ -8.539672851562472, 41.563105095757408 ], [ -8.533516777886256, 41.561390855577287 ], [ -8.529771592881916, 41.556339348687096 ], [ -8.529166666666638, 41.554166666666696 ], [ -8.525, 41.554166666666696 ], [ -8.525344019522311, 41.55 ], [ -8.656249869515895, 41.55 ], [ -8.657803683810737, 41.551918368869387 ] ] ] } },
{ "type": "Feature", "properties": { "HYBAS_ID": 2121214100, "NEXT_DOWN": 2120615590, "PFAF_ID": 231901025200, "SUB_AREA": 164.7 }, "geometry": { "type": "MultiPolygon", "coordinates": [ [ [ [ -8.361649237738686, 41.553315734863311 ], [ -8.356122843424449, 41.554733954535621 ], [ -8.352210489908824, 41.55776604546444 ], [ -8.347789510091117, 41.558900621202291 ], [ -8.343877156575491, 41.56193271213111 ], [ -8.339456176757782, 41.563067287868954 ], [ -8.333989122178789, 41.567626444498728 ], [ -8.333333333333304, 41.575 ], [ -8.330017428927921, 41.575850931803416 ], [ -8.329166666666637, 41.579166666666701 ], [ -8.302006361219588, 41.57978430853953 ], [ -8.297993638780351, 41.582715691460535 ], [ -8.293673027886253, 41.583950975206193 ], [ -8.289660305447018, 41.586882358127198 ], [ -8.279960801866288, 41.588294135199682 ], [ -8.278549194335907, 41.597993469238311 ], [ -8.275617472330698, 41.602006530761749 ], [ -8.274382527669241, 41.606326802571644 ], [ -8.271450805664031, 41.610339864095081 ], [ -8.270215861002573, 41.614660135904977 ], [ -8.267284138997365, 41.618673197428414 ], [ -8.265740288628441, 41.624073621961834 ], [ -8.26033969455292, 41.625617641872864 ], [ -8.256326972113685, 41.62854902479387 ], [ -8.254166666666636, 41.629166666666698 ], [ -8.247575547960039, 41.628813340928851 ], [ -8.243379720052053, 41.624646674262188 ], [ -8.230908881293372, 41.625353325737876 ], [ -8.2274244520399, 41.628813340928851 ], [ -8.222575547960039, 41.629519992404546 ], [ -8.218379720052052, 41.633686659071209 ], [ -8.205908881293372, 41.632980007595521 ], [ -8.202424452039899, 41.629519992404546 ], [ -8.195833333333303, 41.629166666666698 ], [ -8.195215861002573, 41.627006530761747 ], [ -8.192284138997366, 41.62299346923831 ], [ -8.190680270724796, 41.617383829752633 ], [ -8.177006361219586, 41.616049024793867 ], [ -8.172993638780351, 41.613117641872861 ], [ -8.166049194335907, 41.611132134331626 ], [ -8.167462497287294, 41.600688849555155 ], [ -8.189660305447017, 41.599382358127201 ], [ -8.19783969455292, 41.592284308539526 ], [ -8.203240288628441, 41.590740288628503 ], [ -8.205325317382782, 41.583447265625033 ], [ -8.210339694552921, 41.57978430853953 ], [ -8.214660305447017, 41.578549024793865 ], [ -8.222839694552921, 41.571450975206197 ], [ -8.233950805664032, 41.56983371310767 ], [ -8.232715861002573, 41.560339864095084 ], [ -8.229784138997365, 41.556326802571647 ], [ -8.229166666666636, 41.554166666666696 ], [ -8.225, 41.554166666666696 ], [ -8.223930652054493, 41.55 ], [ -8.36250006781682, 41.55 ], [ -8.361649237738686, 41.553315734863311 ] ] ], [ [ [ -8.214456176757782, 41.550567287868958 ], [ -8.210543823242157, 41.553599378797777 ], [ -8.197789510091114, 41.554733954535621 ], [ -8.19375, 41.557864549424941 ], [ -8.189710489908823, 41.554733954535621 ], [ -8.185289510091115, 41.553599378797777 ], [ -8.18137715657549, 41.550567287868958 ], [ -8.177083333333034, 41.55 ], [ -8.219120619032379, 41.55 ], [ -8.214456176757782, 41.550567287868958 ] ] ] ] } },
{ "type": "Feature", "properties": { "HYBAS_ID": 2120019220, "NEXT_DOWN": 0, "PFAF_ID": 231901050100, "SUB_AREA": 22.5 }, "geometry": { "type": "Polygon", "coordinates": [ [ [ -8.796400621202231, 41.56054382324222 ], [ -8.79943271213105, 41.564456176757844 ], [ -8.800567287868898, 41.568877156575553 ], [ -8.803599378797717, 41.572789510091177 ], [ -8.804733954535564, 41.581377156575556 ], [ -8.807766045464383, 41.585289510091179 ], [ -8.808333333333307, 41.6041666666667 ], [ -8.8, 41.6041666666667 ], [ -8.799032253689209, 41.600395880805152 ], [ -8.793877156575494, 41.596400621202292 ], [ -8.789456176757787, 41.595266045464442 ], [ -8.785543823242161, 41.592233954535622 ], [ -8.771793280707438, 41.591010708279114 ], [ -8.767233954535563, 41.585543823242219 ], [ -8.765451727973064, 41.578599378797776 ], [ -8.756122843424453, 41.579733954535619 ], [ -8.752210489908828, 41.582766045464439 ], [ -8.75, 41.583333333333364 ], [ -8.750617472330703, 41.568673197428417 ], [ -8.75354919433591, 41.56466013590498 ], [ -8.754988606770807, 41.554770067003069 ], [ -8.760216611606042, 41.55 ], [ -8.795693588224818, 41.55 ], [ -8.796400621202231, 41.56054382324222 ] ] ] } },
{ "type": "Feature", "properties": { "HYBAS_ID": 2121213581, "NEXT_DOWN": 2121214100, "PFAF_ID": 231901025300, "SUB_AREA": 46.5 }, "geometry": { "type": "Polygon", "coordinates": [ [ [ -8.128350619817052, 41.590083480991062 ], [ -8.125570442564207, 41.590025476041077 ], [ -8.123043823242156, 41.588067287868952 ], [ -8.119889421270416, 41.587257784479164 ], [ -8.117216261621474, 41.585475453515045 ], [ -8.115698920355872, 41.579562547471816 ], [ -8.109079996744761, 41.574432712131106 ], [ -8.1, 41.575099196042657 ], [ -8.1, 41.55 ], [ -8.177083333333034, 41.55 ], [ -8.18137715657549, 41.550567287868958 ], [ -8.185289510091115, 41.553599378797777 ], [ -8.189710489908823, 41.554733954535621 ], [ -8.19375, 41.557864549424941 ], [ -8.197789510091114, 41.554733954535621 ], [ -8.210543823242157, 41.553599378797777 ], [ -8.214456176757782, 41.550567287868958 ], [ -8.219120619032379, 41.55 ], [ -8.223930652054493, 41.55 ], [ -8.225, 41.554166666666696 ], [ -8.218622843424448, 41.554733954535621 ], [ -8.214710489908823, 41.55776604546444 ], [ -8.206122843424449, 41.558900621202291 ], [ -8.198043823242156, 41.566099378797773 ], [ -8.189456176757782, 41.567233954535624 ], [ -8.185543823242156, 41.570266045464443 ], [ -8.176956176757781, 41.571400621202287 ], [ -8.171579996744761, 41.575567287868957 ], [ -8.164456176757781, 41.574432712131106 ], [ -8.160416666666634, 41.571302117241785 ], [ -8.156377156575489, 41.574432712131106 ], [ -8.147789510091114, 41.575567287868957 ], [ -8.139710489908822, 41.582766045464439 ], [ -8.135980686871118, 41.583723241427329 ], [ -8.135810852050781, 41.583232879638672 ], [ -8.130524635314941, 41.581096649169922 ], [ -8.127194404602051, 41.581424713134766 ], [ -8.129657745361328, 41.587764739990234 ], [ -8.128718788725042, 41.589755426122522 ], [ -8.128350619817052, 41.590083480991062 ] ] ] } },
{ "type": "Feature", "properties": { "HYBAS_ID": 2129806761, "NEXT_DOWN": 2121213582, "PFAF_ID": 231901025300, "SUB_AREA": 2.5 }, "geometry": { "type": "Polygon", "coordinates": [ [ [ -8.138323783874512, 41.590488433837891 ], [ -8.145044326782227, 41.596706390380859 ], [ -8.143328666687012, 41.598819732666016 ], [ -8.132633209228516, 41.592258453369141 ], [ -8.129409790039062, 41.594646453857422 ], [ -8.132165908813477, 41.600749969482422 ], [ -8.130874633789062, 41.605140686035156 ], [ -8.128138542175293, 41.605220794677734 ], [ -8.125346183776855, 41.598430633544922 ], [ -8.11887264251709, 41.591060638427734 ], [ -8.110111236572266, 41.586502075195312 ], [ -8.113382339477539, 41.585033416748047 ], [ -8.116421699523926, 41.584945678710938 ], [ -8.117216261621474, 41.585475453515045 ], [ -8.119889421270416, 41.587257784479164 ], [ -8.123043823242156, 41.588067287868952 ], [ -8.125570442564207, 41.590025476041077 ], [ -8.128350619817052, 41.590083480991062 ], [ -8.128718788725042, 41.589755426122522 ], [ -8.129657745361328, 41.587764739990234 ], [ -8.127194404602051, 41.581424713134766 ], [ -8.130524635314941, 41.581096649169922 ], [ -8.135810852050781, 41.583232879638672 ], [ -8.135980686871118, 41.583723241427329 ], [ -8.138323783874512, 41.590488433837891 ] ] ] } },
{ "type": "Feature", "properties": { "HYBAS_ID": 2121213570, "NEXT_DOWN": 2121213820, "PFAF_ID": 231901041300, "SUB_AREA": 143.9 }, "geometry": { "type": "Polygon", "coordinates": [ [ [ -8.529166666666638, 41.554166666666696 ], [ -8.529771592881916, 41.556339348687096 ], [ -8.533516777886256, 41.561390855577287 ], [ -8.539672851562472, 41.563105095757408 ], [ -8.548942396375839, 41.571202596028677 ], [ -8.550950453016466, 41.578413221571211 ], [ -8.561687554253444, 41.579939609103761 ], [ -8.563104926215249, 41.588287523057758 ], [ -8.553797403971327, 41.598942565918001 ], [ -8.547827148437472, 41.600605095757409 ], [ -8.54233601888018, 41.605043029785186 ], [ -8.541666666666638, 41.616666666666696 ], [ -8.541099378797714, 41.627210489908883 ], [ -8.537968614366291, 41.63125 ], [ -8.542233954535561, 41.636753336588576 ], [ -8.541099378797714, 41.639710489908886 ], [ -8.533900621202228, 41.647789510091179 ], [ -8.532413736979137, 41.653583780924514 ], [ -8.523043823242158, 41.661932712131112 ], [ -8.513387383355006, 41.663208516438836 ], [ -8.511649237738688, 41.669982401529978 ], [ -8.50612284342445, 41.671400621202288 ], [ -8.502210489908826, 41.674432712131107 ], [ -8.485289510091118, 41.675567287868958 ], [ -8.473043823242158, 41.68693271213111 ], [ -8.46862284342445, 41.688067287868954 ], [ -8.464710489908825, 41.691099378797773 ], [ -8.458333333333304, 41.691666666666698 ], [ -8.458686659071152, 41.664242214626768 ], [ -8.462146674262124, 41.660757785373299 ], [ -8.462853325737818, 41.655908881293435 ], [ -8.466666666666638, 41.652068583170603 ], [ -8.456591118706568, 41.642019992404549 ], [ -8.451742214626707, 41.641313340928853 ], [ -8.444091118706568, 41.633686659071209 ], [ -8.439209662543373, 41.6329752604167 ], [ -8.433347574869762, 41.627083672417569 ], [ -8.437853325737818, 41.622546217176684 ], [ -8.437141248914902, 41.618377346462708 ], [ -8.427424452039901, 41.608686659071211 ], [ -8.425, 41.608333333333363 ], [ -8.425, 41.6041666666667 ], [ -8.425353325737818, 41.597575547960105 ], [ -8.429519992404485, 41.593379550510015 ], [ -8.428813340928791, 41.585075547960102 ], [ -8.42118665907115, 41.577424452039963 ], [ -8.420477634006048, 41.568378872341611 ], [ -8.414924452039902, 41.562853325737876 ], [ -8.4125, 41.5625 ], [ -8.412858072916638, 41.560043165418868 ], [ -8.418408881293374, 41.554519992404543 ], [ -8.423257785373234, 41.553813340928848 ], [ -8.426742214626707, 41.550353325737881 ], [ -8.429166463895498, 41.55 ], [ -8.525344019522311, 41.55 ], [ -8.525, 41.554166666666696 ], [ -8.529166666666638, 41.554166666666696 ] ] ] } },
{ "type": "Feature", "properties": { "HYBAS_ID": 2121213582, "NEXT_DOWN": 2121213581, "PFAF_ID": 231901025300, "SUB_AREA": 113.3 }, "geometry": { "type": "Polygon", "coordinates": [ [ [ -8.139710489908822, 41.582766045464439 ], [ -8.147789510091114, 41.575567287868957 ], [ -8.156377156575489, 41.574432712131106 ], [ -8.160416666666634, 41.571302117241785 ], [ -8.164456176757781, 41.574432712131106 ], [ -8.171579996744761, 41.575567287868957 ], [ -8.176956176757781, 41.571400621202287 ], [ -8.185543823242156, 41.570266045464443 ], [ -8.189456176757782, 41.567233954535624 ], [ -8.198043823242156, 41.566099378797773 ], [ -8.206122843424449, 41.558900621202291 ], [ -8.214710489908823, 41.55776604546444 ], [ -8.218622843424448, 41.554733954535621 ], [ -8.225, 41.554166666666696 ], [ -8.229166666666636, 41.554166666666696 ], [ -8.229784138997365, 41.556326802571647 ], [ -8.232715861002573, 41.560339864095084 ], [ -8.233950805664032, 41.56983371310767 ], [ -8.222839694552921, 41.571450975206197 ], [ -8.214660305447017, 41.578549024793865 ], [ -8.210339694552921, 41.57978430853953 ], [ -8.205325317382782, 41.583447265625033 ], [ -8.203240288628441, 41.590740288628503 ], [ -8.19783969455292, 41.592284308539526 ], [ -8.189660305447017, 41.599382358127201 ], [ -8.167462497287294, 41.600688849555155 ], [ -8.166049194335907, 41.611132134331626 ], [ -8.172993638780351, 41.613117641872861 ], [ -8.177006361219586, 41.616049024793867 ], [ -8.190680270724796, 41.617383829752633 ], [ -8.192284138997366, 41.62299346923831 ], [ -8.195215861002573, 41.627006530761747 ], [ -8.195833333333303, 41.629166666666698 ], [ -8.194945949978267, 41.632624816894563 ], [ -8.185289510091115, 41.633900621202287 ], [ -8.173043823242157, 41.645266045464439 ], [ -8.163387383355003, 41.64654184977217 ], [ -8.161649237738684, 41.653315734863313 ], [ -8.156122843424448, 41.654733954535622 ], [ -8.152210489908823, 41.657766045464442 ], [ -8.147789510091114, 41.658900621202292 ], [ -8.143877156575488, 41.661932712131112 ], [ -8.116666666666635, 41.6625 ], [ -8.106122843424448, 41.663067287868955 ], [ -8.102083333333301, 41.666197882758276 ], [ -8.1, 41.664583267334194 ], [ -8.1, 41.575099196042657 ], [ -8.109079996744761, 41.574432712131106 ], [ -8.115698920355872, 41.579562547471816 ], [ -8.117216261621474, 41.585475453515045 ], [ -8.116421699523926, 41.584945678710938 ], [ -8.113382339477539, 41.585033416748047 ], [ -8.110111236572266, 41.586502075195312 ], [ -8.11887264251709, 41.591060638427734 ], [ -8.125346183776855, 41.598430633544922 ], [ -8.128138542175293, 41.605220794677734 ], [ -8.130874633789062, 41.605140686035156 ], [ -8.132165908813477, 41.600749969482422 ], [ -8.129409790039062, 41.594646453857422 ], [ -8.132633209228516, 41.592258453369141 ], [ -8.143328666687012, 41.598819732666016 ], [ -8.145044326782227, 41.596706390380859 ], [ -8.138323783874512, 41.590488433837891 ], [ -8.135980686871118, 41.583723241427329 ], [ -8.139710489908822, 41.582766045464439 ] ] ] } },
{ "type": "Feature", "properties": { "HYBAS_ID": 2120019240, "NEXT_DOWN": 0, "PFAF_ID": 231901050310, "SUB_AREA": 9.4 }, "geometry": { "type": "Polygon", "coordinates": [ [ [ -8.811649237738688, 41.609184265136747 ], [ -8.813067287868897, 41.614710489908887 ], [ -8.816099378797716, 41.618622843424511 ], [ -8.817233954535563, 41.62304382324222 ], [ -8.820266045464383, 41.626956176757844 ], [ -8.82140062120223, 41.635543823242216 ], [ -8.824432712131051, 41.639456176757847 ], [ -8.825567287868898, 41.643877156575556 ], [ -8.828599378797717, 41.647789510091179 ], [ -8.829733954535564, 41.650746663411489 ], [ -8.825567287868898, 41.656122843424512 ], [ -8.825, 41.658333333333367 ], [ -8.822575547960042, 41.657980007595519 ], [ -8.810757785373237, 41.646186659071212 ], [ -8.80174221462671, 41.645480007595516 ], [ -8.789924452039905, 41.633686659071209 ], [ -8.7875, 41.633333333333368 ], [ -8.787853325737821, 41.630908881293436 ], [ -8.791313340928793, 41.627424452039961 ], [ -8.792024400499105, 41.622545539008279 ], [ -8.805908881293377, 41.608686659071211 ], [ -8.808333333333307, 41.608333333333363 ], [ -8.811649237738688, 41.609184265136747 ] ] ] } },
{ "type": "Feature", "properties": { "HYBAS_ID": 2120610260, "NEXT_DOWN": 2121213570, "PFAF_ID": 231901043100, "SUB_AREA": 132.6 }, "geometry": { "type": "Polygon", "coordinates": [ [ [ -8.414924452039902, 41.562853325737876 ], [ -8.420477634006048, 41.568378872341611 ], [ -8.42118665907115, 41.577424452039963 ], [ -8.428813340928791, 41.585075547960102 ], [ -8.429519992404485, 41.593379550510015 ], [ -8.425353325737818, 41.597575547960105 ], [ -8.425, 41.6041666666667 ], [ -8.425, 41.608333333333363 ], [ -8.425, 41.6125 ], [ -8.418622843424449, 41.613067287868958 ], [ -8.402210489908825, 41.628599378797773 ], [ -8.396684095594589, 41.630017598470083 ], [ -8.39526604546438, 41.635543823242216 ], [ -8.391270616319416, 41.640698920355938 ], [ -8.385289510091116, 41.642233954535619 ], [ -8.381377156575491, 41.645266045464439 ], [ -8.376956176757783, 41.646400621202289 ], [ -8.373043823242158, 41.649432712131109 ], [ -8.363387383355004, 41.650708516438833 ], [ -8.361612616644935, 41.657624816894561 ], [ -8.351956176757783, 41.658900621202292 ], [ -8.335543823242158, 41.674432712131107 ], [ -8.331122843424449, 41.675567287868958 ], [ -8.327210489908824, 41.678599378797777 ], [ -8.322789510091116, 41.679733954535621 ], [ -8.318877156575491, 41.68276604546444 ], [ -8.313350762261255, 41.68418426513675 ], [ -8.3125, 41.6875 ], [ -8.293622843424449, 41.688067287868954 ], [ -8.289710489908824, 41.691099378797773 ], [ -8.285289510091115, 41.692233954535624 ], [ -8.281377156575491, 41.695266045464443 ], [ -8.263405693901879, 41.69647098117408 ], [ -8.261532253689206, 41.703770785861579 ], [ -8.256377156575489, 41.707766045464439 ], [ -8.251956176757782, 41.708900621202289 ], [ -8.24387715657549, 41.716099378797779 ], [ -8.2375, 41.716666666666697 ], [ -8.236882527669239, 41.70200653076175 ], [ -8.232715861002573, 41.696302456325988 ], [ -8.233950805664032, 41.689506530761754 ], [ -8.253549194335907, 41.668826802571644 ], [ -8.255138481987817, 41.663268195258276 ], [ -8.265931532118024, 41.661697387695341 ], [ -8.266666666666636, 41.654166666666697 ], [ -8.2625, 41.654166666666697 ], [ -8.262146674262123, 41.639242214626769 ], [ -8.254519992404482, 41.631591118706631 ], [ -8.254166666666636, 41.629166666666698 ], [ -8.256326972113685, 41.62854902479387 ], [ -8.26033969455292, 41.625617641872864 ], [ -8.265740288628441, 41.624073621961834 ], [ -8.267284138997365, 41.618673197428414 ], [ -8.270215861002573, 41.614660135904977 ], [ -8.271450805664031, 41.610339864095081 ], [ -8.274382527669241, 41.606326802571644 ], [ -8.275617472330698, 41.602006530761749 ], [ -8.278549194335907, 41.597993469238311 ], [ -8.279960801866288, 41.588294135199682 ], [ -8.289660305447018, 41.586882358127198 ], [ -8.293673027886253, 41.583950975206193 ], [ -8.297993638780351, 41.582715691460535 ], [ -8.302006361219588, 41.57978430853953 ], [ -8.329166666666637, 41.579166666666701 ], [ -8.33137715657549, 41.579733954535619 ], [ -8.335289510091116, 41.582766045464439 ], [ -8.339710489908825, 41.583900621202289 ], [ -8.34375, 41.58703121609161 ], [ -8.347789510091117, 41.583900621202289 ], [ -8.360543823242157, 41.582766045464439 ], [ -8.364456176757782, 41.579733954535619 ], [ -8.373043823242158, 41.578599378797776 ], [ -8.376956176757783, 41.575567287868957 ], [ -8.381377156575491, 41.574432712131106 ], [ -8.385289510091116, 41.571400621202287 ], [ -8.407424248589381, 41.570209757487014 ], [ -8.409184095594588, 41.56335093180342 ], [ -8.4125, 41.5625 ], [ -8.414924452039902, 41.562853325737876 ] ] ] } },
{ "type": "Feature", "properties": { "HYBAS_ID": 2121212341, "NEXT_DOWN": 2121212582, "PFAF_ID": 231901043300, "SUB_AREA": 52.8 }, "geometry": { "type": "Polygon", "coordinates": [ [ [ -8.102083333333301, 41.666197882758276 ], [ -8.106122843424448, 41.663067287868955 ], [ -8.116666666666635, 41.6625 ], [ -8.117019992404483, 41.664924452039962 ], [ -8.120480007595454, 41.668408881293438 ], [ -8.120833333333302, 41.6875 ], [ -8.1, 41.688012870505283 ], [ -8.1, 41.664583267334194 ], [ -8.102083333333301, 41.666197882758276 ] ] ] } },
{ "type": "Feature", "properties": { "HYBAS_ID": 2120019230, "NEXT_DOWN": 0, "PFAF_ID": 231901050200, "SUB_AREA": 232.3 }, "geometry": { "type": "Polygon", "coordinates": [ [ [ -8.808333333333307, 41.6041666666667 ], [ -8.808333333333307, 41.608333333333363 ], [ -8.805908881293377, 41.608686659071211 ], [ -8.792024400499105, 41.622545539008279 ], [ -8.791313340928793, 41.627424452039961 ], [ -8.787853325737821, 41.630908881293436 ], [ -8.7875, 41.633333333333368 ], [ -8.785339694552924, 41.633950975206197 ], [ -8.777160305447023, 41.641049024793872 ], [ -8.742480129665772, 41.642328219943607 ], [ -8.741049194335911, 41.652160135904978 ], [ -8.738117472330703, 41.656173197428416 ], [ -8.7375, 41.6666666666667 ], [ -8.735289510091119, 41.667233954535625 ], [ -8.731377156575494, 41.670266045464444 ], [ -8.701956176757786, 41.671400621202288 ], [ -8.693877156575493, 41.678599378797777 ], [ -8.689456176757785, 41.679733954535621 ], [ -8.684079996744764, 41.683900621202291 ], [ -8.681122843424452, 41.68276604546444 ], [ -8.66876152886282, 41.671293131510446 ], [ -8.664710489908828, 41.674432712131107 ], [ -8.660289510091118, 41.675567287868958 ], [ -8.656377156575493, 41.678599378797777 ], [ -8.646752929687473, 41.679870944552981 ], [ -8.642233954535563, 41.685289510091181 ], [ -8.640757581922715, 41.691043090820344 ], [ -8.618622843424451, 41.692233954535624 ], [ -8.614710489908827, 41.695266045464443 ], [ -8.606122843424451, 41.696400621202287 ], [ -8.598043823242159, 41.703599378797776 ], [ -8.595833333333305, 41.704166666666701 ], [ -8.593408881293374, 41.704519992404549 ], [ -8.589213053385389, 41.708686659071212 ], [ -8.585075547960042, 41.707980007595516 ], [ -8.581591118706569, 41.704519992404549 ], [ -8.555908881293375, 41.703813340928853 ], [ -8.547549099392333, 41.695480007595521 ], [ -8.543408881293374, 41.696186659071216 ], [ -8.531591118706569, 41.707980007595516 ], [ -8.526742214626708, 41.708686659071212 ], [ -8.518750678168374, 41.716652764214444 ], [ -8.514583333333306, 41.712514580620692 ], [ -8.510757785373235, 41.716313340928849 ], [ -8.505908881293374, 41.717019992404545 ], [ -8.498257785373236, 41.724646674262189 ], [ -8.489242214626707, 41.725353325737878 ], [ -8.485757785373234, 41.728813340928852 ], [ -8.476742214626707, 41.729519992404548 ], [ -8.473257785373235, 41.732980007595522 ], [ -8.470833333333305, 41.733333333333363 ], [ -8.459242418077228, 41.732709757487015 ], [ -8.458333333333304, 41.7291666666667 ], [ -8.456122843424449, 41.728599378797774 ], [ -8.448043823242159, 41.721400621202292 ], [ -8.442517428927921, 41.719982401529982 ], [ -8.441666666666638, 41.716666666666697 ], [ -8.442019992404484, 41.714242214626772 ], [ -8.445480007595457, 41.710757785373296 ], [ -8.446186659071152, 41.705908881293432 ], [ -8.457980007595458, 41.694091118706631 ], [ -8.458333333333304, 41.691666666666698 ], [ -8.464710489908825, 41.691099378797773 ], [ -8.46862284342445, 41.688067287868954 ], [ -8.473043823242158, 41.68693271213111 ], [ -8.485289510091118, 41.675567287868958 ], [ -8.502210489908826, 41.674432712131107 ], [ -8.50612284342445, 41.671400621202288 ], [ -8.511649237738688, 41.669982401529978 ], [ -8.513387383355006, 41.663208516438836 ], [ -8.523043823242158, 41.661932712131112 ], [ -8.532413736979137, 41.653583780924514 ], [ -8.533900621202228, 41.647789510091179 ], [ -8.541099378797714, 41.639710489908886 ], [ -8.542233954535561, 41.636753336588576 ], [ -8.537968614366291, 41.63125 ], [ -8.541099378797714, 41.627210489908883 ], [ -8.541666666666638, 41.616666666666696 ], [ -8.564924452039902, 41.617019992404543 ], [ -8.568408881293374, 41.620480007595518 ], [ -8.572546386718722, 41.621186659071213 ], [ -8.576742214626709, 41.617019992404543 ], [ -8.580879720052055, 41.616313340928855 ], [ -8.585075547960042, 41.620480007595518 ], [ -8.589213053385389, 41.621186659071213 ], [ -8.593408881293374, 41.617019992404543 ], [ -8.602424452039902, 41.616313340928855 ], [ -8.605908881293376, 41.612853325737881 ], [ -8.610757785373236, 41.612146674262185 ], [ -8.614242214626708, 41.608686659071211 ], [ -8.623257785373237, 41.607980007595515 ], [ -8.626742214626709, 41.604519992404548 ], [ -8.63159111870657, 41.603813340928852 ], [ -8.639242214626709, 41.596186659071215 ], [ -8.652424452039902, 41.595480007595519 ], [ -8.655908881293374, 41.592019992404545 ], [ -8.660757785373237, 41.591313340928849 ], [ -8.664242214626709, 41.587853325737882 ], [ -8.666666666666639, 41.5875 ], [ -8.681377156575493, 41.586932712131109 ], [ -8.689456176757785, 41.579733954535619 ], [ -8.699112616644939, 41.578458150227895 ], [ -8.700811089409695, 41.571840074327291 ], [ -8.704913330078098, 41.570266045464443 ], [ -8.710289510091119, 41.574432712131106 ], [ -8.731377156575494, 41.575567287868957 ], [ -8.735289510091119, 41.578599378797776 ], [ -8.739710489908827, 41.579733954535619 ], [ -8.743622843424452, 41.582766045464439 ], [ -8.75, 41.583333333333364 ], [ -8.752210489908828, 41.582766045464439 ], [ -8.756122843424453, 41.579733954535619 ], [ -8.765451727973064, 41.578599378797776 ], [ -8.767233954535563, 41.585543823242219 ], [ -8.771793280707438, 41.591010708279114 ], [ -8.785543823242161, 41.592233954535622 ], [ -8.789456176757787, 41.595266045464442 ], [ -8.793877156575494, 41.596400621202292 ], [ -8.799032253689209, 41.600395880805152 ], [ -8.8, 41.6041666666667 ], [ -8.808333333333307, 41.6041666666667 ] ] ] } },
{ "type": "Feature", "properties": { "HYBAS_ID": 2121212581, "NEXT_DOWN": 2120610260, "PFAF_ID": 231901043200, "SUB_AREA": 30.3 }, "geometry": { "type": "Polygon", "coordinates": [ [ [ -8.120833333333302, 41.6875 ], [ -8.120480007595454, 41.668408881293438 ], [ -8.117019992404483, 41.664924452039962 ], [ -8.116666666666635, 41.6625 ], [ -8.143877156575488, 41.661932712131112 ], [ -8.147789510091114, 41.658900621202292 ], [ -8.152210489908823, 41.657766045464442 ], [ -8.156122843424448, 41.654733954535622 ], [ -8.161649237738684, 41.653315734863313 ], [ -8.163387383355003, 41.64654184977217 ], [ -8.173043823242157, 41.645266045464439 ], [ -8.185289510091115, 41.633900621202287 ], [ -8.194945949978267, 41.632624816894563 ], [ -8.195833333333303, 41.629166666666698 ], [ -8.202424452039899, 41.629519992404546 ], [ -8.205908881293372, 41.632980007595521 ], [ -8.218379720052052, 41.633686659071209 ], [ -8.222575547960039, 41.629519992404546 ], [ -8.2274244520399, 41.628813340928851 ], [ -8.230908881293372, 41.625353325737876 ], [ -8.243379720052053, 41.624646674262188 ], [ -8.247575547960039, 41.628813340928851 ], [ -8.254166666666636, 41.629166666666698 ], [ -8.254519992404482, 41.631591118706631 ], [ -8.262146674262123, 41.639242214626769 ], [ -8.2625, 41.654166666666697 ], [ -8.256122843424448, 41.653599378797779 ], [ -8.250746663411427, 41.649432712131109 ], [ -8.224034265688653, 41.65011188389105 ], [ -8.223336113823677, 41.649997287326471 ], [ -8.216805555555425, 41.649305555555657 ], [ -8.216669447157017, 41.649447157118061 ], [ -8.21562282986099, 41.649954969618136 ], [ -8.212484553665938, 41.650405539231265 ], [ -8.206122843424449, 41.650567287868952 ], [ -8.204932506396055, 41.65148980422429 ], [ -8.201805555555438, 41.651938747829945 ], [ -8.199026760525101, 41.651995442708426 ], [ -8.188886108398322, 41.655552842881946 ], [ -8.18583835177941, 41.657256537543503 ], [ -8.182181871202147, 41.662802734374964 ], [ -8.182352216948937, 41.665823891025376 ], [ -8.179733954535559, 41.668622843424508 ], [ -8.178365257450045, 41.673956736478353 ], [ -8.177919717359934, 41.674250740323131 ], [ -8.172789510091114, 41.675567287868958 ], [ -8.168877156575491, 41.678599378797777 ], [ -8.151956176757782, 41.679733954535621 ], [ -8.150920827372282, 41.680536354796075 ], [ -8.137181396484266, 41.681947157118145 ], [ -8.135525851779391, 41.682513834635415 ], [ -8.125290017933198, 41.687260217612653 ], [ -8.120833333333302, 41.6875 ] ] ] } },
{ "type": "Feature", "properties": { "HYBAS_ID": 2120019250, "NEXT_DOWN": 0, "PFAF_ID": 231901050320, "SUB_AREA": 29.1 }, "geometry": { "type": "Polygon", "coordinates": [ [ [ -8.789924452039905, 41.633686659071209 ], [ -8.80174221462671, 41.645480007595516 ], [ -8.810757785373237, 41.646186659071212 ], [ -8.822575547960042, 41.657980007595519 ], [ -8.825, 41.658333333333367 ], [ -8.82535332573782, 41.669091118706632 ], [ -8.837146674262126, 41.680908881293433 ], [ -8.8375, 41.683333333333366 ], [ -8.835289510091119, 41.683900621202291 ], [ -8.83125, 41.687031216091611 ], [ -8.826137288411433, 41.683068678114182 ], [ -8.824100409613688, 41.691005452473988 ], [ -8.816666666666642, 41.691666666666698 ], [ -8.808333333333307, 41.691666666666698 ], [ -8.795833333333308, 41.691666666666698 ], [ -8.7875, 41.691666666666698 ], [ -8.787853325737821, 41.680908881293433 ], [ -8.791668023003446, 41.677067396375904 ], [ -8.785757785373237, 41.671186659071211 ], [ -8.780908881293376, 41.670480007595515 ], [ -8.776713053385389, 41.666313340928852 ], [ -8.772575547960043, 41.667019992404548 ], [ -8.768379720052057, 41.671186659071211 ], [ -8.764242214626709, 41.670480007595515 ], [ -8.760046386718724, 41.666313340928852 ], [ -8.751742214626709, 41.667019992404548 ], [ -8.74791666666664, 41.670818752712705 ], [ -8.744091118706571, 41.667019992404548 ], [ -8.7375, 41.6666666666667 ], [ -8.738117472330703, 41.656173197428416 ], [ -8.741049194335911, 41.652160135904978 ], [ -8.742480129665772, 41.642328219943607 ], [ -8.777160305447023, 41.641049024793872 ], [ -8.785339694552924, 41.633950975206197 ], [ -8.7875, 41.633333333333368 ], [ -8.789924452039905, 41.633686659071209 ] ] ] } },
{ "type": "Feature", "properties": { "HYBAS_ID": 2129434551, "NEXT_DOWN": 2121212582, "PFAF_ID": 231901043200, "SUB_AREA": 4.5 }, "geometry": { "type": "MultiPolygon", "coordinates": [ [ [ [ -8.173510064019013, 41.678283148871571 ], [ -8.171507364908734, 41.681910536024418 ], [ -8.169261813693481, 41.682486029730967 ], [ -8.151946004231661, 41.682932400173684 ], [ -8.139017278747529, 41.683569012920152 ], [ -8.137857355267661, 41.683672195351257 ], [ -8.136471625433899, 41.683995903862865 ], [ -8.13486490885407, 41.684775390625077 ], [ -8.131788533528493, 41.68850206163205 ], [ -8.13131944444433, 41.689947509765716 ], [ -8.120979471747644, 41.69022614059309 ], [ -8.119163886176125, 41.690275065104288 ], [ -8.12092989411097, 41.689301294046409 ], [ -8.120833333333302, 41.6875 ], [ -8.125290017933198, 41.687260217612653 ], [ -8.135525851779391, 41.682513834635415 ], [ -8.137181396484266, 41.681947157118145 ], [ -8.150920827372282, 41.680536354796075 ], [ -8.156529947916511, 41.679960394965349 ], [ -8.160120307074578, 41.679989013671957 ], [ -8.167495863172576, 41.680365532769088 ], [ -8.169773017035482, 41.679626600477491 ], [ -8.173196603948952, 41.67736743741267 ], [ -8.173510064019013, 41.678283148871571 ] ] ], [ [ [ -8.177919717359934, 41.674250740323131 ], [ -8.178365257450045, 41.673956736478353 ], [ -8.179733954535559, 41.668622843424508 ], [ -8.182352216948937, 41.665823891025376 ], [ -8.182181871202147, 41.662802734374964 ], [ -8.18583835177941, 41.657256537543503 ], [ -8.188886108398322, 41.655552842881946 ], [ -8.199026760525101, 41.651995442708426 ], [ -8.201805555555438, 41.651938747829945 ], [ -8.204932506396055, 41.65148980422429 ], [ -8.206122843424449, 41.650567287868952 ], [ -8.212484553665938, 41.650405539231265 ], [ -8.21562282986099, 41.649954969618136 ], [ -8.216669447157017, 41.649447157118061 ], [ -8.216805555555425, 41.649305555555657 ], [ -8.223336113823677, 41.649997287326471 ], [ -8.224034265688653, 41.65011188389105 ], [ -8.229377305772459, 41.650988905164979 ], [ -8.230274997287154, 41.652731526692776 ], [ -8.229325900607478, 41.652902425130264 ], [ -8.22360833062055, 41.652502712673652 ], [ -8.221562771267259, 41.651673041449726 ], [ -8.219340684678741, 41.651627739800347 ], [ -8.211267835828892, 41.652224934895855 ], [ -8.209418674045025, 41.652500678168451 ], [ -8.196936102972984, 41.655547281901136 ], [ -8.190466715494722, 41.658157280816056 ], [ -8.189997219509451, 41.658608398437536 ], [ -8.182621120876604, 41.670501980251743 ], [ -8.181940307617026, 41.674447021484411 ], [ -8.182078314887065, 41.677421603732682 ], [ -8.18468241373688, 41.680793863932365 ], [ -8.188608330620582, 41.684724934895883 ], [ -8.191243082682206, 41.685046929253474 ], [ -8.193735419379266, 41.686147732204859 ], [ -8.198273044162249, 41.690359700520844 ], [ -8.198972032334893, 41.692775065104115 ], [ -8.198330552842776, 41.692502712673672 ], [ -8.194551798502516, 41.690064425998344 ], [ -8.194169447157037, 41.688886176215362 ], [ -8.193356526692583, 41.688062744140666 ], [ -8.19236667209185, 41.687355550130235 ], [ -8.184676852755956, 41.684534776475743 ], [ -8.180405476887927, 41.683449300130292 ], [ -8.178991088867065, 41.685313313802169 ], [ -8.176663886176129, 41.693052842881968 ], [ -8.175830552842797, 41.698303493923618 ], [ -8.175511474609266, 41.700295274522546 ], [ -8.173929714626638, 41.70194173177083 ], [ -8.172510579427012, 41.701501193576405 ], [ -8.170836791992031, 41.697808295355912 ], [ -8.170813869900087, 41.696685791015625 ], [ -8.17194722493474, 41.693891601562541 ], [ -8.17332987467438, 41.690308973524395 ], [ -8.176383463541583, 41.679294433593782 ], [ -8.17639180501294, 41.678886176215372 ], [ -8.176143391926985, 41.676336398654598 ], [ -8.175146281241268, 41.676080880640995 ], [ -8.177919717359934, 41.674250740323131 ] ] ], [ [ [ -8.173051622178662, 41.676943901909794 ], [ -8.173326009114419, 41.675614420573027 ], [ -8.175146281241268, 41.676080880640995 ], [ -8.173196603948952, 41.67736743741267 ], [ -8.173051622178662, 41.676943901909794 ] ] ] ] } },
{ "type": "Feature", "properties": { "HYBAS_ID": 2120610150, "NEXT_DOWN": 2121213570, "PFAF_ID": 231901042100, "SUB_AREA": 123.2 }, "geometry": { "type": "Polygon", "coordinates": [ [ [ -8.31631334092879, 41.714242214626772 ], [ -8.312853325737818, 41.710757785373296 ], [ -8.3125, 41.6875 ], [ -8.313350762261255, 41.68418426513675 ], [ -8.318877156575491, 41.68276604546444 ], [ -8.322789510091116, 41.679733954535621 ], [ -8.327210489908824, 41.678599378797777 ], [ -8.331122843424449, 41.675567287868958 ], [ -8.335543823242158, 41.674432712131107 ], [ -8.351956176757783, 41.658900621202292 ], [ -8.361612616644935, 41.657624816894561 ], [ -8.363387383355004, 41.650708516438833 ], [ -8.373043823242158, 41.649432712131109 ], [ -8.376956176757783, 41.646400621202289 ], [ -8.381377156575491, 41.645266045464439 ], [ -8.385289510091116, 41.642233954535619 ], [ -8.391270616319416, 41.640698920355938 ], [ -8.39526604546438, 41.635543823242216 ], [ -8.396684095594589, 41.630017598470083 ], [ -8.402210489908825, 41.628599378797773 ], [ -8.418622843424449, 41.613067287868958 ], [ -8.425, 41.6125 ], [ -8.425, 41.608333333333363 ], [ -8.427424452039901, 41.608686659071211 ], [ -8.437141248914902, 41.618377346462708 ], [ -8.437853325737818, 41.622546217176684 ], [ -8.433347574869762, 41.627083672417569 ], [ -8.439209662543373, 41.6329752604167 ], [ -8.444091118706568, 41.633686659071209 ], [ -8.451742214626707, 41.641313340928853 ], [ -8.456591118706568, 41.642019992404549 ], [ -8.466666666666638, 41.652068583170603 ], [ -8.462853325737818, 41.655908881293435 ], [ -8.462146674262124, 41.660757785373299 ], [ -8.458686659071152, 41.664242214626768 ], [ -8.458333333333304, 41.691666666666698 ], [ -8.457980007595458, 41.694091118706631 ], [ -8.446186659071152, 41.705908881293432 ], [ -8.445480007595457, 41.710757785373296 ], [ -8.442019992404484, 41.714242214626772 ], [ -8.441666666666638, 41.716666666666697 ], [ -8.435075547960039, 41.717019992404545 ], [ -8.431591118706567, 41.720480007595519 ], [ -8.42257554796004, 41.721186659071215 ], [ -8.419091118706568, 41.724646674262189 ], [ -8.405908881293374, 41.725353325737878 ], [ -8.402424452039901, 41.728813340928852 ], [ -8.39757554796004, 41.729519992404548 ], [ -8.394091118706568, 41.732980007595522 ], [ -8.380908881293372, 41.733686659071211 ], [ -8.3774244520399, 41.737146674262185 ], [ -8.373286946614554, 41.737853325737881 ], [ -8.36875, 41.733347913954027 ], [ -8.364924452039901, 41.737146674262185 ], [ -8.36007554796004, 41.737853325737881 ], [ -8.354524739583304, 41.743376498752205 ], [ -8.35381334092879, 41.748257785373298 ], [ -8.350353325737817, 41.751742214626766 ], [ -8.35, 41.754166666666698 ], [ -8.349032253689206, 41.757937452528246 ], [ -8.342413330078095, 41.763067287868957 ], [ -8.300916205512122, 41.761903550889791 ], [ -8.3, 41.758333333333368 ], [ -8.300353325737817, 41.755908881293436 ], [ -8.307980007595456, 41.748257785373298 ], [ -8.308686659071149, 41.739242214626771 ], [ -8.312146674262122, 41.735757785373295 ], [ -8.312853325737818, 41.722575547960105 ], [ -8.31631334092879, 41.719091118706629 ], [ -8.316666666666636, 41.716666666666697 ], [ -8.31631334092879, 41.714242214626772 ] ] ] } },
{ "type": "Feature", "properties": { "HYBAS_ID": 2121212582, "NEXT_DOWN": 2121212581, "PFAF_ID": 231901043200, "SUB_AREA": 77.9 }, "geometry": { "type": "MultiPolygon", "coordinates": [ [ [ [ -8.169773017035482, 41.679626600477491 ], [ -8.167495863172576, 41.680365532769088 ], [ -8.160120307074578, 41.679989013671957 ], [ -8.156529947916511, 41.679960394965349 ], [ -8.150920827372282, 41.680536354796075 ], [ -8.151956176757782, 41.679733954535621 ], [ -8.168877156575491, 41.678599378797777 ], [ -8.172789510091114, 41.675567287868958 ], [ -8.177919717359934, 41.674250740323131 ], [ -8.175146281241268, 41.676080880640995 ], [ -8.173326009114419, 41.675614420573027 ], [ -8.173051622178662, 41.676943901909794 ], [ -8.173196603948952, 41.67736743741267 ], [ -8.169773017035482, 41.679626600477491 ] ] ], [ [ [ -8.266666666666636, 41.654166666666697 ], [ -8.265931532118024, 41.661697387695341 ], [ -8.255138481987817, 41.663268195258276 ], [ -8.253549194335907, 41.668826802571644 ], [ -8.233950805664032, 41.689506530761754 ], [ -8.232715861002573, 41.696302456325988 ], [ -8.236882527669239, 41.70200653076175 ], [ -8.2375, 41.716666666666697 ], [ -8.235075547960038, 41.717019992404545 ], [ -8.214924452039899, 41.737146674262185 ], [ -8.205908881293372, 41.737853325737881 ], [ -8.201713053385387, 41.742019992404543 ], [ -8.189242214626706, 41.741313340928855 ], [ -8.185046386718719, 41.737146674262185 ], [ -8.180878024631046, 41.737858581543001 ], [ -8.167019992404482, 41.751742214626766 ], [ -8.16630893283417, 41.756621805826853 ], [ -8.155882771809864, 41.767019992404549 ], [ -8.143408881293372, 41.766313340928853 ], [ -8.139924452039899, 41.762853325737879 ], [ -8.133333333333301, 41.7625 ], [ -8.133686659071149, 41.743408881293433 ], [ -8.137146674262121, 41.739924452039965 ], [ -8.137853325737815, 41.730908881293438 ], [ -8.142019992404482, 41.726712883843348 ], [ -8.141313340928788, 41.718408881293435 ], [ -8.129519992404482, 41.706591118706626 ], [ -8.128813340928788, 41.701742214626769 ], [ -8.121186659071149, 41.694091118706631 ], [ -8.120979471747644, 41.69022614059309 ], [ -8.13131944444433, 41.689947509765716 ], [ -8.131788533528493, 41.68850206163205 ], [ -8.13486490885407, 41.684775390625077 ], [ -8.136471625433899, 41.683995903862865 ], [ -8.137857355267661, 41.683672195351257 ], [ -8.139017278747529, 41.683569012920152 ], [ -8.151946004231661, 41.682932400173684 ], [ -8.169261813693481, 41.682486029730967 ], [ -8.171507364908734, 41.681910536024418 ], [ -8.173510064019013, 41.678283148871571 ], [ -8.173196603948952, 41.67736743741267 ], [ -8.175146281241268, 41.676080880640995 ], [ -8.176143391926985, 41.676336398654598 ], [ -8.17639180501294, 41.678886176215372 ], [ -8.176383463541583, 41.679294433593782 ], [ -8.17332987467438, 41.690308973524395 ], [ -8.17194722493474, 41.693891601562541 ], [ -8.170813869900087, 41.696685791015625 ], [ -8.170836791992031, 41.697808295355912 ], [ -8.172510579427012, 41.701501193576405 ], [ -8.173929714626638, 41.70194173177083 ], [ -8.175511474609266, 41.700295274522546 ], [ -8.175830552842797, 41.698303493923618 ], [ -8.176663886176129, 41.693052842881968 ], [ -8.178991088867065, 41.685313313802169 ], [ -8.180405476887927, 41.683449300130292 ], [ -8.184676852755956, 41.684534776475743 ], [ -8.19236667209185, 41.687355550130235 ], [ -8.193356526692583, 41.688062744140666 ], [ -8.194169447157037, 41.688886176215362 ], [ -8.194551798502516, 41.690064425998344 ], [ -8.198330552842776, 41.692502712673672 ], [ -8.198972032334893, 41.692775065104115 ], [ -8.198273044162249, 41.690359700520844 ], [ -8.193735419379266, 41.686147732204859 ], [ -8.191243082682206, 41.685046929253474 ], [ -8.188608330620582, 41.684724934895883 ], [ -8.18468241373688, 41.680793863932365 ], [ -8.182078314887065, 41.677421603732682 ], [ -8.181940307617026, 41.674447021484411 ], [ -8.182621120876604, 41.670501980251743 ], [ -8.189997219509451, 41.658608398437536 ], [ -8.190466715494722, 41.658157280816056 ], [ -8.196936102972984, 41.655547281901136 ], [ -8.209418674045025, 41.652500678168451 ], [ -8.211267835828892, 41.652224934895855 ], [ -8.219340684678741, 41.651627739800347 ], [ -8.221562771267259, 41.651673041449726 ], [ -8.22360833062055, 41.652502712673652 ], [ -8.229325900607478, 41.652902425130264 ], [ -8.230274997287154, 41.652731526692776 ], [ -8.229377305772459, 41.650988905164979 ], [ -8.224034265688653, 41.65011188389105 ], [ -8.250746663411427, 41.649432712131109 ], [ -8.256122843424448, 41.653599378797779 ], [ -8.2625, 41.654166666666697 ], [ -8.266666666666636, 41.654166666666697 ] ] ] ] } },
{ "type": "Feature", "properties": { "HYBAS_ID": 2120019260, "NEXT_DOWN": 0, "PFAF_ID": 231901061100, "SUB_AREA": 146.4 }, "geometry": { "type": "Polygon", "coordinates": [ [ [ -8.795833333333308, 41.691666666666698 ], [ -8.79511617024737, 41.699013773600292 ], [ -8.789506361219592, 41.70061764187286 ], [ -8.785493638780355, 41.703549024793872 ], [ -8.777006361219591, 41.70478430853953 ], [ -8.76882697211369, 41.711882358127205 ], [ -8.76286044650605, 41.71358829074439 ], [ -8.749382527669244, 41.728360324435798 ], [ -8.750617472330703, 41.739660135904984 ], [ -8.75354919433591, 41.743673197428421 ], [ -8.754784138997369, 41.75216013590498 ], [ -8.763117472330702, 41.761763339572518 ], [ -8.761324734157959, 41.765967814127634 ], [ -8.746633232964383, 41.767402140299509 ], [ -8.74228413899737, 41.772839864095083 ], [ -8.740740288628444, 41.778240288628503 ], [ -8.732715861002578, 41.780534532335103 ], [ -8.733950805664035, 41.785493469238311 ], [ -8.73776753743487, 41.790718078613317 ], [ -8.725971815321154, 41.792434861924946 ], [ -8.723841349283827, 41.799886067708364 ], [ -8.718826972113689, 41.803549024793867 ], [ -8.695833333333306, 41.804166666666703 ], [ -8.692631022135389, 41.803202480740048 ], [ -8.690404934353271, 41.795809766981371 ], [ -8.685468207465251, 41.792309400770435 ], [ -8.675495402018202, 41.790789794921906 ], [ -8.663142903645806, 41.777135043674079 ], [ -8.66185709635414, 41.772864956325989 ], [ -8.658976236979139, 41.768801710340746 ], [ -8.657417805989557, 41.75352393256297 ], [ -8.639531792534694, 41.754809400770434 ], [ -8.634583197699625, 41.758318074544306 ], [ -8.633333333333306, 41.754166666666698 ], [ -8.629166666666638, 41.754166666666698 ], [ -8.628813340928792, 41.751742214626766 ], [ -8.625353325737819, 41.748257785373298 ], [ -8.624644639756916, 41.739214409722251 ], [ -8.610757785373236, 41.725353325737878 ], [ -8.601712036132785, 41.724644300672779 ], [ -8.595480007595459, 41.718381076388923 ], [ -8.596186659071153, 41.714242214626772 ], [ -8.599985419379312, 41.710416666666703 ], [ -8.596186659071153, 41.706591118706626 ], [ -8.595833333333305, 41.704166666666701 ], [ -8.598043823242159, 41.703599378797776 ], [ -8.606122843424451, 41.696400621202287 ], [ -8.614710489908827, 41.695266045464443 ], [ -8.618622843424451, 41.692233954535624 ], [ -8.640757581922715, 41.691043090820344 ], [ -8.642233954535563, 41.685289510091181 ], [ -8.646752929687473, 41.679870944552981 ], [ -8.656377156575493, 41.678599378797777 ], [ -8.660289510091118, 41.675567287868958 ], [ -8.664710489908828, 41.674432712131107 ], [ -8.66876152886282, 41.671293131510446 ], [ -8.681122843424452, 41.68276604546444 ], [ -8.684079996744764, 41.683900621202291 ], [ -8.689456176757785, 41.679733954535621 ], [ -8.693877156575493, 41.678599378797777 ], [ -8.701956176757786, 41.671400621202288 ], [ -8.731377156575494, 41.670266045464444 ], [ -8.735289510091119, 41.667233954535625 ], [ -8.7375, 41.6666666666667 ], [ -8.744091118706571, 41.667019992404548 ], [ -8.74791666666664, 41.670818752712705 ], [ -8.751742214626709, 41.667019992404548 ], [ -8.760046386718724, 41.666313340928852 ], [ -8.764242214626709, 41.670480007595515 ], [ -8.768379720052057, 41.671186659071211 ], [ -8.772575547960043, 41.667019992404548 ], [ -8.776713053385389, 41.666313340928852 ], [ -8.780908881293376, 41.670480007595515 ], [ -8.785757785373237, 41.671186659071211 ], [ -8.791668023003446, 41.677067396375904 ], [ -8.787853325737821, 41.680908881293433 ], [ -8.7875, 41.691666666666698 ], [ -8.795833333333308, 41.691666666666698 ] ] ] } },
{ "type": "Feature", "properties": { "HYBAS_ID": 2121212342, "NEXT_DOWN": 2121212341, "PFAF_ID": 231901043300, "SUB_AREA": 102.1 }, "geometry": { "type": "Polygon", "coordinates": [ [ [ -8.121186659071149, 41.694091118706631 ], [ -8.128813340928788, 41.701742214626769 ], [ -8.129519992404482, 41.706591118706626 ], [ -8.141313340928788, 41.718408881293435 ], [ -8.142019992404482, 41.726712883843348 ], [ -8.137853325737815, 41.730908881293438 ], [ -8.137146674262121, 41.739924452039965 ], [ -8.133686659071149, 41.743408881293433 ], [ -8.133333333333301, 41.7625 ], [ -8.113280232747364, 41.763185628255243 ], [ -8.111857096354136, 41.777135043674079 ], [ -8.104665459526878, 41.785532972547777 ], [ -8.1, 41.78797434521902 ], [ -8.1, 41.688012870505283 ], [ -8.120833333333302, 41.6875 ], [ -8.12092989411097, 41.689301294046409 ], [ -8.119163886176125, 41.690275065104288 ], [ -8.120979471747644, 41.69022614059309 ], [ -8.121186659071149, 41.694091118706631 ] ] ] } },
{ "type": "Feature", "properties": { "HYBAS_ID": 2121212131, "NEXT_DOWN": 2120610150, "PFAF_ID": 231901042200, "SUB_AREA": 70.8 }, "geometry": { "type": "Polygon", "coordinates": [ [ [ -8.139456176757781, 41.792233954535625 ], [ -8.125988091362816, 41.804733954535621 ], [ -8.106122843424448, 41.803599378797777 ], [ -8.100746663411426, 41.799432712131107 ], [ -8.1, 41.799459083409218 ], [ -8.1, 41.78797434521902 ], [ -8.104665459526878, 41.785532972547777 ], [ -8.111857096354136, 41.777135043674079 ], [ -8.113280232747364, 41.763185628255243 ], [ -8.133333333333301, 41.7625 ], [ -8.139924452039899, 41.762853325737879 ], [ -8.143408881293372, 41.766313340928853 ], [ -8.155882771809864, 41.767019992404549 ], [ -8.16630893283417, 41.756621805826853 ], [ -8.167019992404482, 41.751742214626766 ], [ -8.180878024631046, 41.737858581543001 ], [ -8.185046386718719, 41.737146674262185 ], [ -8.189242214626706, 41.741313340928855 ], [ -8.201713053385387, 41.742019992404543 ], [ -8.205908881293372, 41.737853325737881 ], [ -8.214924452039899, 41.737146674262185 ], [ -8.235075547960038, 41.717019992404545 ], [ -8.2375, 41.716666666666697 ], [ -8.24387715657549, 41.716099378797779 ], [ -8.251956176757782, 41.708900621202289 ], [ -8.256377156575489, 41.707766045464439 ], [ -8.261532253689206, 41.703770785861579 ], [ -8.263405693901879, 41.69647098117408 ], [ -8.281377156575491, 41.695266045464443 ], [ -8.285289510091115, 41.692233954535624 ], [ -8.289710489908824, 41.691099378797773 ], [ -8.293622843424449, 41.688067287868954 ], [ -8.3125, 41.6875 ], [ -8.312853325737818, 41.710757785373296 ], [ -8.31631334092879, 41.714242214626772 ], [ -8.316666666666636, 41.716666666666697 ], [ -8.314456176757783, 41.717233954535622 ], [ -8.310543823242156, 41.720266045464442 ], [ -8.297789510091116, 41.721400621202292 ], [ -8.293877156575491, 41.724432712131112 ], [ -8.289456176757781, 41.725567287868955 ], [ -8.281377156575491, 41.732766045464444 ], [ -8.276956176757782, 41.733900621202288 ], [ -8.273043823242157, 41.736932712131107 ], [ -8.267517428927921, 41.738350931803417 ], [ -8.265779283311602, 41.745124816894567 ], [ -8.256122843424448, 41.746400621202291 ], [ -8.252210489908823, 41.74943271213111 ], [ -8.247789510091115, 41.750567287868954 ], [ -8.24387715657549, 41.753599378797773 ], [ -8.226956176757781, 41.754733954535624 ], [ -8.218877156575489, 41.761932712131113 ], [ -8.206122843424449, 41.763067287868957 ], [ -8.204487630603344, 41.764584955901789 ], [ -8.199439154730806, 41.767772488064267 ], [ -8.195010850694347, 41.771515570746558 ], [ -8.190932345920041, 41.77467976888024 ], [ -8.186979166666569, 41.774836425781281 ], [ -8.184835272894867, 41.772227511935796 ], [ -8.183328043619694, 41.772494710286487 ], [ -8.179083591037228, 41.773673638237881 ], [ -8.177905205620561, 41.774229871961836 ], [ -8.174210069444346, 41.77635891384552 ], [ -8.173883599175248, 41.776661376953157 ], [ -8.160283067491219, 41.790807427300379 ], [ -8.160419066178797, 41.791106091084863 ], [ -8.139456176757781, 41.792233954535625 ] ] ] } },
{ "type": "Feature", "properties": { "HYBAS_ID": 2120019270, "NEXT_DOWN": 0, "PFAF_ID": 231901070010, "SUB_AREA": 168.6 }, "geometry": { "type": "Polygon", "coordinates": [ [ [ -8.87047526041664, 41.819123501247866 ], [ -8.864924452039904, 41.824646674262183 ], [ -8.860075547960044, 41.825353325737879 ], [ -8.856591118706572, 41.828813340928853 ], [ -8.847575547960044, 41.829519992404549 ], [ -8.839924452039904, 41.837146674262186 ], [ -8.833333333333307, 41.8375 ], [ -8.831122843424453, 41.836932712131109 ], [ -8.823043823242161, 41.829733954535627 ], [ -8.806122843424452, 41.828599378797776 ], [ -8.800746663411433, 41.824432712131113 ], [ -8.796010674370633, 41.826249694824256 ], [ -8.792233954535565, 41.831122843424509 ], [ -8.791099378797718, 41.835543823242219 ], [ -8.788067287868897, 41.839456176757849 ], [ -8.786285061306398, 41.846400621202292 ], [ -8.772789510091119, 41.845266045464442 ], [ -8.768877156575494, 41.842233954535622 ], [ -8.750978936089384, 41.841033935546911 ], [ -8.74640062120223, 41.835543823242219 ], [ -8.744982571072022, 41.830017598470086 ], [ -8.739456176757786, 41.828599378797776 ], [ -8.73554382324216, 41.825567287868957 ], [ -8.726956176757785, 41.824432712131113 ], [ -8.723043823242161, 41.821400621202287 ], [ -8.710289510091119, 41.820266045464443 ], [ -8.706377156575494, 41.817233954535624 ], [ -8.701956176757786, 41.816099378797773 ], [ -8.698043823242161, 41.813067287868954 ], [ -8.695833333333306, 41.8125 ], [ -8.695833333333306, 41.804166666666703 ], [ -8.718826972113689, 41.803549024793867 ], [ -8.723841349283827, 41.799886067708364 ], [ -8.725971815321154, 41.792434861924946 ], [ -8.73776753743487, 41.790718078613317 ], [ -8.733950805664035, 41.785493469238311 ], [ -8.732715861002578, 41.780534532335103 ], [ -8.740740288628444, 41.778240288628503 ], [ -8.74228413899737, 41.772839864095083 ], [ -8.746633232964383, 41.767402140299509 ], [ -8.761324734157959, 41.765967814127634 ], [ -8.763117472330702, 41.761763339572518 ], [ -8.754784138997369, 41.75216013590498 ], [ -8.75354919433591, 41.743673197428421 ], [ -8.750617472330703, 41.739660135904984 ], [ -8.749382527669244, 41.728360324435798 ], [ -8.76286044650605, 41.71358829074439 ], [ -8.76882697211369, 41.711882358127205 ], [ -8.777006361219591, 41.70478430853953 ], [ -8.785493638780355, 41.703549024793872 ], [ -8.789506361219592, 41.70061764187286 ], [ -8.79511617024737, 41.699013773600292 ], [ -8.795833333333308, 41.691666666666698 ], [ -8.808333333333307, 41.691666666666698 ], [ -8.809195285373239, 41.695025634765656 ], [ -8.815451727973064, 41.696400621202287 ], [ -8.816666666666642, 41.691666666666698 ], [ -8.824100409613688, 41.691005452473988 ], [ -8.826137288411433, 41.683068678114182 ], [ -8.83125, 41.687031216091611 ], [ -8.835289510091119, 41.683900621202291 ], [ -8.8375, 41.683333333333366 ], [ -8.840898301866293, 41.682361687554284 ], [ -8.842626274956572, 41.670490688747861 ], [ -8.849264526367161, 41.675799899631109 ], [ -8.850617472330704, 41.68966013590498 ], [ -8.861882527669245, 41.70200653076175 ], [ -8.863117472330703, 41.706326802571645 ], [ -8.866049194335911, 41.710339864095083 ], [ -8.86728413899737, 41.714660135904978 ], [ -8.870215861002578, 41.718673197428416 ], [ -8.871450805664036, 41.727160135904981 ], [ -8.874382527669244, 41.731173197428419 ], [ -8.875617472330703, 41.735493469238314 ], [ -8.878549194335912, 41.739506530761751 ], [ -8.879784138997371, 41.743826802571647 ], [ -8.882715861002579, 41.747839864095084 ], [ -8.883950805664037, 41.754635789659318 ], [ -8.879784138997371, 41.760339864095087 ], [ -8.878549194335912, 41.768826802571645 ], [ -8.871450805664036, 41.777006530761753 ], [ -8.870215861002578, 41.783802456325986 ], [ -8.874382527669244, 41.789506530761749 ], [ -8.875617472330703, 41.802798800998296 ], [ -8.867822604709175, 41.805027431911924 ], [ -8.866049194335911, 41.808802456325985 ], [ -8.870215861002578, 41.814506530761754 ], [ -8.870833333333309, 41.816666666666698 ], [ -8.87047526041664, 41.819123501247866 ] ] ] } },
{ "type": "Feature", "properties": { "HYBAS_ID": 2121212132, "NEXT_DOWN": 2121212131, "PFAF_ID": 231901042200, "SUB_AREA": 58.9 }, "geometry": { "type": "Polygon", "coordinates": [ [ [ -8.206122843424449, 41.763067287868957 ], [ -8.218877156575489, 41.761932712131113 ], [ -8.226956176757781, 41.754733954535624 ], [ -8.24387715657549, 41.753599378797773 ], [ -8.247789510091115, 41.750567287868954 ], [ -8.252210489908823, 41.74943271213111 ], [ -8.256122843424448, 41.746400621202291 ], [ -8.265779283311602, 41.745124816894567 ], [ -8.267517428927921, 41.738350931803417 ], [ -8.273043823242157, 41.736932712131107 ], [ -8.276956176757782, 41.733900621202288 ], [ -8.281377156575491, 41.732766045464444 ], [ -8.289456176757781, 41.725567287868955 ], [ -8.293877156575491, 41.724432712131112 ], [ -8.297789510091116, 41.721400621202292 ], [ -8.310543823242156, 41.720266045464442 ], [ -8.314456176757783, 41.717233954535622 ], [ -8.316666666666636, 41.716666666666697 ], [ -8.31631334092879, 41.719091118706629 ], [ -8.312853325737818, 41.722575547960105 ], [ -8.312146674262122, 41.735757785373295 ], [ -8.308686659071149, 41.739242214626771 ], [ -8.307980007595456, 41.748257785373298 ], [ -8.300353325737817, 41.755908881293436 ], [ -8.3, 41.758333333333368 ], [ -8.293673027886253, 41.758950975206197 ], [ -8.289660305447018, 41.761882358127203 ], [ -8.285339694552921, 41.76311764187286 ], [ -8.281326972113686, 41.766049024793872 ], [ -8.272839694552921, 41.76728430853953 ], [ -8.268826972113684, 41.770215691460535 ], [ -8.255153062608477, 41.771550496419302 ], [ -8.253549194335907, 41.777160135904978 ], [ -8.245536634657087, 41.786393568250901 ], [ -8.239506361219586, 41.788117641872866 ], [ -8.235493638780351, 41.791049024793871 ], [ -8.21747368706594, 41.792372300889788 ], [ -8.215898301866289, 41.803195020887621 ], [ -8.210339694552921, 41.804784308539531 ], [ -8.206326972113684, 41.807715691460537 ], [ -8.196805148654484, 41.809101528591611 ], [ -8.195833333333303, 41.8125 ], [ -8.185075547960038, 41.812146674262188 ], [ -8.180879720052053, 41.807980007595518 ], [ -8.172575547960038, 41.808686659071213 ], [ -8.1649244520399, 41.816313340928851 ], [ -8.160075547960037, 41.817019992404546 ], [ -8.155879720052052, 41.821186659071216 ], [ -8.151742214626704, 41.820480007595521 ], [ -8.148257785373232, 41.817019992404546 ], [ -8.143408881293372, 41.816313340928851 ], [ -8.139924452039899, 41.812853325737883 ], [ -8.1, 41.812338954969249 ], [ -8.1, 41.799459083409218 ], [ -8.100746663411426, 41.799432712131107 ], [ -8.106122843424448, 41.803599378797777 ], [ -8.125988091362816, 41.804733954535621 ], [ -8.139456176757781, 41.792233954535625 ], [ -8.160419066178797, 41.791106091084863 ], [ -8.16079840766049, 41.791939154730933 ], [ -8.163121473524207, 41.791664767795169 ], [ -8.174861111111012, 41.784115804036489 ], [ -8.17528306749122, 41.782505289713576 ], [ -8.175550265841915, 41.781383599175378 ], [ -8.179439154730805, 41.779439154730937 ], [ -8.185183851453896, 41.777509223090306 ], [ -8.186558024088445, 41.777454698350724 ], [ -8.188338623046777, 41.778050265842047 ], [ -8.196524115668305, 41.777694498697947 ], [ -8.208520372178723, 41.764857313368083 ], [ -8.20791158040355, 41.763567301432325 ], [ -8.20625, 41.763472222222255 ], [ -8.204487630603344, 41.764584955901789 ], [ -8.206122843424449, 41.763067287868957 ] ] ] } },
{ "type": "Feature", "properties": { "HYBAS_ID": 2129845031, "NEXT_DOWN": 2121212132, "PFAF_ID": 231901042200, "SUB_AREA": 2.3 }, "geometry": { "type": "Polygon", "coordinates": [ [ [ -8.160283067491219, 41.790807427300379 ], [ -8.173883599175248, 41.776661376953157 ], [ -8.174210069444346, 41.77635891384552 ], [ -8.177905205620561, 41.774229871961836 ], [ -8.179083591037228, 41.773673638237881 ], [ -8.183328043619694, 41.772494710286487 ], [ -8.184835272894867, 41.772227511935796 ], [ -8.186979166666569, 41.774836425781281 ], [ -8.190932345920041, 41.77467976888024 ], [ -8.195010850694347, 41.771515570746558 ], [ -8.199439154730806, 41.767772488064267 ], [ -8.204487630603344, 41.764584955901789 ], [ -8.20625, 41.763472222222255 ], [ -8.20791158040355, 41.763567301432325 ], [ -8.208520372178723, 41.764857313368083 ], [ -8.196524115668305, 41.777694498697947 ], [ -8.188338623046777, 41.778050265842047 ], [ -8.186558024088445, 41.777454698350724 ], [ -8.185183851453896, 41.777509223090306 ], [ -8.179439154730805, 41.779439154730937 ], [ -8.175550265841915, 41.781383599175378 ], [ -8.17528306749122, 41.782505289713576 ], [ -8.174861111111012, 41.784115804036489 ], [ -8.163121473524207, 41.791664767795169 ], [ -8.16079840766049, 41.791939154730933 ], [ -8.160419066178797, 41.791106091084863 ], [ -8.160283067491219, 41.790807427300379 ] ] ] } },
{ "type": "Feature", "properties": { "HYBAS_ID": 2121211870, "NEXT_DOWN": 2120019260, "PFAF_ID": 231901061200, "SUB_AREA": 174.1 }, "geometry": { "type": "Polygon", "coordinates": [ [ [ -8.596186659071153, 41.706591118706626 ], [ -8.599985419379312, 41.710416666666703 ], [ -8.596186659071153, 41.714242214626772 ], [ -8.595480007595459, 41.718381076388923 ], [ -8.601712036132785, 41.724644300672779 ], [ -8.610757785373236, 41.725353325737878 ], [ -8.624644639756916, 41.739214409722251 ], [ -8.625353325737819, 41.748257785373298 ], [ -8.628813340928792, 41.751742214626766 ], [ -8.629166666666638, 41.754166666666698 ], [ -8.633333333333306, 41.754166666666698 ], [ -8.634583197699625, 41.758318074544306 ], [ -8.639531792534694, 41.754809400770434 ], [ -8.657417805989557, 41.75352393256297 ], [ -8.658976236979139, 41.768801710340746 ], [ -8.66185709635414, 41.772864956325989 ], [ -8.663142903645806, 41.777135043674079 ], [ -8.675495402018202, 41.790789794921906 ], [ -8.685468207465251, 41.792309400770435 ], [ -8.690404934353271, 41.795809766981371 ], [ -8.692631022135389, 41.803202480740048 ], [ -8.695833333333306, 41.804166666666703 ], [ -8.695833333333306, 41.8125 ], [ -8.692435031466987, 41.81347164577911 ], [ -8.69104919433591, 41.822993469238313 ], [ -8.679784138997368, 41.835339864095083 ], [ -8.678372531466987, 41.845039198133712 ], [ -8.668673027886257, 41.846450975206196 ], [ -8.659439765082437, 41.854463365342916 ], [ -8.658333333333307, 41.85833333333337 ], [ -8.647789510091119, 41.857766045464444 ], [ -8.639710489908826, 41.850567287868955 ], [ -8.635289510091118, 41.849432712131112 ], [ -8.629913330078097, 41.845266045464442 ], [ -8.621732923719591, 41.846568806966182 ], [ -8.613067287868896, 41.856122843424515 ], [ -8.611580403645807, 41.861917114257849 ], [ -8.602210489908826, 41.87026604546444 ], [ -8.589456176757785, 41.871400621202291 ], [ -8.585416666666639, 41.874531216091611 ], [ -8.581377156575492, 41.871400621202291 ], [ -8.542582194010389, 41.870234849717917 ], [ -8.540767076280353, 41.863161214192743 ], [ -8.526956176757784, 41.861932712131107 ], [ -8.523043823242158, 41.858900621202288 ], [ -8.520833333333304, 41.85833333333337 ], [ -8.520833333333304, 41.8541666666667 ], [ -8.521400621202229, 41.851956176757845 ], [ -8.528599378797715, 41.843877156575552 ], [ -8.529733954535562, 41.839456176757849 ], [ -8.536932712131048, 41.831377156575556 ], [ -8.538350762261256, 41.825850931803416 ], [ -8.545250447591117, 41.824080234103768 ], [ -8.553599378797715, 41.81471048990889 ], [ -8.554733954535562, 41.810289510091181 ], [ -8.557766045464382, 41.806377156575557 ], [ -8.558900621202229, 41.801956176757848 ], [ -8.561932712131048, 41.798043823242224 ], [ -8.5625, 41.775 ], [ -8.563067287868895, 41.772789510091179 ], [ -8.567233954535562, 41.767413330078156 ], [ -8.566022067599798, 41.750903828938831 ], [ -8.560289510091117, 41.74943271213111 ], [ -8.547928195529487, 41.737959798177116 ], [ -8.542413330078096, 41.742233954535621 ], [ -8.53112284342445, 41.741099378797777 ], [ -8.527083333333305, 41.73796878390845 ], [ -8.523043823242158, 41.741099378797777 ], [ -8.518622843424451, 41.742233954535621 ], [ -8.514710489908826, 41.74526604546444 ], [ -8.497789510091117, 41.746400621202291 ], [ -8.492413330078097, 41.750567287868954 ], [ -8.485289510091118, 41.74943271213111 ], [ -8.481377156575492, 41.746400621202291 ], [ -8.475850762261256, 41.744982401529981 ], [ -8.474432712131048, 41.739456176757848 ], [ -8.471400621202228, 41.735543823242217 ], [ -8.470833333333305, 41.733333333333363 ], [ -8.473257785373235, 41.732980007595522 ], [ -8.476742214626707, 41.729519992404548 ], [ -8.485757785373234, 41.728813340928852 ], [ -8.489242214626707, 41.725353325737878 ], [ -8.498257785373236, 41.724646674262189 ], [ -8.505908881293374, 41.717019992404545 ], [ -8.510757785373235, 41.716313340928849 ], [ -8.514583333333306, 41.712514580620692 ], [ -8.518750678168374, 41.716652764214444 ], [ -8.526742214626708, 41.708686659071212 ], [ -8.531591118706569, 41.707980007595516 ], [ -8.543408881293374, 41.696186659071216 ], [ -8.547549099392333, 41.695480007595521 ], [ -8.555908881293375, 41.703813340928853 ], [ -8.581591118706569, 41.704519992404549 ], [ -8.585075547960042, 41.707980007595516 ], [ -8.589213053385389, 41.708686659071212 ], [ -8.593408881293374, 41.704519992404549 ], [ -8.595833333333305, 41.704166666666701 ], [ -8.596186659071153, 41.706591118706626 ] ] ] } },
{ "type": "Feature", "properties": { "HYBAS_ID": 2121211620, "NEXT_DOWN": 2121211870, "PFAF_ID": 231901061300, "SUB_AREA": 163.1 }, "geometry": { "type": "Polygon", "coordinates": [ [ [ -8.561932712131048, 41.798043823242224 ], [ -8.558900621202229, 41.801956176757848 ], [ -8.557766045464382, 41.806377156575557 ], [ -8.554733954535562, 41.810289510091181 ], [ -8.553599378797715, 41.81471048990889 ], [ -8.545250447591117, 41.824080234103768 ], [ -8.538350762261256, 41.825850931803416 ], [ -8.536932712131048, 41.831377156575556 ], [ -8.529733954535562, 41.839456176757849 ], [ -8.528599378797715, 41.843877156575552 ], [ -8.521400621202229, 41.851956176757845 ], [ -8.520833333333304, 41.8541666666667 ], [ -8.510289510091116, 41.853599378797774 ], [ -8.506377156575493, 41.850567287868955 ], [ -8.501956176757783, 41.849432712131112 ], [ -8.49804382324216, 41.846400621202292 ], [ -8.489456176757784, 41.845266045464442 ], [ -8.484079996744763, 41.841099378797779 ], [ -8.481122843424451, 41.842233954535622 ], [ -8.47574666341143, 41.846400621202292 ], [ -8.450995551215248, 41.845220269097254 ], [ -8.446400621202228, 41.839710489908889 ], [ -8.444865587022541, 41.833729214138486 ], [ -8.439710489908824, 41.829733954535627 ], [ -8.433916219075492, 41.828246900770431 ], [ -8.425567287868894, 41.818877156575553 ], [ -8.424149237738686, 41.81335093180342 ], [ -8.420833333333304, 41.8125 ], [ -8.420833333333304, 41.808333333333366 ], [ -8.419945949978269, 41.804875183105501 ], [ -8.410289510091117, 41.803599378797777 ], [ -8.402210489908825, 41.796400621202288 ], [ -8.392595757378443, 41.795130411783887 ], [ -8.383900621202226, 41.785543823242222 ], [ -8.382629055447019, 41.775919426812102 ], [ -8.377210489908824, 41.771400621202289 ], [ -8.372789510091117, 41.770266045464446 ], [ -8.360543823242157, 41.758900621202287 ], [ -8.356122843424449, 41.757766045464443 ], [ -8.352210489908824, 41.754733954535624 ], [ -8.35, 41.754166666666698 ], [ -8.350353325737817, 41.751742214626766 ], [ -8.35381334092879, 41.748257785373298 ], [ -8.354524739583304, 41.743376498752205 ], [ -8.36007554796004, 41.737853325737881 ], [ -8.364924452039901, 41.737146674262185 ], [ -8.36875, 41.733347913954027 ], [ -8.373286946614554, 41.737853325737881 ], [ -8.3774244520399, 41.737146674262185 ], [ -8.380908881293372, 41.733686659071211 ], [ -8.394091118706568, 41.732980007595522 ], [ -8.39757554796004, 41.729519992404548 ], [ -8.402424452039901, 41.728813340928852 ], [ -8.405908881293374, 41.725353325737878 ], [ -8.419091118706568, 41.724646674262189 ], [ -8.42257554796004, 41.721186659071215 ], [ -8.431591118706567, 41.720480007595519 ], [ -8.435075547960039, 41.717019992404545 ], [ -8.441666666666638, 41.716666666666697 ], [ -8.442517428927921, 41.719982401529982 ], [ -8.448043823242159, 41.721400621202292 ], [ -8.456122843424449, 41.728599378797774 ], [ -8.458333333333304, 41.7291666666667 ], [ -8.459242418077228, 41.732709757487015 ], [ -8.470833333333305, 41.733333333333363 ], [ -8.471400621202228, 41.735543823242217 ], [ -8.474432712131048, 41.739456176757848 ], [ -8.475850762261256, 41.744982401529981 ], [ -8.481377156575492, 41.746400621202291 ], [ -8.485289510091118, 41.74943271213111 ], [ -8.492413330078097, 41.750567287868954 ], [ -8.497789510091117, 41.746400621202291 ], [ -8.514710489908826, 41.74526604546444 ], [ -8.518622843424451, 41.742233954535621 ], [ -8.523043823242158, 41.741099378797777 ], [ -8.527083333333305, 41.73796878390845 ], [ -8.53112284342445, 41.741099378797777 ], [ -8.542413330078096, 41.742233954535621 ], [ -8.547928195529487, 41.737959798177116 ], [ -8.560289510091117, 41.74943271213111 ], [ -8.566022067599798, 41.750903828938831 ], [ -8.567233954535562, 41.767413330078156 ], [ -8.563067287868895, 41.772789510091179 ], [ -8.5625, 41.775 ], [ -8.561932712131048, 41.798043823242224 ] ] ] } },
{ "type": "Feature", "properties": { "HYBAS_ID": 2120606481, "NEXT_DOWN": 2121211620, "PFAF_ID": 231901063000, "SUB_AREA": 121.4 }, "geometry": { "type": "Polygon", "coordinates": [ [ [ -8.195480007595455, 41.872575547960103 ], [ -8.191681247287296, 41.86875 ], [ -8.196186659071149, 41.864212883843351 ], [ -8.195480007595455, 41.860075547960101 ], [ -8.191680569118892, 41.856249321831633 ], [ -8.200353325737815, 41.847548929850291 ], [ -8.199646674262121, 41.839242214626772 ], [ -8.191313340928788, 41.830882263183625 ], [ -8.192019992404482, 41.818408881293436 ], [ -8.195480007595455, 41.814924452039961 ], [ -8.195833333333303, 41.8125 ], [ -8.196805148654484, 41.809101528591611 ], [ -8.206326972113684, 41.807715691460537 ], [ -8.210339694552921, 41.804784308539531 ], [ -8.215898301866289, 41.803195020887621 ], [ -8.21747368706594, 41.792372300889788 ], [ -8.235493638780351, 41.791049024793871 ], [ -8.239506361219586, 41.788117641872866 ], [ -8.245536634657087, 41.786393568250901 ], [ -8.253549194335907, 41.777160135904978 ], [ -8.255153062608477, 41.771550496419302 ], [ -8.268826972113684, 41.770215691460535 ], [ -8.272839694552921, 41.76728430853953 ], [ -8.281326972113686, 41.766049024793872 ], [ -8.285339694552921, 41.76311764187286 ], [ -8.289660305447018, 41.761882358127203 ], [ -8.293673027886253, 41.758950975206197 ], [ -8.3, 41.758333333333368 ], [ -8.300916205512122, 41.761903550889791 ], [ -8.342413330078095, 41.763067287868957 ], [ -8.349032253689206, 41.757937452528246 ], [ -8.35, 41.754166666666698 ], [ -8.352210489908824, 41.754733954535624 ], [ -8.356122843424449, 41.757766045464443 ], [ -8.360543823242157, 41.758900621202287 ], [ -8.372789510091117, 41.770266045464446 ], [ -8.377210489908824, 41.771400621202289 ], [ -8.382629055447019, 41.775919426812102 ], [ -8.383900621202226, 41.785543823242222 ], [ -8.392595757378443, 41.795130411783887 ], [ -8.402210489908825, 41.796400621202288 ], [ -8.410289510091117, 41.803599378797777 ], [ -8.419945949978269, 41.804875183105501 ], [ -8.420833333333304, 41.808333333333366 ], [ -8.405908881293374, 41.808686659071213 ], [ -8.401713053385388, 41.812853325737883 ], [ -8.380908881293372, 41.812146674262188 ], [ -8.376713053385387, 41.807980007595518 ], [ -8.36007554796004, 41.808686659071213 ], [ -8.355879720052053, 41.812853325737883 ], [ -8.347575547960039, 41.812146674262188 ], [ -8.34375, 41.808347913954023 ], [ -8.339924452039901, 41.812146674262188 ], [ -8.33507554796004, 41.812853325737883 ], [ -8.323257785373233, 41.824646674262183 ], [ -8.31004909939233, 41.825354682074689 ], [ -8.287853325737817, 41.847575547960105 ], [ -8.287141927083303, 41.852456834581197 ], [ -8.281591118706567, 41.857980007595522 ], [ -8.251742214626706, 41.858686659071211 ], [ -8.243750678168372, 41.866652764214443 ], [ -8.239213053385386, 41.862146674262185 ], [ -8.235075547960038, 41.862853325737881 ], [ -8.227084011501706, 41.870819430881113 ], [ -8.222546386718719, 41.866313340928855 ], [ -8.214242214626704, 41.867019992404551 ], [ -8.210757785373232, 41.870480007595518 ], [ -8.201742214626705, 41.871186659071213 ], [ -8.20079143952959, 41.87213077245103 ], [ -8.195896742078896, 41.873588731553859 ], [ -8.195642985835514, 41.873693872735934 ], [ -8.195480007595455, 41.872575547960103 ] ] ] } },
{ "type": "Feature", "properties": { "HYBAS_ID": 2120019280, "NEXT_DOWN": 0, "PFAF_ID": 231901070020, "SUB_AREA": 15.1 }, "geometry": { "type": "Polygon", "coordinates": [ [ [ -8.874291653103272, 41.817554050021734 ], [ -8.875567287868897, 41.827210489908886 ], [ -8.879733954535565, 41.832586669921909 ], [ -8.878429836697023, 41.840774197048646 ], [ -8.873043823242162, 41.845266045464442 ], [ -8.866099378797717, 41.847048272026946 ], [ -8.867233954535564, 41.852210489908884 ], [ -8.87140062120223, 41.857586669921908 ], [ -8.869648573133656, 41.862153286404116 ], [ -8.860543823242162, 41.87026604546444 ], [ -8.846793280707439, 41.871489291720955 ], [ -8.842233954535564, 41.876956176757844 ], [ -8.840815904405357, 41.882482401529984 ], [ -8.8375, 41.883333333333368 ], [ -8.8375, 41.879166666666698 ], [ -8.837146674262126, 41.876742214626773 ], [ -8.833347913953967, 41.872916666666697 ], [ -8.837853325737822, 41.868379550510014 ], [ -8.837146674262126, 41.855908881293438 ], [ -8.833686659071155, 41.852424452039962 ], [ -8.833333333333307, 41.8375 ], [ -8.839924452039904, 41.837146674262186 ], [ -8.847575547960044, 41.829519992404549 ], [ -8.856591118706572, 41.828813340928853 ], [ -8.860075547960044, 41.825353325737879 ], [ -8.864924452039904, 41.824646674262183 ], [ -8.87047526041664, 41.819123501247866 ], [ -8.870833333333309, 41.816666666666698 ], [ -8.874291653103272, 41.817554050021734 ] ] ] } },
{ "type": "Feature", "properties": { "HYBAS_ID": 2120605421, "NEXT_DOWN": 2129283831, "PFAF_ID": 231901065000, "SUB_AREA": 95.1 }, "geometry": { "type": "Polygon", "coordinates": [ [ [ -8.187561841586446, 41.875153083272394 ], [ -8.186004231770735, 41.874426947699689 ], [ -8.182916666666568, 41.868194444444484 ], [ -8.183102688259451, 41.872750515408022 ], [ -8.177219316245097, 41.875344495858194 ], [ -8.176742214626705, 41.875353325737883 ], [ -8.176377195813433, 41.875715787003998 ], [ -8.171749335394866, 41.877756212022611 ], [ -8.16278055826813, 41.881391601562541 ], [ -8.15348381890181, 41.884278564453162 ], [ -8.146176486545038, 41.88641533745664 ], [ -8.142926500108405, 41.88834459092886 ], [ -8.140337999131843, 41.89160956488719 ], [ -8.138144463433058, 41.89350138346358 ], [ -8.135836113823682, 41.894169379340319 ], [ -8.131170179578891, 41.895414903428858 ], [ -8.125274997287224, 41.895002712673652 ], [ -8.121057467990349, 41.894523790147609 ], [ -8.11243482801639, 41.894684109158028 ], [ -8.110654364691737, 41.895031602647613 ], [ -8.110094171238643, 41.89618627218465 ], [ -8.110075547960037, 41.896186659071212 ], [ -8.106598509728915, 41.899639335025903 ], [ -8.106588143512232, 41.899647107849951 ], [ -8.101742214626704, 41.900353325737882 ], [ -8.1, 41.902092879366428 ], [ -8.1, 41.812338954969249 ], [ -8.139924452039899, 41.812853325737883 ], [ -8.143408881293372, 41.816313340928851 ], [ -8.148257785373232, 41.817019992404546 ], [ -8.151742214626704, 41.820480007595521 ], [ -8.155879720052052, 41.821186659071216 ], [ -8.160075547960037, 41.817019992404546 ], [ -8.1649244520399, 41.816313340928851 ], [ -8.172575547960038, 41.808686659071213 ], [ -8.180879720052053, 41.807980007595518 ], [ -8.185075547960038, 41.812146674262188 ], [ -8.195833333333303, 41.8125 ], [ -8.195480007595455, 41.814924452039961 ], [ -8.192019992404482, 41.818408881293436 ], [ -8.191313340928788, 41.830882263183625 ], [ -8.199646674262121, 41.839242214626772 ], [ -8.200353325737815, 41.847548929850291 ], [ -8.191680569118892, 41.856249321831633 ], [ -8.195480007595455, 41.860075547960101 ], [ -8.196186659071149, 41.864212883843351 ], [ -8.191681247287296, 41.86875 ], [ -8.195480007595455, 41.872575547960103 ], [ -8.195642985835514, 41.873693872735934 ], [ -8.192497219509452, 41.87499728732643 ], [ -8.192387585361697, 41.87506377161359 ], [ -8.187561841586446, 41.875153083272394 ] ] ] } },
{ "type": "Feature", "properties": { "HYBAS_ID": 2120606482, "NEXT_DOWN": 2120606481, "PFAF_ID": 231901063000, "SUB_AREA": 96.5 }, "geometry": { "type": "Polygon", "coordinates": [ [ [ -8.201742214626705, 41.871186659071213 ], [ -8.210757785373232, 41.870480007595518 ], [ -8.214242214626704, 41.867019992404551 ], [ -8.222546386718719, 41.866313340928855 ], [ -8.227084011501706, 41.870819430881113 ], [ -8.235075547960038, 41.862853325737881 ], [ -8.239213053385386, 41.862146674262185 ], [ -8.243750678168372, 41.866652764214443 ], [ -8.251742214626706, 41.858686659071211 ], [ -8.281591118706567, 41.857980007595522 ], [ -8.287141927083303, 41.852456834581197 ], [ -8.287853325737817, 41.847575547960105 ], [ -8.31004909939233, 41.825354682074689 ], [ -8.323257785373233, 41.824646674262183 ], [ -8.33507554796004, 41.812853325737883 ], [ -8.339924452039901, 41.812146674262188 ], [ -8.34375, 41.808347913954023 ], [ -8.347575547960039, 41.812146674262188 ], [ -8.355879720052053, 41.812853325737883 ], [ -8.36007554796004, 41.808686659071213 ], [ -8.376713053385387, 41.807980007595518 ], [ -8.380908881293372, 41.812146674262188 ], [ -8.401713053385388, 41.812853325737883 ], [ -8.405908881293374, 41.808686659071213 ], [ -8.420833333333304, 41.808333333333366 ], [ -8.420833333333304, 41.8125 ], [ -8.419982571072019, 41.815815734863314 ], [ -8.416666666666638, 41.816666666666698 ], [ -8.410289510091117, 41.817233954535624 ], [ -8.400654771592853, 41.825973002115916 ], [ -8.399432712131047, 41.839710489908889 ], [ -8.392233954535561, 41.847789510091182 ], [ -8.390815904405352, 41.853315734863315 ], [ -8.385289510091116, 41.854733954535625 ], [ -8.38125, 41.857864549424946 ], [ -8.377083333333303, 41.854635450575117 ], [ -8.373043823242158, 41.857766045464444 ], [ -8.368622843424451, 41.858900621202288 ], [ -8.360543823242157, 41.866099378797777 ], [ -8.349253336588511, 41.867233954535621 ], [ -8.343877156575491, 41.863067287868958 ], [ -8.340920003255178, 41.861932712131107 ], [ -8.335543823242158, 41.866099378797777 ], [ -8.326956176757783, 41.867233954535621 ], [ -8.317586263020804, 41.875582885742219 ], [ -8.316099378797713, 41.881377156575553 ], [ -8.313067287868893, 41.885289510091177 ], [ -8.311932712131046, 41.898043823242219 ], [ -8.307937282986082, 41.903198920355933 ], [ -8.301956176757782, 41.904733954535622 ], [ -8.296537611219588, 41.909252760145435 ], [ -8.295266045464379, 41.918877156575554 ], [ -8.292233954535559, 41.922789510091178 ], [ -8.291666666666636, 41.929166666666703 ], [ -8.2875, 41.929166666666703 ], [ -8.276742214626706, 41.928813340928855 ], [ -8.272916666666635, 41.925014580620697 ], [ -8.268379720052053, 41.929519992404551 ], [ -8.251742214626706, 41.928813340928855 ], [ -8.248257785373234, 41.925353325737881 ], [ -8.243376329210038, 41.924641927083371 ], [ -8.237853325737817, 41.919091118706632 ], [ -8.237146674262121, 41.910075547960105 ], [ -8.23368665907115, 41.906591118706629 ], [ -8.232978312174449, 41.893379550510019 ], [ -8.2274244520399, 41.887853325737879 ], [ -8.214242214626704, 41.887146674262183 ], [ -8.206591118706566, 41.879519992404546 ], [ -8.201966845908904, 41.879368114063276 ], [ -8.202497219509452, 41.877818603515664 ], [ -8.202039184570216, 41.872604302300388 ], [ -8.201407877604071, 41.871947157118093 ], [ -8.20079143952959, 41.87213077245103 ], [ -8.201742214626705, 41.871186659071213 ] ] ] } },
{ "type": "Feature", "properties": { "HYBAS_ID": 2120019290, "NEXT_DOWN": 0, "PFAF_ID": 231901080100, "SUB_AREA": 120.3 }, "geometry": { "type": "Polygon", "coordinates": [ [ [ -8.698043823242161, 41.813067287868954 ], [ -8.701956176757786, 41.816099378797773 ], [ -8.706377156575494, 41.817233954535624 ], [ -8.710289510091119, 41.820266045464443 ], [ -8.723043823242161, 41.821400621202287 ], [ -8.726956176757785, 41.824432712131113 ], [ -8.73554382324216, 41.825567287868957 ], [ -8.739456176757786, 41.828599378797776 ], [ -8.744982571072022, 41.830017598470086 ], [ -8.74640062120223, 41.835543823242219 ], [ -8.750978936089384, 41.841033935546911 ], [ -8.768877156575494, 41.842233954535622 ], [ -8.772789510091119, 41.845266045464442 ], [ -8.786285061306398, 41.846400621202292 ], [ -8.788067287868897, 41.839456176757849 ], [ -8.791099378797718, 41.835543823242219 ], [ -8.792233954535565, 41.831122843424509 ], [ -8.796010674370633, 41.826249694824256 ], [ -8.800746663411433, 41.824432712131113 ], [ -8.806122843424452, 41.828599378797776 ], [ -8.823043823242161, 41.829733954535627 ], [ -8.831122843424453, 41.836932712131109 ], [ -8.833333333333307, 41.8375 ], [ -8.833686659071155, 41.852424452039962 ], [ -8.837146674262126, 41.855908881293438 ], [ -8.837853325737822, 41.868379550510014 ], [ -8.833347913953967, 41.872916666666697 ], [ -8.837146674262126, 41.876742214626773 ], [ -8.8375, 41.879166666666698 ], [ -8.8375, 41.883333333333368 ], [ -8.833333333333307, 41.883333333333368 ], [ -8.832365587022544, 41.879562547471821 ], [ -8.827083333333308, 41.875468783908453 ], [ -8.823043823242161, 41.87859937879778 ], [ -8.813429090711779, 41.879869588216181 ], [ -8.804733954535564, 41.889456176757847 ], [ -8.803315904405355, 41.89498240152998 ], [ -8.797789510091119, 41.896400621202289 ], [ -8.793877156575494, 41.899432712131109 ], [ -8.785289510091118, 41.900567287868959 ], [ -8.777210489908828, 41.907766045464442 ], [ -8.770833333333307, 41.908333333333367 ], [ -8.730086602105008, 41.908915371365055 ], [ -8.728267076280355, 41.916005452473996 ], [ -8.714456176757785, 41.917233954535625 ], [ -8.71054382324216, 41.920266045464444 ], [ -8.704827880859348, 41.921732923719652 ], [ -8.704166666666639, 41.929166666666703 ], [ -8.670833333333306, 41.929166666666703 ], [ -8.670480007595458, 41.914242214626768 ], [ -8.667019992404487, 41.910757785373299 ], [ -8.666313340928792, 41.905908881293435 ], [ -8.662853325737821, 41.902424452039966 ], [ -8.6625, 41.883333333333368 ], [ -8.662853325737821, 41.880908881293436 ], [ -8.667019992404487, 41.876712883843354 ], [ -8.666313340928792, 41.872575547960103 ], [ -8.658686659071153, 41.864924452039965 ], [ -8.658333333333307, 41.85833333333337 ], [ -8.659439765082437, 41.854463365342916 ], [ -8.668673027886257, 41.846450975206196 ], [ -8.678372531466987, 41.845039198133712 ], [ -8.679784138997368, 41.835339864095083 ], [ -8.69104919433591, 41.822993469238313 ], [ -8.692435031466987, 41.81347164577911 ], [ -8.695833333333306, 41.8125 ], [ -8.698043823242161, 41.813067287868954 ] ] ] } },
{ "type": "Feature", "properties": { "HYBAS_ID": 2120606390, "NEXT_DOWN": 2121211620, "PFAF_ID": 231901062100, "SUB_AREA": 119.2 }, "geometry": { "type": "Polygon", "coordinates": [ [ [ -8.437142266167506, 41.914955139160192 ], [ -8.427084011501707, 41.924986267089878 ], [ -8.423257785373234, 41.921186659071218 ], [ -8.418408881293374, 41.920480007595522 ], [ -8.414583333333304, 41.916681247287357 ], [ -8.410757785373235, 41.920480007595522 ], [ -8.380908881293372, 41.921186659071218 ], [ -8.3774244520399, 41.924646674262185 ], [ -8.33507554796004, 41.925353325737881 ], [ -8.331591118706568, 41.928813340928855 ], [ -8.322575547960039, 41.929519992404551 ], [ -8.31875, 41.933318752712708 ], [ -8.3149244520399, 41.929519992404551 ], [ -8.291666666666636, 41.929166666666703 ], [ -8.292233954535559, 41.922789510091178 ], [ -8.295266045464379, 41.918877156575554 ], [ -8.296537611219588, 41.909252760145435 ], [ -8.301956176757782, 41.904733954535622 ], [ -8.307937282986082, 41.903198920355933 ], [ -8.311932712131046, 41.898043823242219 ], [ -8.313067287868893, 41.885289510091177 ], [ -8.316099378797713, 41.881377156575553 ], [ -8.317586263020804, 41.875582885742219 ], [ -8.326956176757783, 41.867233954535621 ], [ -8.335543823242158, 41.866099378797777 ], [ -8.340920003255178, 41.861932712131107 ], [ -8.343877156575491, 41.863067287868958 ], [ -8.349253336588511, 41.867233954535621 ], [ -8.360543823242157, 41.866099378797777 ], [ -8.368622843424451, 41.858900621202288 ], [ -8.373043823242158, 41.857766045464444 ], [ -8.377083333333303, 41.854635450575117 ], [ -8.38125, 41.857864549424946 ], [ -8.385289510091116, 41.854733954535625 ], [ -8.390815904405352, 41.853315734863315 ], [ -8.392233954535561, 41.847789510091182 ], [ -8.399432712131047, 41.839710489908889 ], [ -8.400654771592853, 41.825973002115916 ], [ -8.410289510091117, 41.817233954535624 ], [ -8.416666666666638, 41.816666666666698 ], [ -8.419982571072019, 41.815815734863314 ], [ -8.420833333333304, 41.8125 ], [ -8.424149237738686, 41.81335093180342 ], [ -8.425567287868894, 41.818877156575553 ], [ -8.433916219075492, 41.828246900770431 ], [ -8.439710489908824, 41.829733954535627 ], [ -8.444865587022541, 41.833729214138486 ], [ -8.446400621202228, 41.839710489908889 ], [ -8.450995551215248, 41.845220269097254 ], [ -8.47574666341143, 41.846400621202292 ], [ -8.481122843424451, 41.842233954535622 ], [ -8.484079996744763, 41.841099378797779 ], [ -8.489456176757784, 41.845266045464442 ], [ -8.49804382324216, 41.846400621202292 ], [ -8.501956176757783, 41.849432712131112 ], [ -8.506377156575493, 41.850567287868955 ], [ -8.510289510091116, 41.853599378797774 ], [ -8.520833333333304, 41.8541666666667 ], [ -8.520833333333304, 41.85833333333337 ], [ -8.520172119140597, 41.865767076280413 ], [ -8.516666666666637, 41.866666666666703 ], [ -8.514456176757784, 41.867233954535621 ], [ -8.510543823242159, 41.87026604546444 ], [ -8.501956176757783, 41.871400621202291 ], [ -8.49804382324216, 41.87443271213111 ], [ -8.488387383355006, 41.875708516438834 ], [ -8.486612616644937, 41.882624816894563 ], [ -8.476956176757783, 41.883900621202294 ], [ -8.473043823242158, 41.886932712131113 ], [ -8.46862284342445, 41.888067287868957 ], [ -8.464710489908825, 41.891099378797776 ], [ -8.456122843424449, 41.892233954535627 ], [ -8.44675292968747, 41.900582885742224 ], [ -8.445266045464381, 41.906377156575552 ], [ -8.442233954535562, 41.910289510091182 ], [ -8.441666666666638, 41.9125 ], [ -8.4375, 41.9125 ], [ -8.437142266167506, 41.914955139160192 ] ] ] } },
{ "type": "Feature", "properties": { "HYBAS_ID": 2129283831, "NEXT_DOWN": 2120606482, "PFAF_ID": 231901063000, "SUB_AREA": 6.9 }, "geometry": { "type": "Polygon", "coordinates": [ [ [ -8.195833333333303, 41.883333333333368 ], [ -8.195833333333303, 41.879166666666698 ], [ -8.195833333333303, 41.878998829861111 ], [ -8.193597751193479, 41.87808648003476 ], [ -8.186490071614486, 41.876349962022609 ], [ -8.183814290364486, 41.876404622395874 ], [ -8.177592298719519, 41.878339979383718 ], [ -8.168670925564136, 41.881329481336842 ], [ -8.159997219509449, 41.88860839843754 ], [ -8.151663886176115, 41.89674546983511 ], [ -8.150023396809795, 41.897961561414974 ], [ -8.147378607855803, 41.898819715711845 ], [ -8.124134385850592, 41.901085476345528 ], [ -8.120173339843648, 41.89940402560768 ], [ -8.113297458224723, 41.896947157118099 ], [ -8.10067009819868, 41.904999186197955 ], [ -8.1, 41.905641350959783 ], [ -8.1, 41.902092879366428 ], [ -8.101742214626704, 41.900353325737882 ], [ -8.106588143512232, 41.899647107849951 ], [ -8.106598509728915, 41.899639335025903 ], [ -8.110075547960037, 41.896186659071212 ], [ -8.110094171238643, 41.89618627218465 ], [ -8.110654364691737, 41.895031602647613 ], [ -8.11243482801639, 41.894684109158028 ], [ -8.121057467990349, 41.894523790147609 ], [ -8.125274997287224, 41.895002712673652 ], [ -8.131170179578891, 41.895414903428858 ], [ -8.135836113823682, 41.894169379340319 ], [ -8.138144463433058, 41.89350138346358 ], [ -8.140337999131843, 41.89160956488719 ], [ -8.142926500108405, 41.88834459092886 ], [ -8.146176486545038, 41.88641533745664 ], [ -8.15348381890181, 41.884278564453162 ], [ -8.16278055826813, 41.881391601562541 ], [ -8.171749335394866, 41.877756212022611 ], [ -8.176377195813433, 41.875715787003998 ], [ -8.176742214626705, 41.875353325737883 ], [ -8.177219316245097, 41.875344495858194 ], [ -8.183102688259451, 41.872750515408022 ], [ -8.182916666666568, 41.868194444444484 ], [ -8.186004231770735, 41.874426947699689 ], [ -8.187561841586446, 41.875153083272394 ], [ -8.192387585361697, 41.87506377161359 ], [ -8.192497219509452, 41.87499728732643 ], [ -8.195642985835514, 41.873693872735934 ], [ -8.195896742078896, 41.873588731553859 ], [ -8.20079143952959, 41.87213077245103 ], [ -8.201407877604071, 41.871947157118093 ], [ -8.202039184570216, 41.872604302300388 ], [ -8.202497219509452, 41.877818603515664 ], [ -8.201966845908904, 41.879368114063276 ], [ -8.201924981011189, 41.879490424262194 ], [ -8.200846693250771, 41.880526394314273 ], [ -8.20055833604591, 41.880998263888927 ], [ -8.201695488823688, 41.885229220920181 ], [ -8.202663574218654, 41.887615966796915 ], [ -8.205986735025945, 41.893006727430596 ], [ -8.21037719726553, 41.895624457465317 ], [ -8.212460869683063, 41.896635335286497 ], [ -8.21752061631935, 41.897185058593791 ], [ -8.217486911349731, 41.898835042317749 ], [ -8.217219441731675, 41.905649278428861 ], [ -8.216787719726467, 41.906386176215321 ], [ -8.21540920681414, 41.905451660156288 ], [ -8.205165269639661, 41.89442586263025 ], [ -8.200500420464314, 41.888270263671913 ], [ -8.200003067190103, 41.887511688734186 ], [ -8.199317423502507, 41.886465928819483 ], [ -8.198111964201102, 41.883918078620489 ], [ -8.195833333333303, 41.883333333333368 ] ] ] } },
{ "type": "Feature", "properties": { "HYBAS_ID": 2120019300, "NEXT_DOWN": 0, "PFAF_ID": 231901090000, "SUB_AREA": 10.0 }, "geometry": { "type": "Polygon", "coordinates": [ [ [ -8.832980007595459, 41.885757785373301 ], [ -8.817019992404488, 41.901742214626772 ], [ -8.816666666666642, 41.908333333333367 ], [ -8.8125, 41.908333333333367 ], [ -8.800909084743898, 41.908956909179722 ], [ -8.8, 41.9125 ], [ -8.797575547960044, 41.912853325737885 ], [ -8.794091118706572, 41.916313340928852 ], [ -8.785075547960043, 41.917019992404548 ], [ -8.78159111870657, 41.920480007595522 ], [ -8.77916666666664, 41.92083333333337 ], [ -8.775, 41.92083333333337 ], [ -8.770833333333307, 41.92083333333337 ], [ -8.770833333333307, 41.908333333333367 ], [ -8.777210489908828, 41.907766045464442 ], [ -8.785289510091118, 41.900567287868959 ], [ -8.793877156575494, 41.899432712131109 ], [ -8.797789510091119, 41.896400621202289 ], [ -8.803315904405355, 41.89498240152998 ], [ -8.804733954535564, 41.889456176757847 ], [ -8.813429090711779, 41.879869588216181 ], [ -8.823043823242161, 41.87859937879778 ], [ -8.827083333333308, 41.875468783908453 ], [ -8.832365587022544, 41.879562547471821 ], [ -8.833333333333307, 41.883333333333368 ], [ -8.832980007595459, 41.885757785373301 ] ] ] } },
{ "type": "Feature", "properties": { "HYBAS_ID": 2121210680, "NEXT_DOWN": 2120019290, "PFAF_ID": 231901080200, "SUB_AREA": 137.9 }, "geometry": { "type": "Polygon", "coordinates": [ [ [ -8.662853325737821, 41.902424452039966 ], [ -8.666313340928792, 41.905908881293435 ], [ -8.667019992404487, 41.910757785373299 ], [ -8.670480007595458, 41.914242214626768 ], [ -8.670833333333306, 41.929166666666703 ], [ -8.664242214626709, 41.928813340928855 ], [ -8.660757785373237, 41.925353325737881 ], [ -8.639953613281222, 41.924646674262185 ], [ -8.635757785373237, 41.928813340928855 ], [ -8.630908881293376, 41.929519992404551 ], [ -8.627424452039904, 41.932980007595518 ], [ -8.622575547960041, 41.933686659071213 ], [ -8.610757785373236, 41.945480007595521 ], [ -8.605908881293376, 41.946186659071216 ], [ -8.594091118706569, 41.957980007595523 ], [ -8.585786946614554, 41.958686659071212 ], [ -8.581591118706569, 41.954519992404549 ], [ -8.57745056152341, 41.953813340928853 ], [ -8.567024400499104, 41.964211527506542 ], [ -8.566313340928792, 41.969091118706629 ], [ -8.558686659071153, 41.976742214626768 ], [ -8.558333333333305, 41.9791666666667 ], [ -8.543408881293374, 41.978813340928852 ], [ -8.539924452039902, 41.975353325737885 ], [ -8.535075547960041, 41.974646674262189 ], [ -8.531591118706569, 41.971186659071215 ], [ -8.522575547960042, 41.970480007595519 ], [ -8.518379720052055, 41.966313340928856 ], [ -8.514242214626707, 41.967019992404545 ], [ -8.510416666666638, 41.970818752712709 ], [ -8.506591118706568, 41.967019992404545 ], [ -8.497545369466117, 41.966310967339446 ], [ -8.492019992404485, 41.960757785373296 ], [ -8.491666666666639, 41.958333333333371 ], [ -8.492517428927922, 41.955017598470086 ], [ -8.495833333333305, 41.954166666666701 ], [ -8.49804382324216, 41.953599378797776 ], [ -8.503536648220457, 41.949018520779113 ], [ -8.504733954535562, 41.930381605360274 ], [ -8.497789510091117, 41.928599378797777 ], [ -8.492305162217853, 41.924025641547345 ], [ -8.491099378797713, 41.907396104600728 ], [ -8.499432712131048, 41.898043823242219 ], [ -8.500567287868895, 41.885289510091177 ], [ -8.508916219075491, 41.875919765896299 ], [ -8.51600545247393, 41.874100409613746 ], [ -8.516666666666637, 41.866666666666703 ], [ -8.520172119140597, 41.865767076280413 ], [ -8.520833333333304, 41.85833333333337 ], [ -8.523043823242158, 41.858900621202288 ], [ -8.526956176757784, 41.861932712131107 ], [ -8.540767076280353, 41.863161214192743 ], [ -8.542582194010389, 41.870234849717917 ], [ -8.581377156575492, 41.871400621202291 ], [ -8.585416666666639, 41.874531216091611 ], [ -8.589456176757785, 41.871400621202291 ], [ -8.602210489908826, 41.87026604546444 ], [ -8.611580403645807, 41.861917114257849 ], [ -8.613067287868896, 41.856122843424515 ], [ -8.621732923719591, 41.846568806966182 ], [ -8.629913330078097, 41.845266045464442 ], [ -8.635289510091118, 41.849432712131112 ], [ -8.639710489908826, 41.850567287868955 ], [ -8.647789510091119, 41.857766045464444 ], [ -8.658333333333307, 41.85833333333337 ], [ -8.658686659071153, 41.864924452039965 ], [ -8.666313340928792, 41.872575547960103 ], [ -8.667019992404487, 41.876712883843354 ], [ -8.662853325737821, 41.880908881293436 ], [ -8.6625, 41.883333333333368 ], [ -8.662853325737821, 41.902424452039966 ] ] ] } },
{ "type": "Feature", "properties": { "HYBAS_ID": 2121210530, "NEXT_DOWN": 2120606390, "PFAF_ID": 231901062200, "SUB_AREA": 141.9 }, "geometry": { "type": "Polygon", "coordinates": [ [ [ -8.441666666666638, 41.9125 ], [ -8.442233954535562, 41.910289510091182 ], [ -8.445266045464381, 41.906377156575552 ], [ -8.44675292968747, 41.900582885742224 ], [ -8.456122843424449, 41.892233954535627 ], [ -8.464710489908825, 41.891099378797776 ], [ -8.46862284342445, 41.888067287868957 ], [ -8.473043823242158, 41.886932712131113 ], [ -8.476956176757783, 41.883900621202294 ], [ -8.486612616644937, 41.882624816894563 ], [ -8.488387383355006, 41.875708516438834 ], [ -8.49804382324216, 41.87443271213111 ], [ -8.501956176757783, 41.871400621202291 ], [ -8.510543823242159, 41.87026604546444 ], [ -8.514456176757784, 41.867233954535621 ], [ -8.516666666666637, 41.866666666666703 ], [ -8.51600545247393, 41.874100409613746 ], [ -8.508916219075491, 41.875919765896299 ], [ -8.500567287868895, 41.885289510091177 ], [ -8.499432712131048, 41.898043823242219 ], [ -8.491099378797713, 41.907396104600728 ], [ -8.492305162217853, 41.924025641547345 ], [ -8.497789510091117, 41.928599378797777 ], [ -8.504733954535562, 41.930381605360274 ], [ -8.503536648220457, 41.949018520779113 ], [ -8.49804382324216, 41.953599378797776 ], [ -8.495833333333305, 41.954166666666701 ], [ -8.492517428927922, 41.955017598470086 ], [ -8.491666666666639, 41.958333333333371 ], [ -8.476956176757783, 41.958900621202289 ], [ -8.473043823242158, 41.961932712131109 ], [ -8.46862284342445, 41.963067287868959 ], [ -8.464710489908825, 41.966099378797779 ], [ -8.460289510091117, 41.967233954535622 ], [ -8.456377156575492, 41.970266045464442 ], [ -8.447789510091116, 41.971400621202292 ], [ -8.443877156575493, 41.974432712131112 ], [ -8.422789510091116, 41.975567287868955 ], [ -8.418877156575491, 41.978599378797774 ], [ -8.413350762261256, 41.980017598470084 ], [ -8.4125, 41.983333333333348 ], [ -8.393408881293373, 41.982980007595522 ], [ -8.389213053385387, 41.978813340928852 ], [ -8.385075547960039, 41.979519992404548 ], [ -8.381591118706567, 41.982980007595522 ], [ -8.372575547960039, 41.983686659071218 ], [ -8.364924452039901, 41.991313340928855 ], [ -8.351742214626707, 41.992019992404551 ], [ -8.348257785373233, 41.995480007595518 ], [ -8.339242214626706, 41.996186659071213 ], [ -8.331591118706568, 42.003813340928858 ], [ -8.293408881293372, 42.004519992404546 ], [ -8.289213053385387, 42.008686659071216 ], [ -8.276742214626706, 42.007980007595521 ], [ -8.272546386718719, 42.003813340928858 ], [ -8.268408881293372, 42.004519992404546 ], [ -8.264924452039899, 42.007980007595521 ], [ -8.2625, 42.008333333333368 ], [ -8.263067287868893, 42.001956176757844 ], [ -8.266099378797712, 41.99804382324222 ], [ -8.267304484049449, 41.980072360568613 ], [ -8.274603949652747, 41.978198920355936 ], [ -8.278599378797713, 41.973043823242222 ], [ -8.27973395453556, 41.968622843424512 ], [ -8.282766045464379, 41.964710489908889 ], [ -8.283900621202227, 41.951956176757847 ], [ -8.286932712131046, 41.948043823242223 ], [ -8.2875, 41.945833333333368 ], [ -8.2875, 41.929166666666703 ], [ -8.291666666666636, 41.929166666666703 ], [ -8.3149244520399, 41.929519992404551 ], [ -8.31875, 41.933318752712708 ], [ -8.322575547960039, 41.929519992404551 ], [ -8.331591118706568, 41.928813340928855 ], [ -8.33507554796004, 41.925353325737881 ], [ -8.3774244520399, 41.924646674262185 ], [ -8.380908881293372, 41.921186659071218 ], [ -8.410757785373235, 41.920480007595522 ], [ -8.414583333333304, 41.916681247287357 ], [ -8.418408881293374, 41.920480007595522 ], [ -8.423257785373234, 41.921186659071218 ], [ -8.427084011501707, 41.924986267089878 ], [ -8.437142266167506, 41.914955139160192 ], [ -8.4375, 41.9125 ], [ -8.441666666666638, 41.9125 ] ] ] } },
{ "type": "Feature", "properties": { "HYBAS_ID": 2120605422, "NEXT_DOWN": 2120605421, "PFAF_ID": 231901065000, "SUB_AREA": 90.5 }, "geometry": { "type": "Polygon", "coordinates": [ [ [ -8.195833333333303, 41.879166666666698 ], [ -8.195833333333303, 41.883333333333368 ], [ -8.191780598958303, 41.884492153591616 ], [ -8.188117472330699, 41.88950653076175 ], [ -8.186882527669241, 41.893826802571645 ], [ -8.178549194335906, 41.903430006239184 ], [ -8.179784138997364, 41.922993469238314 ], [ -8.182771809895803, 41.927083333333371 ], [ -8.179784138997364, 41.931173197428421 ], [ -8.178549194335906, 41.935493469238317 ], [ -8.163117472330697, 41.95200653076175 ], [ -8.161882527669238, 41.960493469238315 ], [ -8.158950805664031, 41.964506530761753 ], [ -8.157715861002572, 41.977160135904981 ], [ -8.154784138997364, 41.981173197428419 ], [ -8.153060234917504, 41.987203301323817 ], [ -8.143826972113683, 41.995215691460537 ], [ -8.138268364800316, 41.996804979112447 ], [ -8.13663838704424, 42.008002217610709 ], [ -8.129635959201357, 42.013117641872867 ], [ -8.127006361219586, 42.011882358127203 ], [ -8.121302625868024, 42.00771569146054 ], [ -8.112980143229136, 42.009228346082935 ], [ -8.104784138997363, 42.01867319742842 ], [ -8.103549194335905, 42.022993469238315 ], [ -8.100617472330697, 42.027006530761753 ], [ -8.1, 42.031249818813777 ], [ -8.1, 41.905641350959783 ], [ -8.10067009819868, 41.904999186197955 ], [ -8.113297458224723, 41.896947157118099 ], [ -8.120173339843648, 41.89940402560768 ], [ -8.124134385850592, 41.901085476345528 ], [ -8.147378607855803, 41.898819715711845 ], [ -8.150023396809795, 41.897961561414974 ], [ -8.151663886176115, 41.89674546983511 ], [ -8.159997219509449, 41.88860839843754 ], [ -8.168670925564136, 41.881329481336842 ], [ -8.177592298719519, 41.878339979383718 ], [ -8.183814290364486, 41.876404622395874 ], [ -8.186490071614486, 41.876349962022609 ], [ -8.193597751193479, 41.87808648003476 ], [ -8.195833333333303, 41.878998829861111 ], [ -8.195833333333303, 41.879166666666698 ] ] ] } },
{ "type": "Feature", "properties": { "HYBAS_ID": 2120019320, "NEXT_DOWN": 0, "PFAF_ID": 231903001100, "SUB_AREA": 139.4 }, "geometry": { "type": "Polygon", "coordinates": [ [ [ -8.885365125868031, 42.042309570312518 ], [ -8.881301540798585, 42.045190429687523 ], [ -8.860365125868029, 42.046476236979188 ], [ -8.856301540798585, 42.049357096354186 ], [ -8.852031792534696, 42.050642903645851 ], [ -8.847968207465252, 42.053523763020856 ], [ -8.843698459201363, 42.054809570312521 ], [ -8.834226142035565, 42.062920803493945 ], [ -8.832417805989557, 42.045190429687523 ], [ -8.814531792534696, 42.046476236979188 ], [ -8.810468207465252, 42.049357096354186 ], [ -8.80416666666664, 42.05 ], [ -8.800369262695286, 42.048942565918004 ], [ -8.792271592881917, 42.039672682020438 ], [ -8.791061740451362, 42.035327317979636 ], [ -8.788104926215251, 42.031339348687098 ], [ -8.786895073784695, 42.022827317979633 ], [ -8.782728407118029, 42.01720733642582 ], [ -8.783938259548584, 42.010327317979637 ], [ -8.786895073784695, 42.006339348687099 ], [ -8.788104926215251, 42.001993984646305 ], [ -8.791061740451362, 41.998006015353766 ], [ -8.792271592881917, 41.993660651312972 ], [ -8.79522840711803, 41.989672682020434 ], [ -8.796438259548584, 41.985327317979639 ], [ -8.799395073784696, 41.981339348687101 ], [ -8.800604926215252, 41.972827317979636 ], [ -8.803561740451363, 41.968839348687098 ], [ -8.804771592881918, 41.964493984646303 ], [ -8.808938259548585, 41.958874003092482 ], [ -8.807161119249105, 41.954888576931459 ], [ -8.797827148437474, 41.953561570909322 ], [ -8.79383951822914, 41.95060509575741 ], [ -8.785327148437474, 41.949394904242659 ], [ -8.78133951822914, 41.946438429090747 ], [ -8.7717837863498, 41.945079888237885 ], [ -8.770228407118029, 41.939493984646305 ], [ -8.766061740451363, 41.933874003092484 ], [ -8.767496405707439, 41.92571614583337 ], [ -8.775, 41.925 ], [ -8.778315904405355, 41.924149237738732 ], [ -8.77916666666664, 41.92083333333337 ], [ -8.78159111870657, 41.920480007595522 ], [ -8.785075547960043, 41.917019992404548 ], [ -8.794091118706572, 41.916313340928852 ], [ -8.797575547960044, 41.912853325737885 ], [ -8.8, 41.9125 ], [ -8.811590915256051, 41.911876424153661 ], [ -8.8125, 41.908333333333367 ], [ -8.816666666666642, 41.908333333333367 ], [ -8.818877156575494, 41.907766045464427 ], [ -8.82278951009112, 41.904733954535608 ], [ -8.827210489908829, 41.903599378797765 ], [ -8.831122843424453, 41.900567287868938 ], [ -8.835543823242162, 41.899432712131095 ], [ -8.839456176757785, 41.896400621202275 ], [ -8.844982571072023, 41.894982571072063 ], [ -8.846400621202232, 41.889456176757832 ], [ -8.863177151150147, 41.871728854709218 ], [ -8.868877156575495, 41.870266045464426 ], [ -8.87292650010848, 41.867127482096372 ], [ -8.882694837782093, 41.875987752278661 ], [ -8.883900621202232, 41.892413330078142 ], [ -8.879635281032961, 41.897916666666688 ], [ -8.882766045464384, 41.901956176757828 ], [ -8.883900621202232, 41.910543823242207 ], [ -8.886932712131051, 41.914456176757831 ], [ -8.888067287868898, 41.931377156575536 ], [ -8.891198052300322, 41.935416666666683 ], [ -8.888067287868898, 41.93945617675783 ], [ -8.886932712131051, 41.967413330078145 ], [ -8.891099378797717, 41.972789510091161 ], [ -8.892233954535564, 41.975746663411478 ], [ -8.888067287868898, 41.981122843424501 ], [ -8.886932712131051, 41.993877156575536 ], [ -8.883900621202232, 41.997789510091167 ], [ -8.882766045464384, 42.000746663411476 ], [ -8.886932712131051, 42.0061228434245 ], [ -8.888067287868898, 42.023043823242205 ], [ -8.891198052300322, 42.027083333333351 ], [ -8.888067287868898, 42.031122843424498 ], [ -8.8875, 42.041666666666686 ], [ -8.885365125868031, 42.042309570312518 ] ] ] } },
{ "type": "Feature", "properties": { "HYBAS_ID": 2120605321, "NEXT_DOWN": 2129283831, "PFAF_ID": 231901064000, "SUB_AREA": 40.4 }, "geometry": { "type": "Polygon", "coordinates": [ [ [ -8.200567287868893, 41.889710489908886 ], [ -8.213067287868892, 41.903178575303855 ], [ -8.211932712131045, 41.914710489908892 ], [ -8.208900621202226, 41.918622843424515 ], [ -8.207766045464378, 41.923043823242224 ], [ -8.196400621202226, 41.935289510091181 ], [ -8.194982571072018, 41.940815734863314 ], [ -8.188208685980872, 41.942554050021734 ], [ -8.163067287868891, 41.968622843424512 ], [ -8.161932712131044, 41.985543823242224 ], [ -8.157766045464378, 41.990920003255241 ], [ -8.158900621202225, 42.00221048990889 ], [ -8.163067287868891, 42.007586669921906 ], [ -8.161493259006045, 42.011689080132413 ], [ -8.154562717013857, 42.013467746310802 ], [ -8.149432712131045, 42.020086669921909 ], [ -8.150567287868892, 42.027210489908889 ], [ -8.154733954535558, 42.032586669921912 ], [ -8.153599378797711, 42.039710489908892 ], [ -8.150567287868892, 42.043622843424515 ], [ -8.149100409613684, 42.049338785807329 ], [ -8.135289510091114, 42.050567287868958 ], [ -8.129913330078093, 42.054733954535628 ], [ -8.122789510091113, 42.053599378797777 ], [ -8.11887715657549, 42.050567287868958 ], [ -8.1, 42.049551717060758 ], [ -8.1, 42.031249818813777 ], [ -8.100617472330697, 42.027006530761753 ], [ -8.103549194335905, 42.022993469238315 ], [ -8.104784138997363, 42.01867319742842 ], [ -8.112980143229136, 42.009228346082935 ], [ -8.121302625868024, 42.00771569146054 ], [ -8.127006361219586, 42.011882358127203 ], [ -8.129635959201357, 42.013117641872867 ], [ -8.13663838704424, 42.008002217610709 ], [ -8.138268364800316, 41.996804979112447 ], [ -8.143826972113683, 41.995215691460537 ], [ -8.153060234917504, 41.987203301323817 ], [ -8.154784138997364, 41.981173197428419 ], [ -8.157715861002572, 41.977160135904981 ], [ -8.158950805664031, 41.964506530761753 ], [ -8.161882527669238, 41.960493469238315 ], [ -8.163117472330697, 41.95200653076175 ], [ -8.178549194335906, 41.935493469238317 ], [ -8.179784138997364, 41.931173197428421 ], [ -8.182771809895803, 41.927083333333371 ], [ -8.179784138997364, 41.922993469238314 ], [ -8.178549194335906, 41.903430006239184 ], [ -8.186882527669241, 41.893826802571645 ], [ -8.188117472330699, 41.88950653076175 ], [ -8.191780598958303, 41.884492153591616 ], [ -8.195833333333303, 41.883333333333368 ], [ -8.198111964201102, 41.883918078620489 ], [ -8.199317423502507, 41.886465928819483 ], [ -8.200003067190103, 41.887511688734186 ], [ -8.200567287868893, 41.889710489908886 ] ] ] } },
{ "type": "Feature", "properties": { "HYBAS_ID": 2120605322, "NEXT_DOWN": 2120605321, "PFAF_ID": 231901064000, "SUB_AREA": 116.2 }, "geometry": { "type": "Polygon", "coordinates": [ [ [ -8.206591118706566, 41.879519992404546 ], [ -8.214242214626704, 41.887146674262183 ], [ -8.2274244520399, 41.887853325737879 ], [ -8.232978312174449, 41.893379550510019 ], [ -8.23368665907115, 41.906591118706629 ], [ -8.237146674262121, 41.910075547960105 ], [ -8.237853325737817, 41.919091118706632 ], [ -8.243376329210038, 41.924641927083371 ], [ -8.248257785373234, 41.925353325737881 ], [ -8.251742214626706, 41.928813340928855 ], [ -8.268379720052053, 41.929519992404551 ], [ -8.272916666666635, 41.925014580620697 ], [ -8.276742214626706, 41.928813340928855 ], [ -8.2875, 41.929166666666703 ], [ -8.2875, 41.945833333333368 ], [ -8.286932712131046, 41.948043823242223 ], [ -8.283900621202227, 41.951956176757847 ], [ -8.282766045464379, 41.964710489908889 ], [ -8.27973395453556, 41.968622843424512 ], [ -8.278599378797713, 41.973043823242222 ], [ -8.274603949652747, 41.978198920355936 ], [ -8.267304484049449, 41.980072360568613 ], [ -8.266099378797712, 41.99804382324222 ], [ -8.263067287868893, 42.001956176757844 ], [ -8.2625, 42.008333333333368 ], [ -8.256122843424448, 42.008900621202294 ], [ -8.252210489908823, 42.011932712131113 ], [ -8.247789510091115, 42.013067287868957 ], [ -8.242803955078095, 42.016931321885885 ], [ -8.240747070312469, 42.008916219075559 ], [ -8.230103895399274, 41.99943271213111 ], [ -8.226956176757781, 42.000567287868961 ], [ -8.210543823242157, 42.016099378797776 ], [ -8.208333333333302, 42.016666666666687 ], [ -8.193408881293372, 42.017019992404549 ], [ -8.179520331488684, 42.030882771809928 ], [ -8.179166666666635, 42.05 ], [ -8.171732923719587, 42.050661214192743 ], [ -8.170266045464379, 42.056377156575557 ], [ -8.158900621202225, 42.068622843424514 ], [ -8.157766045464378, 42.073043823242223 ], [ -8.154733954535558, 42.076956176757847 ], [ -8.154166666666635, 42.079166666666687 ], [ -8.146732923719586, 42.078505452473991 ], [ -8.144927639431392, 42.07147098117408 ], [ -8.12695617675778, 42.070266045464443 ], [ -8.12157999674476, 42.06609937879778 ], [ -8.114456176757781, 42.067233954535624 ], [ -8.106258816189204, 42.074538167317741 ], [ -8.102210489908822, 42.071400621202294 ], [ -8.1, 42.070833350736983 ], [ -8.1, 42.049551717060758 ], [ -8.11887715657549, 42.050567287868958 ], [ -8.122789510091113, 42.053599378797777 ], [ -8.129913330078093, 42.054733954535628 ], [ -8.135289510091114, 42.050567287868958 ], [ -8.149100409613684, 42.049338785807329 ], [ -8.150567287868892, 42.043622843424515 ], [ -8.153599378797711, 42.039710489908892 ], [ -8.154733954535558, 42.032586669921912 ], [ -8.150567287868892, 42.027210489908889 ], [ -8.149432712131045, 42.020086669921909 ], [ -8.154562717013857, 42.013467746310802 ], [ -8.161493259006045, 42.011689080132413 ], [ -8.163067287868891, 42.007586669921906 ], [ -8.158900621202225, 42.00221048990889 ], [ -8.157766045464378, 41.990920003255241 ], [ -8.161932712131044, 41.985543823242224 ], [ -8.163067287868891, 41.968622843424512 ], [ -8.188208685980872, 41.942554050021734 ], [ -8.194982571072018, 41.940815734863314 ], [ -8.196400621202226, 41.935289510091181 ], [ -8.207766045464378, 41.923043823242224 ], [ -8.208900621202226, 41.918622843424515 ], [ -8.211932712131045, 41.914710489908892 ], [ -8.213067287868892, 41.903178575303855 ], [ -8.200567287868893, 41.889710489908886 ], [ -8.200003067190103, 41.887511688734186 ], [ -8.200500420464314, 41.888270263671913 ], [ -8.205165269639661, 41.89442586263025 ], [ -8.21540920681414, 41.905451660156288 ], [ -8.216787719726467, 41.906386176215321 ], [ -8.217219441731675, 41.905649278428861 ], [ -8.217486911349731, 41.898835042317749 ], [ -8.21752061631935, 41.897185058593791 ], [ -8.212460869683063, 41.896635335286497 ], [ -8.21037719726553, 41.895624457465317 ], [ -8.205986735025945, 41.893006727430596 ], [ -8.202663574218654, 41.887615966796915 ], [ -8.201695488823688, 41.885229220920181 ], [ -8.20055833604591, 41.880998263888927 ], [ -8.200846693250771, 41.880526394314273 ], [ -8.201924981011189, 41.879490424262194 ], [ -8.201966845908904, 41.879368114063276 ], [ -8.206591118706566, 41.879519992404546 ] ] ] } },
{ "type": "Feature", "properties": { "HYBAS_ID": 2120019310, "NEXT_DOWN": 0, "PFAF_ID": 231902101100, "SUB_AREA": 116.9 }, "geometry": { "type": "Polygon", "coordinates": [ [ [ -8.770833333333307, 41.92083333333337 ], [ -8.775, 41.92083333333337 ], [ -8.775, 41.925 ], [ -8.767496405707439, 41.92571614583337 ], [ -8.766061740451363, 41.933874003092484 ], [ -8.770228407118029, 41.939493984646305 ], [ -8.7717837863498, 41.945079888237885 ], [ -8.78133951822914, 41.946438429090747 ], [ -8.785327148437474, 41.949394904242659 ], [ -8.79383951822914, 41.95060509575741 ], [ -8.797827148437474, 41.953561570909322 ], [ -8.807161119249105, 41.954888576931459 ], [ -8.808938259548585, 41.958874003092482 ], [ -8.804771592881918, 41.964493984646303 ], [ -8.803561740451363, 41.968839348687098 ], [ -8.800604926215252, 41.972827317979636 ], [ -8.799395073784696, 41.981339348687101 ], [ -8.796438259548584, 41.985327317979639 ], [ -8.79522840711803, 41.989672682020434 ], [ -8.792271592881917, 41.993660651312972 ], [ -8.791061740451362, 41.998006015353766 ], [ -8.788104926215251, 42.001993984646305 ], [ -8.786895073784695, 42.006339348687099 ], [ -8.783938259548584, 42.010327317979637 ], [ -8.782728407118029, 42.01720733642582 ], [ -8.786895073784695, 42.022827317979633 ], [ -8.788104926215251, 42.031339348687098 ], [ -8.791061740451362, 42.035327317979636 ], [ -8.792271592881917, 42.039672682020438 ], [ -8.800369262695286, 42.048942565918004 ], [ -8.80416666666664, 42.05 ], [ -8.803315904405355, 42.053315734863318 ], [ -8.797789510091119, 42.054733954535628 ], [ -8.776025390624973, 42.075567287868957 ], [ -8.764456176757786, 42.074432712131113 ], [ -8.752210489908828, 42.063067287868961 ], [ -8.729166666666639, 42.0625 ], [ -8.72558288574216, 42.061580234103765 ], [ -8.717233954535564, 42.052210489908887 ], [ -8.716099378797717, 42.022789510091179 ], [ -8.713067287868897, 42.018877156575556 ], [ -8.711838785807265, 42.005066257052988 ], [ -8.704875013563342, 42.00327928331167 ], [ -8.703599378797716, 41.993622843424511 ], [ -8.700567287868896, 41.989710489908887 ], [ -8.7, 41.98333333333337 ], [ -8.699646674262127, 41.976742214626768 ], [ -8.695480007595458, 41.972546217176685 ], [ -8.696186659071154, 41.939242214626773 ], [ -8.703813340928793, 41.931591118706635 ], [ -8.704166666666639, 41.929166666666703 ], [ -8.704827880859348, 41.921732923719652 ], [ -8.71054382324216, 41.920266045464444 ], [ -8.714456176757785, 41.917233954535625 ], [ -8.728267076280355, 41.916005452473996 ], [ -8.730086602105008, 41.908915371365055 ], [ -8.770833333333307, 41.908333333333367 ], [ -8.770833333333307, 41.92083333333337 ] ] ] } },
{ "type": "Feature", "properties": { "HYBAS_ID": 2121210050, "NEXT_DOWN": 2120019310, "PFAF_ID": 231902101200, "SUB_AREA": 145.9 }, "geometry": { "type": "Polygon", "coordinates": [ [ [ -8.704166666666639, 41.929166666666703 ], [ -8.703813340928793, 41.931591118706635 ], [ -8.696186659071154, 41.939242214626773 ], [ -8.695480007595458, 41.972546217176685 ], [ -8.699646674262127, 41.976742214626768 ], [ -8.7, 41.98333333333337 ], [ -8.700567287868896, 41.989710489908887 ], [ -8.703599378797716, 41.993622843424511 ], [ -8.704875013563342, 42.00327928331167 ], [ -8.711838785807265, 42.005066257052988 ], [ -8.713067287868897, 42.018877156575556 ], [ -8.716099378797717, 42.022789510091179 ], [ -8.717233954535564, 42.052210489908887 ], [ -8.72558288574216, 42.061580234103765 ], [ -8.729166666666639, 42.0625 ], [ -8.728599378797716, 42.06471048990889 ], [ -8.725567287868897, 42.068622843424514 ], [ -8.724432712131049, 42.073043823242223 ], [ -8.717233954535564, 42.081122843424517 ], [ -8.715762668185736, 42.086855570475294 ], [ -8.699253336588514, 42.088067287868959 ], [ -8.692803955078098, 42.083068678114188 ], [ -8.69166666666664, 42.0875 ], [ -8.680157131618897, 42.086880832248298 ], [ -8.675567287868896, 42.081377156575556 ], [ -8.674291653103271, 42.071720716688404 ], [ -8.668622843424451, 42.070266045464443 ], [ -8.664710489908828, 42.067233954535624 ], [ -8.655086263020806, 42.06596238878042 ], [ -8.650567287868896, 42.06054382324222 ], [ -8.649084472656222, 42.054765150282151 ], [ -8.629166666666638, 42.054166666666703 ], [ -8.629166666666638, 42.05 ], [ -8.628562757703966, 42.034336344401076 ], [ -8.62304382324216, 42.029733954535622 ], [ -8.601012166341118, 42.028548516167568 ], [ -8.588067287868896, 42.014710489908886 ], [ -8.586795722113688, 42.005086093478766 ], [ -8.581377156575492, 42.000567287868961 ], [ -8.575850762261258, 41.999149068196651 ], [ -8.574112616644937, 41.992375183105501 ], [ -8.563419596354139, 41.990962388780417 ], [ -8.558900621202229, 41.985543823242224 ], [ -8.558333333333305, 41.9791666666667 ], [ -8.558686659071153, 41.976742214626768 ], [ -8.566313340928792, 41.969091118706629 ], [ -8.567024400499104, 41.964211527506542 ], [ -8.57745056152341, 41.953813340928853 ], [ -8.581591118706569, 41.954519992404549 ], [ -8.585786946614554, 41.958686659071212 ], [ -8.594091118706569, 41.957980007595523 ], [ -8.605908881293376, 41.946186659071216 ], [ -8.610757785373236, 41.945480007595521 ], [ -8.622575547960041, 41.933686659071213 ], [ -8.627424452039904, 41.932980007595518 ], [ -8.630908881293376, 41.929519992404551 ], [ -8.635757785373237, 41.928813340928855 ], [ -8.639953613281222, 41.924646674262185 ], [ -8.660757785373237, 41.925353325737881 ], [ -8.664242214626709, 41.928813340928855 ], [ -8.670833333333306, 41.929166666666703 ], [ -8.704166666666639, 41.929166666666703 ] ] ] } },
{ "type": "Feature", "properties": { "HYBAS_ID": 2120601440, "NEXT_DOWN": 2120601350, "PFAF_ID": 231902106000, "SUB_AREA": 136.2 }, "geometry": { "type": "Polygon", "coordinates": [ [ [ -8.393408881293373, 42.074646674262169 ], [ -8.389924452039901, 42.071186659071202 ], [ -8.3875, 42.070833333333354 ], [ -8.385075547960039, 42.070480007595506 ], [ -8.381591118706567, 42.067019992404532 ], [ -8.372575547960039, 42.066313340928836 ], [ -8.368379720052054, 42.062146674262173 ], [ -8.29757554796004, 42.062853325737869 ], [ -8.294091118706566, 42.066313340928836 ], [ -8.291666666666636, 42.066666666666684 ], [ -8.290451727973061, 42.061932712131096 ], [ -8.264456176757783, 42.063067287868947 ], [ -8.259079996744761, 42.06723395453561 ], [ -8.247789510091115, 42.066099378797759 ], [ -8.24387715657549, 42.063067287868947 ], [ -8.239456176757782, 42.061932712131096 ], [ -8.235416666666636, 42.058801947699671 ], [ -8.23125, 42.062031385633702 ], [ -8.227083333333303, 42.058801947699671 ], [ -8.223043823242158, 42.061932712131096 ], [ -8.214456176757782, 42.063067287868947 ], [ -8.209079996744761, 42.06723395453561 ], [ -8.201956176757781, 42.066099378797759 ], [ -8.198043823242156, 42.063067287868947 ], [ -8.193622843424448, 42.061932712131096 ], [ -8.189710489908823, 42.058900621202277 ], [ -8.184184095594587, 42.057482571072072 ], [ -8.182482571072018, 42.050850762261305 ], [ -8.179166666666635, 42.05 ], [ -8.179520331488684, 42.030882771809928 ], [ -8.193408881293372, 42.017019992404549 ], [ -8.208333333333302, 42.016666666666687 ], [ -8.210543823242157, 42.016099378797776 ], [ -8.226956176757781, 42.000567287868961 ], [ -8.230103895399274, 41.99943271213111 ], [ -8.240747070312469, 42.008916219075559 ], [ -8.242803955078095, 42.016931321885885 ], [ -8.247789510091115, 42.013067287868957 ], [ -8.252210489908823, 42.011932712131113 ], [ -8.256122843424448, 42.008900621202294 ], [ -8.2625, 42.008333333333368 ], [ -8.264924452039899, 42.007980007595521 ], [ -8.268408881293372, 42.004519992404546 ], [ -8.272546386718719, 42.003813340928858 ], [ -8.276742214626706, 42.007980007595521 ], [ -8.289213053385387, 42.008686659071216 ], [ -8.293408881293372, 42.004519992404546 ], [ -8.331591118706568, 42.003813340928858 ], [ -8.339242214626706, 41.996186659071213 ], [ -8.348257785373233, 41.995480007595518 ], [ -8.351742214626707, 41.992019992404551 ], [ -8.364924452039901, 41.991313340928855 ], [ -8.372575547960039, 41.983686659071218 ], [ -8.381591118706567, 41.982980007595522 ], [ -8.385075547960039, 41.979519992404548 ], [ -8.389213053385387, 41.978813340928852 ], [ -8.393408881293373, 41.982980007595522 ], [ -8.4125, 41.983333333333348 ], [ -8.412853325737817, 41.989924452039951 ], [ -8.420480007595456, 41.997575547960089 ], [ -8.42118665907115, 42.002424452039946 ], [ -8.424646674262124, 42.005908881293422 ], [ -8.425353325737818, 42.01004638671877 ], [ -8.420847913953963, 42.014583333333356 ], [ -8.424646674262124, 42.018408881293425 ], [ -8.425, 42.02083333333335 ], [ -8.424432712131047, 42.035543823242207 ], [ -8.408900621202228, 42.051956176757834 ], [ -8.407766045464381, 42.056377156575543 ], [ -8.404733954535562, 42.060289510091167 ], [ -8.403599378797713, 42.064710489908876 ], [ -8.400567287868894, 42.0686228434245 ], [ -8.399149237738685, 42.074149237738737 ], [ -8.395833333333304, 42.075 ], [ -8.393408881293373, 42.074646674262169 ] ] ] } },
{ "type": "Feature", "properties": { "HYBAS_ID": 2120601950, "NEXT_DOWN": 2121210050, "PFAF_ID": 231902103000, "SUB_AREA": 182.1 }, "geometry": { "type": "Polygon", "coordinates": [ [ [ -8.492019992404485, 41.960757785373296 ], [ -8.497545369466117, 41.966310967339446 ], [ -8.506591118706568, 41.967019992404545 ], [ -8.510416666666638, 41.970818752712709 ], [ -8.514242214626707, 41.967019992404545 ], [ -8.518379720052055, 41.966313340928856 ], [ -8.522575547960042, 41.970480007595519 ], [ -8.531591118706569, 41.971186659071215 ], [ -8.535075547960041, 41.974646674262189 ], [ -8.539924452039902, 41.975353325737885 ], [ -8.543408881293374, 41.978813340928852 ], [ -8.558333333333305, 41.9791666666667 ], [ -8.558900621202229, 41.985543823242224 ], [ -8.563419596354139, 41.990962388780417 ], [ -8.574112616644937, 41.992375183105501 ], [ -8.575850762261258, 41.999149068196651 ], [ -8.581377156575492, 42.000567287868961 ], [ -8.586795722113688, 42.005086093478766 ], [ -8.588067287868896, 42.014710489908886 ], [ -8.601012166341118, 42.028548516167568 ], [ -8.62304382324216, 42.029733954535622 ], [ -8.628562757703966, 42.034336344401076 ], [ -8.629166666666638, 42.05 ], [ -8.629166666666638, 42.054166666666703 ], [ -8.629519992404486, 42.056591118706613 ], [ -8.632980007595458, 42.060075547960089 ], [ -8.633333333333306, 42.0625 ], [ -8.629911634657091, 42.063530137803838 ], [ -8.628390163845459, 42.078446790907137 ], [ -8.606198459201361, 42.07980957031252 ], [ -8.602134874131917, 42.082690429687517 ], [ -8.596044582790771, 42.08452419704863 ], [ -8.583976236979138, 42.097865125868076 ], [ -8.582690429687471, 42.102134874131963 ], [ -8.579809570312472, 42.106198459201408 ], [ -8.578523763020804, 42.110468207465296 ], [ -8.575606282552055, 42.11458333333335 ], [ -8.578523763020804, 42.118698459201411 ], [ -8.579809570312472, 42.122968207465298 ], [ -8.582727050781223, 42.127083333333353 ], [ -8.579809570312472, 42.131198459201407 ], [ -8.578654978855859, 42.15 ], [ -8.56922228398161, 42.15 ], [ -8.552210489908827, 42.13390062120228 ], [ -8.547789510091118, 42.132766045464429 ], [ -8.543877156575492, 42.12973395453561 ], [ -8.536932712131048, 42.127951727973112 ], [ -8.538067287868895, 42.118622843424497 ], [ -8.542233954535561, 42.113246663411481 ], [ -8.540929836697021, 42.105059136284744 ], [ -8.535543823242159, 42.100567287868941 ], [ -8.530017428927923, 42.099149237738736 ], [ -8.528315904405353, 42.09251742892797 ], [ -8.522789510091117, 42.091099378797765 ], [ -8.514710489908826, 42.083900621202275 ], [ -8.5125, 42.08333333333335 ], [ -8.5125, 42.079166666666687 ], [ -8.511763848198756, 42.067424519856793 ], [ -8.493711005316811, 42.066011216905402 ], [ -8.489622328016464, 42.063155449761304 ], [ -8.479331461588513, 42.061551581488736 ], [ -8.475655449761256, 42.056288994683179 ], [ -8.473685031466985, 42.049908786349846 ], [ -8.468788994683131, 42.046488783094638 ], [ -8.464544338650144, 42.045177883572066 ], [ -8.452122328016465, 42.033988783094635 ], [ -8.447877671983477, 42.03267788357207 ], [ -8.435455661349797, 42.02148878309464 ], [ -8.425, 42.02083333333335 ], [ -8.424646674262124, 42.018408881293425 ], [ -8.420847913953963, 42.014583333333356 ], [ -8.425353325737818, 42.01004638671877 ], [ -8.424646674262124, 42.005908881293422 ], [ -8.42118665907115, 42.002424452039946 ], [ -8.420480007595456, 41.997575547960089 ], [ -8.412853325737817, 41.989924452039951 ], [ -8.4125, 41.983333333333348 ], [ -8.413350762261256, 41.980017598470084 ], [ -8.418877156575491, 41.978599378797774 ], [ -8.422789510091116, 41.975567287868955 ], [ -8.443877156575493, 41.974432712131112 ], [ -8.447789510091116, 41.971400621202292 ], [ -8.456377156575492, 41.970266045464442 ], [ -8.460289510091117, 41.967233954535622 ], [ -8.464710489908825, 41.966099378797779 ], [ -8.46862284342445, 41.963067287868959 ], [ -8.473043823242158, 41.961932712131109 ], [ -8.476956176757783, 41.958900621202289 ], [ -8.491666666666639, 41.958333333333371 ], [ -8.492019992404485, 41.960757785373296 ] ] ] } },
{ "type": "Feature", "properties": { "HYBAS_ID": 2120601350, "NEXT_DOWN": 2120601950, "PFAF_ID": 231902105000, "SUB_AREA": 107.4 }, "geometry": { "type": "Polygon", "coordinates": [ [ [ -8.435455661349797, 42.02148878309464 ], [ -8.447877671983477, 42.03267788357207 ], [ -8.452122328016465, 42.033988783094635 ], [ -8.464544338650144, 42.045177883572066 ], [ -8.468788994683131, 42.046488783094638 ], [ -8.473685031466985, 42.049908786349846 ], [ -8.475655449761256, 42.056288994683179 ], [ -8.479331461588513, 42.061551581488736 ], [ -8.489622328016464, 42.063155449761304 ], [ -8.493711005316811, 42.066011216905402 ], [ -8.511763848198756, 42.067424519856793 ], [ -8.5125, 42.079166666666687 ], [ -8.5125, 42.08333333333335 ], [ -8.5125, 42.0875 ], [ -8.50612284342445, 42.088067287868945 ], [ -8.49804382324216, 42.095266045464427 ], [ -8.493622843424451, 42.096400621202278 ], [ -8.485543823242159, 42.10359937879776 ], [ -8.479875013563339, 42.105054050021721 ], [ -8.478599378797714, 42.114710489908873 ], [ -8.474432712131048, 42.120086669921896 ], [ -8.475567287868895, 42.123043823242206 ], [ -8.478704833984345, 42.127092149522589 ], [ -8.471400621202228, 42.13528951009117 ], [ -8.469933742947021, 42.141005452473976 ], [ -8.456122843424449, 42.142233954535612 ], [ -8.450746663411429, 42.146400621202275 ], [ -8.426956176757784, 42.145266045464432 ], [ -8.423043823242159, 42.142233954535612 ], [ -8.414456176757783, 42.141099378797762 ], [ -8.410416666666638, 42.137968614366336 ], [ -8.406377156575491, 42.141099378797762 ], [ -8.401956176757782, 42.142233954535612 ], [ -8.393877156575492, 42.149432712131095 ], [ -8.389583333333466, 42.15 ], [ -8.354390845259124, 42.15 ], [ -8.354733954535561, 42.143622843424502 ], [ -8.358900621202228, 42.138246663411479 ], [ -8.357766045464381, 42.13528951009117 ], [ -8.353599378797714, 42.129913330078146 ], [ -8.354840426974796, 42.117563205295156 ], [ -8.361649237738686, 42.115815904405402 ], [ -8.363067287868894, 42.110289510091164 ], [ -8.382766045464379, 42.089710489908875 ], [ -8.383900621202226, 42.085289510091165 ], [ -8.386932712131047, 42.081377156575542 ], [ -8.3875, 42.075 ], [ -8.3875, 42.070833333333354 ], [ -8.389924452039901, 42.071186659071202 ], [ -8.393408881293373, 42.074646674262169 ], [ -8.395833333333304, 42.075 ], [ -8.399149237738685, 42.074149237738737 ], [ -8.400567287868894, 42.0686228434245 ], [ -8.403599378797713, 42.064710489908876 ], [ -8.404733954535562, 42.060289510091167 ], [ -8.407766045464381, 42.056377156575543 ], [ -8.408900621202228, 42.051956176757834 ], [ -8.424432712131047, 42.035543823242207 ], [ -8.425, 42.02083333333335 ], [ -8.435455661349797, 42.02148878309464 ] ] ] } },
{ "type": "Feature", "properties": { "HYBAS_ID": 2121209181, "NEXT_DOWN": 2120601380, "PFAF_ID": 231902107200, "SUB_AREA": 91.9 }, "geometry": { "type": "Polygon", "coordinates": [ [ [ -8.158686659071149, 42.147575547960088 ], [ -8.162146674262122, 42.144091118706619 ], [ -8.162853325737816, 42.139242214626755 ], [ -8.166652086045975, 42.135416666666686 ], [ -8.162146674262122, 42.1308797200521 ], [ -8.162853325737816, 42.122575547960089 ], [ -8.167019992404482, 42.118379720052104 ], [ -8.166313340928788, 42.105908881293423 ], [ -8.162853325737816, 42.102424452039948 ], [ -8.162146674262122, 42.097575547960091 ], [ -8.158686659071149, 42.094091118706615 ], [ -8.157980007595455, 42.085075547960088 ], [ -8.154519992404483, 42.081591118706619 ], [ -8.154166666666635, 42.079166666666687 ], [ -8.154733954535558, 42.076956176757847 ], [ -8.157766045464378, 42.073043823242223 ], [ -8.158900621202225, 42.068622843424514 ], [ -8.170266045464379, 42.056377156575557 ], [ -8.171732923719587, 42.050661214192743 ], [ -8.179166666666635, 42.05 ], [ -8.182482571072018, 42.050850762261305 ], [ -8.184184095594587, 42.057482571072072 ], [ -8.189710489908823, 42.058900621202277 ], [ -8.193622843424448, 42.061932712131096 ], [ -8.198043823242156, 42.063067287868947 ], [ -8.201956176757781, 42.066099378797759 ], [ -8.209079996744761, 42.06723395453561 ], [ -8.214456176757782, 42.063067287868947 ], [ -8.223043823242158, 42.061932712131096 ], [ -8.227083333333303, 42.058801947699671 ], [ -8.23125, 42.062031385633702 ], [ -8.235416666666636, 42.058801947699671 ], [ -8.239456176757782, 42.061932712131096 ], [ -8.24387715657549, 42.063067287868947 ], [ -8.247789510091115, 42.066099378797759 ], [ -8.259079996744761, 42.06723395453561 ], [ -8.264456176757783, 42.063067287868947 ], [ -8.290451727973061, 42.061932712131096 ], [ -8.291666666666636, 42.066666666666684 ], [ -8.291313340928788, 42.081591118706619 ], [ -8.287853325737817, 42.085075547960088 ], [ -8.287146674262122, 42.098257785373285 ], [ -8.283686659071151, 42.101742214626753 ], [ -8.282980007595455, 42.105879720052101 ], [ -8.287146674262122, 42.110075547960086 ], [ -8.2875, 42.1125 ], [ -8.286573621961775, 42.115740288628494 ], [ -8.281173027886254, 42.117284138997412 ], [ -8.277160305447019, 42.12021586100262 ], [ -8.26033969455292, 42.121450805664082 ], [ -8.255028279622366, 42.125330946180576 ], [ -8.253366088867157, 42.136749606662349 ], [ -8.240929836697017, 42.138117472330748 ], [ -8.231326972113685, 42.129784138997415 ], [ -8.228429836697018, 42.12854919433596 ], [ -8.218826972113684, 42.136882527669293 ], [ -8.210339694552921, 42.138117472330748 ], [ -8.197624789423562, 42.15 ], [ -8.15855669307539, 42.15 ], [ -8.158686659071149, 42.147575547960088 ] ] ] } },
{ "type": "Feature", "properties": { "HYBAS_ID": 2120599271, "NEXT_DOWN": 2121209182, "PFAF_ID": 231902108000, "SUB_AREA": 62.8 }, "geometry": { "type": "Polygon", "coordinates": [ [ [ -8.102210489908822, 42.071400621202294 ], [ -8.106258816189204, 42.074538167317741 ], [ -8.114456176757781, 42.067233954535624 ], [ -8.12157999674476, 42.06609937879778 ], [ -8.12695617675778, 42.070266045464443 ], [ -8.144927639431392, 42.07147098117408 ], [ -8.146732923719586, 42.078505452473991 ], [ -8.154166666666635, 42.079166666666687 ], [ -8.154519992404483, 42.081591118706619 ], [ -8.157980007595455, 42.085075547960088 ], [ -8.158686659071149, 42.094091118706615 ], [ -8.162146674262122, 42.097575547960091 ], [ -8.162853325737816, 42.102424452039948 ], [ -8.166313340928788, 42.105908881293423 ], [ -8.167019992404482, 42.118379720052104 ], [ -8.162853325737816, 42.122575547960089 ], [ -8.162146674262122, 42.1308797200521 ], [ -8.166652086045975, 42.135416666666686 ], [ -8.162853325737816, 42.139242214626755 ], [ -8.162146674262122, 42.144091118706619 ], [ -8.158686659071149, 42.147575547960088 ], [ -8.15855669307539, 42.15 ], [ -8.123193145297462, 42.15 ], [ -8.11887715657549, 42.146400621202275 ], [ -8.113145616319413, 42.144929673936652 ], [ -8.100567287868891, 42.131377156575539 ], [ -8.1, 42.129166721617523 ], [ -8.1, 42.070833350736983 ], [ -8.102210489908822, 42.071400621202294 ] ] ] } },
{ "type": "Feature", "properties": { "HYBAS_ID": 2120599272, "NEXT_DOWN": 2120599271, "PFAF_ID": 231902108000, "SUB_AREA": 70.7 }, "geometry": { "type": "Polygon", "coordinates": [ [ [ -8.100567287868891, 42.131377156575539 ], [ -8.113145616319413, 42.144929673936652 ], [ -8.11887715657549, 42.146400621202275 ], [ -8.123193145297462, 42.15 ], [ -8.1, 42.15 ], [ -8.1, 42.129166721617523 ], [ -8.100567287868891, 42.131377156575539 ] ] ] } },
{ "type": "Feature", "properties": { "HYBAS_ID": 2120601290, "NEXT_DOWN": 2120601950, "PFAF_ID": 231902104100, "SUB_AREA": 134.2 }, "geometry": { "type": "Polygon", "coordinates": [ [ [ -8.393877156575492, 42.149432712131095 ], [ -8.401956176757782, 42.142233954535612 ], [ -8.406377156575491, 42.141099378797762 ], [ -8.410416666666638, 42.137968614366336 ], [ -8.414456176757783, 42.141099378797762 ], [ -8.423043823242159, 42.142233954535612 ], [ -8.426956176757784, 42.145266045464432 ], [ -8.450746663411429, 42.146400621202275 ], [ -8.456122843424449, 42.142233954535612 ], [ -8.469933742947021, 42.141005452473976 ], [ -8.471400621202228, 42.13528951009117 ], [ -8.478704833984345, 42.127092149522589 ], [ -8.475567287868895, 42.123043823242206 ], [ -8.474432712131048, 42.120086669921896 ], [ -8.478599378797714, 42.114710489908873 ], [ -8.479875013563339, 42.105054050021721 ], [ -8.485543823242159, 42.10359937879776 ], [ -8.493622843424451, 42.096400621202278 ], [ -8.49804382324216, 42.095266045464427 ], [ -8.50612284342445, 42.088067287868945 ], [ -8.5125, 42.0875 ], [ -8.5125, 42.08333333333335 ], [ -8.514710489908826, 42.083900621202275 ], [ -8.522789510091117, 42.091099378797765 ], [ -8.528315904405353, 42.09251742892797 ], [ -8.530017428927923, 42.099149237738736 ], [ -8.535543823242159, 42.100567287868941 ], [ -8.540929836697021, 42.105059136284744 ], [ -8.542233954535561, 42.113246663411481 ], [ -8.538067287868895, 42.118622843424497 ], [ -8.536932712131048, 42.127951727973112 ], [ -8.543877156575492, 42.12973395453561 ], [ -8.547789510091118, 42.132766045464429 ], [ -8.552210489908827, 42.13390062120228 ], [ -8.56922228398161, 42.15 ], [ -8.389583333333466, 42.15 ], [ -8.393877156575492, 42.149432712131095 ] ] ] } },
{ "type": "Feature", "properties": { "HYBAS_ID": 2120601810, "NEXT_DOWN": 2121210050, "PFAF_ID": 231902102000, "SUB_AREA": 142.3 }, "geometry": { "type": "Polygon", "coordinates": [ [ [ -8.579809570312472, 42.131198459201407 ], [ -8.582727050781223, 42.127083333333353 ], [ -8.579809570312472, 42.122968207465298 ], [ -8.578523763020804, 42.118698459201411 ], [ -8.575606282552055, 42.11458333333335 ], [ -8.578523763020804, 42.110468207465296 ], [ -8.579809570312472, 42.106198459201408 ], [ -8.582690429687471, 42.102134874131963 ], [ -8.583976236979138, 42.097865125868076 ], [ -8.596044582790771, 42.08452419704863 ], [ -8.602134874131917, 42.082690429687517 ], [ -8.606198459201361, 42.07980957031252 ], [ -8.628390163845459, 42.078446790907137 ], [ -8.629911634657091, 42.063530137803838 ], [ -8.633333333333306, 42.0625 ], [ -8.632980007595458, 42.060075547960089 ], [ -8.629519992404486, 42.056591118706613 ], [ -8.629166666666638, 42.054166666666703 ], [ -8.649084472656222, 42.054765150282151 ], [ -8.650567287868896, 42.06054382324222 ], [ -8.655086263020806, 42.06596238878042 ], [ -8.664710489908828, 42.067233954535624 ], [ -8.668622843424451, 42.070266045464443 ], [ -8.674291653103271, 42.071720716688404 ], [ -8.675567287868896, 42.081377156575556 ], [ -8.680157131618897, 42.086880832248298 ], [ -8.69166666666664, 42.0875 ], [ -8.692284138997369, 42.110493638780405 ], [ -8.696450805664035, 42.116197374131964 ], [ -8.695138888888861, 42.136691284179705 ], [ -8.683664279513861, 42.138361612955748 ], [ -8.679784138997368, 42.143673027886308 ], [ -8.678549194335911, 42.147993638780399 ], [ -8.677083333333321, 42.15 ], [ -8.578654978855859, 42.15 ], [ -8.579809570312472, 42.131198459201407 ] ] ] } },
{ "type": "Feature", "properties": { "HYBAS_ID": 2120601380, "NEXT_DOWN": 2120601350, "PFAF_ID": 231902107100, "SUB_AREA": 142.8 }, "geometry": { "type": "Polygon", "coordinates": [ [ [ -8.3875, 42.075 ], [ -8.386932712131047, 42.081377156575542 ], [ -8.383900621202226, 42.085289510091165 ], [ -8.382766045464379, 42.089710489908875 ], [ -8.363067287868894, 42.110289510091164 ], [ -8.361649237738686, 42.115815904405402 ], [ -8.354840426974796, 42.117563205295156 ], [ -8.353599378797714, 42.129913330078146 ], [ -8.357766045464381, 42.13528951009117 ], [ -8.358900621202228, 42.138246663411479 ], [ -8.354733954535561, 42.143622843424502 ], [ -8.354390845259124, 42.15 ], [ -8.268747895547925, 42.15 ], [ -8.278813340928789, 42.139924452039949 ], [ -8.279519992404484, 42.135075547960092 ], [ -8.282980007595455, 42.131591118706616 ], [ -8.283686659071151, 42.126742214626759 ], [ -8.291313340928788, 42.119091118706621 ], [ -8.291666666666636, 42.1125 ], [ -8.2875, 42.1125 ], [ -8.287146674262122, 42.110075547960086 ], [ -8.282980007595455, 42.105879720052101 ], [ -8.283686659071151, 42.101742214626753 ], [ -8.287146674262122, 42.098257785373285 ], [ -8.287853325737817, 42.085075547960088 ], [ -8.291313340928788, 42.081591118706619 ], [ -8.291666666666636, 42.066666666666684 ], [ -8.294091118706566, 42.066313340928836 ], [ -8.29757554796004, 42.062853325737869 ], [ -8.368379720052054, 42.062146674262173 ], [ -8.372575547960039, 42.066313340928836 ], [ -8.381591118706567, 42.067019992404532 ], [ -8.385075547960039, 42.070480007595506 ], [ -8.3875, 42.070833333333354 ], [ -8.3875, 42.075 ] ] ] } },
{ "type": "Feature", "properties": { "HYBAS_ID": 2121209182, "NEXT_DOWN": 2121209181, "PFAF_ID": 231902107200, "SUB_AREA": 57.0 }, "geometry": { "type": "Polygon", "coordinates": [ [ [ -8.210339694552921, 42.138117472330748 ], [ -8.218826972113684, 42.136882527669293 ], [ -8.228429836697018, 42.12854919433596 ], [ -8.231326972113685, 42.129784138997415 ], [ -8.240929836697017, 42.138117472330748 ], [ -8.253366088867157, 42.136749606662349 ], [ -8.255028279622366, 42.125330946180576 ], [ -8.26033969455292, 42.121450805664082 ], [ -8.277160305447019, 42.12021586100262 ], [ -8.281173027886254, 42.117284138997412 ], [ -8.286573621961775, 42.115740288628494 ], [ -8.2875, 42.1125 ], [ -8.291666666666636, 42.1125 ], [ -8.291313340928788, 42.119091118706621 ], [ -8.283686659071151, 42.126742214626759 ], [ -8.282980007595455, 42.131591118706616 ], [ -8.279519992404484, 42.135075547960092 ], [ -8.278813340928789, 42.139924452039949 ], [ -8.268747895547925, 42.15 ], [ -8.197624789423562, 42.15 ], [ -8.210339694552921, 42.138117472330748 ] ] ] } },
{ "type": "Feature", "properties": { "HYBAS_ID": 2120019330, "NEXT_DOWN": 0, "PFAF_ID": 231903001200, "SUB_AREA": 354.3 }, "geometry": { "type": "Polygon", "coordinates": [ [ [ -8.891741265190946, 42.042879231770854 ], [ -8.888056776258654, 42.047923109266513 ], [ -8.895215861002578, 42.056173027886302 ], [ -8.896450805664037, 42.06466030544707 ], [ -8.899438476562475, 42.06875 ], [ -8.896394856770808, 42.072916666666686 ], [ -8.899438476562475, 42.077083333333356 ], [ -8.896450805664037, 42.081173027886301 ], [ -8.895215861002578, 42.096302625868077 ], [ -8.899382527669246, 42.102006361219637 ], [ -8.9, 42.104166666666771 ], [ -8.9, 42.11493104404525 ], [ -8.899151272243898, 42.115992228190123 ], [ -8.872839694552926, 42.117284138997412 ], [ -8.864660305447023, 42.12438252766929 ], [ -8.856173027886259, 42.125617472330745 ], [ -8.852160305447022, 42.12854919433596 ], [ -8.842666286892335, 42.129784138997415 ], [ -8.840870836045982, 42.117448255750887 ], [ -8.830534532335044, 42.116049194335957 ], [ -8.828549194335912, 42.1229936387804 ], [ -8.821450805664035, 42.131173027886305 ], [ -8.820215861002579, 42.140298800998281 ], [ -8.827160305447023, 42.142284138997418 ], [ -8.831173027886258, 42.145215861002626 ], [ -8.846302625868029, 42.146450805664081 ], [ -8.852006361219592, 42.142284138997418 ], [ -8.854635959201364, 42.141049194335956 ], [ -8.860416666666641, 42.145271809895853 ], [ -8.865550062391467, 42.141521877712691 ], [ -8.86728413899737, 42.149000379774328 ], [ -8.860416974274841, 42.15 ], [ -8.677083333333321, 42.15 ], [ -8.678549194335911, 42.147993638780399 ], [ -8.679784138997368, 42.143673027886308 ], [ -8.683664279513861, 42.138361612955748 ], [ -8.695138888888861, 42.136691284179705 ], [ -8.696450805664035, 42.116197374131964 ], [ -8.692284138997369, 42.110493638780405 ], [ -8.69166666666664, 42.0875 ], [ -8.692803955078098, 42.083068678114188 ], [ -8.699253336588514, 42.088067287868959 ], [ -8.715762668185736, 42.086855570475294 ], [ -8.717233954535564, 42.081122843424517 ], [ -8.724432712131049, 42.073043823242223 ], [ -8.725567287868897, 42.068622843424514 ], [ -8.728599378797716, 42.06471048990889 ], [ -8.729166666666639, 42.0625 ], [ -8.752210489908828, 42.063067287868961 ], [ -8.764456176757786, 42.074432712131113 ], [ -8.776025390624973, 42.075567287868957 ], [ -8.797789510091119, 42.054733954535628 ], [ -8.803315904405355, 42.053315734863318 ], [ -8.80416666666664, 42.05 ], [ -8.810468207465252, 42.049357096354186 ], [ -8.814531792534696, 42.046476236979188 ], [ -8.832417805989557, 42.045190429687523 ], [ -8.834226142035565, 42.062920803493945 ], [ -8.843698459201363, 42.054809570312521 ], [ -8.847968207465252, 42.053523763020856 ], [ -8.852031792534696, 42.050642903645851 ], [ -8.856301540798585, 42.049357096354186 ], [ -8.860365125868029, 42.046476236979188 ], [ -8.881301540798585, 42.045190429687523 ], [ -8.885365125868031, 42.042309570312518 ], [ -8.8875, 42.041666666666686 ], [ -8.891741265190946, 42.042879231770854 ] ] ] } }
]
}
